frame,cluster,job,terminated_normally,scf_converged,tddft_finished,has_error_flag,final_single_point_energy_Eh,n_point_charges_file,n_point_charges_orca,point_charge_total,total_runtime_min,out_file,S1_au,S1_eV,S1_cm-1,S2_au,S2_eV,S2_cm-1,S3_au,S3_eV,S3_cm-1,S4_au,S4_eV,S4_cm-1,S5_au,S5_eV,S5_cm-1,S6_au,S6_eV,S6_cm-1,S7_au,S7_eV,S7_cm-1,S8_au,S8_eV,S8_cm-1,S9_au,S9_eV,S9_cm-1,S10_au,S10_eV,S10_cm-1,f1,lambda1_nm,f2,lambda2_nm,f3,lambda3_nm,f4,lambda4_nm,f5,lambda5_nm,f6,lambda6_nm,f7,lambda7_nm,f8,lambda8_nm,f9,lambda9_nm,f10,lambda10_nm,dipole_D
0,PYR2,frame000_PYR2_embedding,True,True,True,False,-615.011455519958,100,100,0.0,5.083333333333333,runs/phase1A/day016_md_bath_extraction/orca_embedding_pilot_inputs/frame000_PYR2_embedding/frame000_PYR2_embedding.out,0.146956,3.999,32253.0,0.149506,4.068,32812.8,0.172038,4.681,37758.0,0.188082,5.118,41279.2,0.201026,5.47,44120.2,0.211142,5.745,46340.3,0.226125,6.153,49628.7,0.226861,6.173,49790.1,0.230182,6.264,50519.0,0.236142,6.426,51827.1,0.001619329,310.0,0.493214356,304.8,0.006243263,264.8,0.003345223,242.3,0.585207161,226.7,0.019204348,215.8,0.029999487,201.5,0.067927853,200.8,1.196422728,197.9,0.011943097,192.9,1.231000132
0,PYR3,frame000_PYR3_embedding,True,True,True,False,-615.003781622928,76,76,0.0,8.55,runs/phase1A/day016_md_bath_extraction/orca_embedding_pilot_inputs/frame000_PYR3_embedding/frame000_PYR3_embedding.out,0.147016,4.0,32266.2,0.149904,4.079,32900.2,0.172387,4.691,37834.5,0.186877,5.085,41014.8,0.20201,5.497,44336.0,0.210547,5.729,46209.7,0.225587,6.139,49510.6,0.226783,6.171,49773.2,0.230009,6.259,50481.0,0.23524,6.401,51629.3,0.007854502,309.9,0.504489664,303.9,0.001152673,264.3,0.000711882,243.8,0.62834005,225.6,0.006677915,216.4,0.00767949,202.0,0.000645225,200.9,1.213169928,198.1,0.002940212,193.7,0.916530853
0,PYR4,frame000_PYR4_embedding,True,True,True,False,-615.006008892435,88,88,0.0,8.666666666666666,runs/phase1A/day016_md_bath_extraction/orca_embedding_pilot_inputs/frame000_PYR4_embedding/frame000_PYR4_embedding.out,0.147459,4.013,32363.5,0.15031,4.09,32989.2,0.171008,4.653,37531.8,0.189828,5.165,41662.4,0.202611,5.513,44468.0,0.210938,5.74,46295.5,0.224973,6.122,49375.8,0.227034,6.178,49828.3,0.230702,6.278,50633.2,0.235924,6.42,51779.3,0.01561255,309.0,0.503190422,303.1,0.000421303,266.4,0.000201811,240.0,0.631576437,224.9,0.001949463,216.0,0.003582129,202.5,0.00058809,200.7,1.209796823,197.5,0.002376212,193.1,0.490450964
0,PYR5,frame000_PYR5_embedding,True,True,True,False,-614.993211813421,120,120,0.0,8.433333333333334,runs/phase1A/day016_md_bath_extraction/orca_embedding_pilot_inputs/frame000_PYR5_embedding/frame000_PYR5_embedding.out,0.138884,3.779,30481.5,0.141299,3.845,31011.6,0.159734,4.347,35057.5,0.169626,4.616,37228.6,0.196039,5.335,43025.7,0.201367,5.479,44195.1,0.216715,5.897,47563.5,0.217855,5.928,47813.7,0.221198,6.019,48547.4,0.228726,6.224,50199.6,0.652757565,328.1,0.021233224,322.5,0.000149377,285.2,0.002954769,268.6,0.551533604,232.4,0.000789345,226.3,0.001292059,210.2,0.005722283,209.1,0.002902619,206.0,0.600859698,199.2,1.552143735
1,PYR2,frame001_PYR2_embedding,True,True,True,False,-615.01357896403,168,168,0.0,8.866666666666667,runs/phase1A/day016_md_bath_extraction/orca_embedding_pilot_inputs/frame001_PYR2_embedding/frame001_PYR2_embedding.out,0.146774,3.994,32213.3,0.15005,4.083,32932.2,0.17134,4.662,37604.8,0.188397,5.127,41348.3,0.202135,5.5,44363.6,0.210776,5.735,46259.9,0.225179,6.127,49421.0,0.226957,6.176,49811.3,0.230178,6.263,50518.2,0.236782,6.443,51967.5,0.031320949,310.4,0.479081305,303.7,0.00070675,265.9,0.001611009,241.8,0.626122888,225.4,0.002780447,216.2,0.009423986,202.3,0.035575548,200.8,1.179683088,197.9,0.00425758,192.4,1.448856375
1,PYR3,frame001_PYR3_embedding,True,True,True,False,-615.018324286547,160,160,0.0,8.9,runs/phase1A/day016_md_bath_extraction/orca_embedding_pilot_inputs/frame001_PYR3_embedding/frame001_PYR3_embedding.out,0.147351,4.01,32339.7,0.149396,4.065,32788.7,0.170731,4.646,37471.1,0.188285,5.124,41323.8,0.201556,5.485,44236.5,0.211203,5.747,46353.8,0.225118,6.126,49407.7,0.227273,6.184,49880.6,0.231121,6.289,50725.2,0.237118,6.452,52041.4,0.034273552,309.2,0.471984456,305.0,0.006039859,266.9,0.013134913,242.0,0.561175451,226.1,0.019757072,215.7,0.044805057,202.4,0.073413336,200.5,1.106151862,197.1,0.015781059,192.2,2.149698533
1,PYR4,frame001_PYR4_embedding,True,True,True,False,-615.009431461248,120,120,0.0,8.833333333333334,runs/phase1A/day016_md_bath_extraction/orca_embedding_pilot_inputs/frame001_PYR4_embedding/frame001_PYR4_embedding.out,0.147615,4.017,32397.8,0.150255,4.089,32977.2,0.169627,4.616,37228.7,0.191456,5.21,42019.8,0.202633,5.514,44472.8,0.211048,5.743,46319.8,0.224744,6.116,49325.5,0.227191,6.182,49862.6,0.231116,6.289,50724.1,0.236266,6.429,51854.3,0.001991247,308.7,0.518123726,303.2,0.001367023,268.6,0.000165045,238.0,0.626120014,224.9,0.001836001,215.9,0.00488349,202.7,0.008434805,200.6,1.208981972,197.1,0.002577671,192.8,0.325371304
1,PYR5,frame001_PYR5_embedding,True,True,True,False,-615.008259836975,180,180,0.0,8.75,runs/phase1A/day016_md_bath_extraction/orca_embedding_pilot_inputs/frame001_PYR5_embedding/frame001_PYR5_embedding.out,0.13804,3.756,30296.3,0.141084,3.839,30964.4,0.158119,4.303,34703.1,0.169975,4.625,37305.1,0.19495,5.305,42786.6,0.20125,5.476,44169.2,0.217128,5.908,47654.1,0.217565,5.92,47750.0,0.221507,6.028,48615.2,0.229064,6.233,50273.8,0.66052015,330.1,0.013751886,323.0,0.000279067,288.2,0.00125064,268.1,0.557676375,233.7,0.003521446,226.4,0.000385473,209.8,0.003124777,209.4,0.00051201,205.7,0.595740468,198.9,2.234150702
2,PYR2,frame002_PYR2_embedding,True,True,True,False,-615.012539140844,140,140,0.0,8.65,runs/phase1A/day016_md_bath_extraction/orca_embedding_pilot_inputs/frame002_PYR2_embedding/frame002_PYR2_embedding.out,0.147327,4.009,32334.6,0.150441,4.094,33018.0,0.168624,4.588,37008.7,0.191145,5.201,41951.6,0.202772,5.518,44503.3,0.211039,5.743,46317.8,0.224444,6.107,49259.7,0.227144,6.181,49852.3,0.23049,6.272,50586.7,0.237755,6.47,52181.1,0.008972148,309.3,0.50924132,302.9,0.002055569,270.2,0.005802056,238.4,0.605878495,224.7,0.006290285,215.9,0.005306969,203.0,0.010720603,200.6,1.165530248,197.7,0.000434379,191.6,1.380070427
2,PYR3,frame002_PYR3_embedding,True,True,True,False,-615.017514198083,180,180,0.0,8.733333333333333,runs/phase1A/day016_md_bath_extraction/orca_embedding_pilot_inputs/frame002_PYR3_embedding/frame002_PYR3_embedding.out,0.147479,4.013,32368.0,0.150167,4.086,32957.9,0.17272,4.7,37907.6,0.186127,5.065,40850.2,0.202304,5.505,44400.6,0.21068,5.733,46239.0,0.225142,6.126,49412.9,0.227745,6.197,49984.2,0.230292,6.267,50543.2,0.237175,6.454,52053.9,0.011531162,308.9,0.493704464,303.4,0.000683722,263.8,0.009192607,244.8,0.609966045,225.2,0.010810674,216.3,0.020592729,202.4,0.01349182,200.1,1.141890117,197.9,0.002544024,192.1,1.943994331
2,PYR4,frame002_PYR4_embedding,True,True,True,False,-615.011343300564,156,156,0.0,8.583333333333334,runs/phase1A/day016_md_bath_extraction/orca_embedding_pilot_inputs/frame002_PYR4_embedding/frame002_PYR4_embedding.out,0.147757,4.021,32428.9,0.150422,4.093,33013.9,0.170413,4.637,37401.3,0.189878,5.167,41673.4,0.202757,5.517,44500.0,0.210968,5.741,46302.1,0.225043,6.124,49391.3,0.227284,6.185,49883.0,0.231068,6.288,50713.6,0.236235,6.428,51847.7,0.009617,308.4,0.511090468,302.9,0.000128653,267.4,0.000471489,240.0,0.629458633,224.7,0.002929692,216.0,0.001015977,202.5,0.014500074,200.5,1.17978164,197.2,0.000574669,192.9,1.066270644
2,PYR5,frame002_PYR5_embedding,True,True,True,False,-614.991379417052,172,172,0.0,9.066666666666666,runs/phase1A/day016_md_bath_extraction/orca_embedding_pilot_inputs/frame002_PYR5_embedding/frame002_PYR5_embedding.out,0.138867,3.779,30477.7,0.141368,3.847,31026.6,0.162852,4.431,35741.9,0.16693,4.542,36636.9,0.19512,5.309,42823.9,0.201324,5.478,44185.5,0.217,5.905,47626.0,0.218152,5.936,47878.7,0.221588,6.03,48632.9,0.228112,6.207,50064.9,0.637471618,328.1,0.011913246,322.3,0.000415723,279.8,0.008139447,272.9,0.542812697,233.5,0.00416464,226.3,0.002386525,210.0,0.023460628,208.9,0.000386428,205.6,0.641347047,199.7,1.044396718
3,PYR2,frame003_PYR2_embedding,True,True,True,False,-615.01154489378,168,168,0.0,8.583333333333334,runs/phase1A/day016_md_bath_extraction/orca_embedding_pilot_inputs/frame003_PYR2_embedding/frame003_PYR2_embedding.out,0.147538,4.015,32380.9,0.150819,4.104,33101.1,0.171262,4.66,37587.7,0.189021,5.144,41485.4,0.202578,5.512,44460.7,0.210867,5.738,46279.8,0.225805,6.144,49558.5,0.227312,6.185,49889.3,0.230188,6.264,50520.4,0.236795,6.444,51970.4,0.008822701,308.8,0.497305626,302.1,0.00060724,266.0,0.002886027,241.0,0.620269935,224.9,0.009746587,216.1,0.011174345,201.8,0.015817571,200.4,1.19019525,197.9,0.001067093,192.4,1.118631635
3,PYR3,frame003_PYR3_embedding,True,True,True,False,-615.014492349846,168,168,0.0,8.95,runs/phase1A/day016_md_bath_extraction/orca_embedding_pilot_inputs/frame003_PYR3_embedding/frame003_PYR3_embedding.out,0.147158,4.004,32297.5,0.149614,4.071,32836.5,0.168987,4.598,37088.4,0.190269,5.177,41759.3,0.20236,5.507,44413.0,0.210805,5.736,46266.3,0.224747,6.116,49326.4,0.227054,6.178,49832.7,0.230495,6.272,50587.8,0.236268,6.429,51854.9,0.002358639,309.6,0.502294183,304.5,0.006711272,269.6,0.033333793,239.5,0.556655153,225.2,0.026125358,216.1,0.014134832,202.7,0.01022242,200.7,1.209728759,197.7,0.007029629,192.8,2.065674103
3,PYR4,frame003_PYR4_embedding,True,True,True,False,-615.022338064933,152,152,0.0,8.583333333333334,runs/phase1A/day016_md_bath_extraction/orca_embedding_pilot_inputs/frame003_PYR4_embedding/frame003_PYR4_embedding.out,0.147699,4.019,32416.2,0.150579,4.097,33048.2,0.171913,4.678,37730.6,0.188643,5.133,41402.4,0.203024,5.525,44558.7,0.211255,5.749,46365.1,0.224511,6.109,49274.4,0.227747,6.197,49984.7,0.230896,6.283,50675.9,0.238428,6.488,52328.9,0.008492849,308.5,0.509273163,302.6,8.3009e-05,265.0,0.001660872,241.5,0.623851184,224.4,0.000926989,215.7,0.002826664,202.9,0.001774644,200.1,1.169614474,197.3,0.010456735,191.1,1.152260977
3,PYR5,frame003_PYR5_embedding,True,True,True,False,-614.998996498469,176,176,0.0,8.566666666666666,runs/phase1A/day016_md_bath_extraction/orca_embedding_pilot_inputs/frame003_PYR5_embedding/frame003_PYR5_embedding.out,0.137792,3.75,30241.8,0.141552,3.852,31067.0,0.161483,4.394,35441.4,0.167835,4.567,36835.4,0.195215,5.312,42844.8,0.201605,5.486,44247.1,0.216536,5.892,47524.2,0.218707,5.951,48000.5,0.221139,6.017,48534.4,0.228931,6.23,50244.5,0.61541292,330.7,0.04265182,321.9,0.003203713,282.2,0.008845773,271.5,0.539766818,233.4,0.001235468,226.0,0.001209301,210.4,0.029071093,208.3,0.00100063,206.0,0.625296194,199.0,2.368216077
4,PYR2,frame004_PYR2_embedding,True,True,True,False,-615.00634785753,164,164,0.0,8.533333333333333,runs/phase1A/day016_md_bath_extraction/orca_embedding_pilot_inputs/frame004_PYR2_embedding/frame004_PYR2_embedding.out,0.147533,4.015,32379.7,0.150692,4.101,33073.0,0.172751,4.701,37914.6,0.18704,5.09,41050.5,0.202578,5.512,44460.7,0.210865,5.738,46279.6,0.225813,6.145,49560.2,0.227278,6.185,49881.8,0.230094,6.261,50499.7,0.236934,6.447,52001.0,0.011136967,308.8,0.498540213,302.4,0.00037094,263.8,0.002433067,243.6,0.624776403,224.9,0.002679018,216.1,0.004249566,201.8,0.020360291,200.5,1.167468034,198.0,0.003337416,192.3,0.576479764
4,PYR3,frame004_PYR3_embedding,True,True,True,False,-615.018405487627,164,164,0.0,8.5,runs/phase1A/day016_md_bath_extraction/orca_embedding_pilot_inputs/frame004_PYR3_embedding/frame004_PYR3_embedding.out,0.147523,4.014,32377.6,0.150487,4.095,33028.1,0.169475,4.612,37195.6,0.190789,5.192,41873.3,0.203052,5.525,44564.8,0.211106,5.744,46332.4,0.224276,6.103,49222.9,0.227282,6.185,49882.6,0.230846,6.282,50664.9,0.237758,6.47,52181.8,0.007055467,308.9,0.518861417,302.8,2.0447e-05,268.8,0.001318058,238.8,0.615608215,224.4,0.000646204,215.8,0.001140218,203.2,0.015352092,200.5,1.152140785,197.4,0.002118538,191.6,1.078524437
4,PYR4,frame004_PYR4_embedding,True,True,True,False,-615.012869929371,156,156,0.0,8.583333333333334,runs/phase1A/day016_md_bath_extraction/orca_embedding_pilot_inputs/frame004_PYR4_embedding/frame004_PYR4_embedding.out,0.147897,4.024,32459.6,0.15021,4.087,32967.4,0.170169,4.631,37347.9,0.189682,5.162,41630.4,0.202693,5.516,44485.9,0.211065,5.743,46323.3,0.22433,6.104,49234.7,0.227217,6.183,49868.5,0.231255,6.293,50754.6,0.236963,6.448,52007.4,0.002471251,308.1,0.522246322,303.3,0.00121264,267.8,0.004719197,240.2,0.612772933,224.8,0.007029869,215.9,0.012933448,203.1,0.007046837,200.5,1.146860922,197.0,0.003329699,192.3,0.757645013
4,PYR5,frame004_PYR5_embedding,True,True,True,False,-614.993541776959,164,164,0.0,8.483333333333333,runs/phase1A/day016_md_bath_extraction/orca_embedding_pilot_inputs/frame004_PYR5_embedding/frame004_PYR5_embedding.out,0.138209,3.761,30333.4,0.140216,3.815,30773.9,0.158694,4.318,34829.3,0.17159,4.669,37659.6,0.195271,5.314,42857.0,0.201246,5.476,44168.3,0.216145,5.882,47438.4,0.218118,5.935,47871.3,0.221082,6.016,48521.9,0.228456,6.217,50140.2,0.648594776,329.7,0.015547838,325.0,0.002119458,287.1,0.003669829,265.5,0.542690842,233.3,0.000639238,226.4,0.007021067,210.8,0.016730374,208.9,0.005239167,206.1,0.676487507,199.4,2.366721426
5,PYR2,frame005_PYR2_embedding,True,True,True,False,-615.015604754679,144,144,0.0,8.633333333333333,runs/phase1A/day016_md_bath_extraction/orca_embedding_pilot_inputs/frame005_PYR2_embedding/frame005_PYR2_embedding.out,0.147217,4.006,32310.4,0.149499,4.068,32811.3,0.173131,4.711,37998.0,0.186516,5.075,40935.6,0.200313,5.451,43963.6,0.211467,5.754,46411.5,0.226907,6.174,49800.3,0.227164,6.181,49856.7,0.230222,6.265,50528.0,0.236811,6.444,51974.0,0.058605874,309.5,0.424630393,304.8,0.009121398,263.2,0.004668437,244.3,0.550214284,227.5,0.028965776,215.5,0.047477288,200.8,0.115049565,200.6,1.110588828,197.9,0.022411515,192.4,1.996653352
5,PYR3,frame005_PYR3_embedding,True,True,True,False,-615.010875450228,192,192,0.0,8.816666666666666,runs/phase1A/day016_md_bath_extraction/orca_embedding_pilot_inputs/frame005_PYR3_embedding/frame005_PYR3_embedding.out,0.146805,3.995,32220.0,0.148912,4.052,32682.3,0.170626,4.643,37448.1,0.188763,5.137,41428.8,0.201059,5.471,44127.4,0.211057,5.743,46321.6,0.224676,6.114,49310.6,0.226851,6.173,49788.0,0.230667,6.277,50625.6,0.236167,6.426,51832.6,0.0088556,310.4,0.501037835,306.0,0.008696042,267.0,0.003644337,241.4,0.585320878,226.6,0.023717447,215.9,0.023655899,202.8,0.004465322,200.9,1.211586954,197.5,0.011107141,192.9,2.339854038
5,PYR4,frame005_PYR4_embedding,True,True,True,False,-615.016333553527,180,180,0.0,8.6,runs/phase1A/day016_md_bath_extraction/orca_embedding_pilot_inputs/frame005_PYR4_embedding/frame005_PYR4_embedding.out,0.148253,4.034,32537.7,0.150254,4.089,32976.8,0.173532,4.722,38085.9,0.187662,5.107,41187.1,0.202205,5.502,44378.9,0.211656,5.759,46453.0,0.226155,6.154,49635.4,0.227825,6.199,50001.8,0.23131,6.294,50766.6,0.2362,6.427,51839.9,0.00846338,307.3,0.501976497,303.2,0.003907038,262.6,0.001903695,242.8,0.588891677,225.3,0.013037483,215.3,0.025434688,201.5,0.052307447,200.0,1.146275327,197.0,0.006769232,192.9,1.665576116
5,PYR5,frame005_PYR5_embedding,True,True,True,False,-614.996579225859,188,188,0.0,8.416666666666666,runs/phase1A/day016_md_bath_extraction/orca_embedding_pilot_inputs/frame005_PYR5_embedding/frame005_PYR5_embedding.out,0.139535,3.797,30624.4,0.142257,3.871,31221.7,0.159904,4.351,35094.9,0.170513,4.64,37423.2,0.196252,5.34,43072.4,0.201852,5.493,44301.5,0.217112,5.908,47650.6,0.218733,5.952,48006.3,0.221794,6.035,48678.3,0.229054,6.233,50271.5,0.647307662,326.5,0.020591079,320.3,0.000467882,284.9,0.001176296,267.2,0.552115429,232.2,0.004940383,225.7,0.000737844,209.9,0.007550074,208.3,0.002192528,205.4,0.569266515,198.9,1.21690494
6,PYR2,frame006_PYR2_embedding,True,True,True,False,-615.020119354249,140,140,0.0,9.0,runs/phase1A/day016_md_bath_extraction/orca_embedding_pilot_inputs/frame006_PYR2_embedding/frame006_PYR2_embedding.out,0.147542,4.015,32381.7,0.149961,4.081,32912.6,0.171475,4.666,37634.4,0.188432,5.128,41356.1,0.201593,5.486,44244.5,0.211278,5.749,46370.3,0.225263,6.13,49439.5,0.226993,6.177,49819.3,0.231161,6.29,50734.1,0.238274,6.484,52295.1,0.018233407,308.8,0.486883676,303.8,0.004150874,265.7,0.004587372,241.8,0.568534428,226.0,0.013016477,215.7,0.036741109,202.3,0.206024526,200.7,0.9825437,197.1,0.014341884,191.2,1.975305931
6,PYR3,frame006_PYR3_embedding,True,True,True,False,-615.018680244005,156,156,0.0,8.566666666666666,runs/phase1A/day016_md_bath_extraction/orca_embedding_pilot_inputs/frame006_PYR3_embedding/frame006_PYR3_embedding.out,0.147684,4.019,32412.9,0.150525,4.096,33036.4,0.174276,4.742,38249.2,0.185916,5.059,40803.8,0.202289,5.505,44397.2,0.210921,5.739,46291.9,0.225882,6.147,49575.4,0.227734,6.197,49981.9,0.230305,6.267,50546.1,0.236801,6.444,51971.8,0.011422138,308.5,0.492967153,302.7,0.000247279,261.4,0.000232072,245.1,0.627088759,225.2,0.006687865,216.0,0.013496731,201.7,0.026022621,200.1,1.158263091,197.8,0.002010039,192.4,1.548970205
6,PYR4,frame006_PYR4_embedding,True,True,True,False,-615.013849831176,172,172,0.0,8.85,runs/phase1A/day016_md_bath_extraction/orca_embedding_pilot_inputs/frame006_PYR4_embedding/frame006_PYR4_embedding.out,0.148059,4.029,32495.1,0.150385,4.092,33005.7,0.172797,4.702,37924.5,0.188172,5.12,41299.0,0.202819,5.519,44513.6,0.211516,5.756,46422.3,0.225705,6.142,49536.6,0.227957,6.203,50030.7,0.231146,6.29,50730.8,0.236622,6.439,51932.5,0.010112754,307.7,0.510757213,303.0,0.002563686,263.7,0.000922743,242.1,0.602046445,224.7,0.009011682,215.4,0.013560729,201.9,0.005914557,199.9,1.17429696,197.1,0.004478631,192.6,1.594295405
6,PYR5,frame006_PYR5_embedding,True,True,True,False,-614.999164998207,164,164,0.0,8.55,runs/phase1A/day016_md_bath_extraction/orca_embedding_pilot_inputs/frame006_PYR5_embedding/frame006_PYR5_embedding.out,0.138768,3.776,30456.0,0.141292,3.845,31010.0,0.156795,4.267,34412.5,0.173459,4.72,38069.8,0.195464,5.319,42899.4,0.202136,5.5,44363.6,0.217204,5.91,47670.9,0.218576,5.948,47971.8,0.220766,6.007,48452.6,0.228972,6.231,50253.4,0.659519925,328.3,0.003925759,322.5,0.000707928,290.6,0.002389493,262.7,0.564385967,233.1,0.002123653,225.4,0.000373266,209.8,0.001293789,208.5,0.001022973,206.4,0.691453104,199.0,2.990338786
7,PYR2,frame007_PYR2_embedding,True,True,True,False,-615.02251879938,192,192,0.0,9.25,runs/phase1A/day016_md_bath_extraction/orca_embedding_pilot_inputs/frame007_PYR2_embedding/frame007_PYR2_embedding.out,0.147388,4.011,32347.8,0.15078,4.103,33092.5,0.170452,4.638,37409.8,0.19,5.17,41700.2,0.202361,5.507,44413.2,0.210875,5.738,46281.7,0.224897,6.12,49359.3,0.226955,6.176,49810.8,0.230653,6.276,50622.5,0.238672,6.495,52382.5,0.009094124,309.1,0.490046455,302.2,0.000370367,267.3,0.003862866,239.8,0.610070239,225.2,0.005055971,216.1,0.023476007,202.6,0.228407783,200.8,0.964630156,197.5,0.004234442,190.9,1.795060913
7,PYR3,frame007_PYR3_embedding,True,True,True,False,-615.014099817425,192,192,0.0,9.133333333333333,runs/phase1A/day016_md_bath_extraction/orca_embedding_pilot_inputs/frame007_PYR3_embedding/frame007_PYR3_embedding.out,0.145848,3.969,32009.9,0.149567,4.07,32826.2,0.167532,4.559,36769.1,0.195279,5.314,42858.8,0.201667,5.488,44260.8,0.210608,5.731,46223.2,0.224196,6.101,49205.2,0.226432,6.162,49696.2,0.229615,6.248,50394.6,0.236931,6.447,52000.2,0.012775698,312.4,0.490450249,304.6,0.001910783,272.0,0.000128367,233.3,0.624500369,225.9,0.003740287,216.3,0.012828671,203.2,0.010933901,201.2,1.27084856,198.4,0.002958505,192.3,0.759345561
7,PYR4,frame007_PYR4_embedding,True,True,True,False,-615.012709440971,164,164,0.0,9.216666666666667,runs/phase1A/day016_md_bath_extraction/orca_embedding_pilot_inputs/frame007_PYR4_embedding/frame007_PYR4_embedding.out,0.147718,4.02,32420.5,0.150431,4.093,33015.7,0.169353,4.608,37168.8,0.190732,5.19,41860.9,0.203425,5.535,44646.7,0.211076,5.744,46325.9,0.224305,6.104,49229.3,0.227319,6.186,49890.7,0.231071,6.288,50714.3,0.236956,6.448,52005.8,0.007441762,308.4,0.512697666,302.9,0.00057444,269.0,0.021433599,238.9,0.600982632,224.0,0.005607627,215.9,0.002686524,203.1,0.02494309,200.4,1.164283417,197.2,0.000460873,192.3,1.519904829
7,PYR5,frame007_PYR5_embedding,True,True,True,False,-614.997111414291,196,196,0.0,8.733333333333333,runs/phase1A/day016_md_bath_extraction/orca_embedding_pilot_inputs/frame007_PYR5_embedding/frame007_PYR5_embedding.out,0.139284,3.79,30569.2,0.141821,3.859,31126.2,0.160999,4.381,35335.1,0.168781,4.593,37043.1,0.196092,5.336,43037.3,0.201458,5.482,44215.0,0.216657,5.896,47550.6,0.218927,5.957,48048.9,0.221311,6.022,48572.1,0.228923,6.229,50242.8,0.659436962,327.1,0.011305277,321.3,0.000318375,283.0,0.000576807,270.0,0.552829746,232.4,0.000485423,226.2,0.000580082,210.3,0.00931456,208.1,0.000444625,205.9,0.580242502,199.0,0.703119395
8,PYR2,frame008_PYR2_embedding,True,True,True,False,-615.011362315485,160,160,0.0,9.183333333333334,runs/phase1A/day016_md_bath_extraction/orca_embedding_pilot_inputs/frame008_PYR2_embedding/frame008_PYR2_embedding.out,0.146772,3.994,32212.7,0.149902,4.079,32899.6,0.170793,4.648,37484.8,0.1903,5.178,41766.0,0.202031,5.498,44340.7,0.210912,5.739,46289.9,0.225054,6.124,49393.6,0.226914,6.175,49801.9,0.230103,6.261,50501.8,0.236826,6.444,51977.3,0.005736425,310.4,0.501966286,304.0,0.001420875,266.8,0.002008866,239.4,0.612744024,225.5,0.007651992,216.0,0.012379044,202.5,0.062457074,200.8,1.177493481,198.0,0.005349695,192.4,0.970874047
8,PYR3,frame008_PYR3_embedding,True,True,True,False,-615.016174699285,148,148,0.0,9.3,runs/phase1A/day016_md_bath_extraction/orca_embedding_pilot_inputs/frame008_PYR3_embedding/frame008_PYR3_embedding.out,0.147272,4.007,32322.4,0.149674,4.073,32849.6,0.171083,4.655,37548.3,0.187989,5.115,41258.8,0.202333,5.506,44407.0,0.210539,5.729,46208.1,0.22441,6.107,49252.3,0.227155,6.181,49854.7,0.23055,6.274,50599.9,0.236186,6.427,51836.9,0.017981471,309.4,0.491495921,304.4,0.004357218,266.3,0.010518698,242.4,0.612924738,225.2,0.009929265,216.4,0.010793753,203.0,0.02067024,200.6,1.152042419,197.6,0.007900168,192.9,1.589176249
8,PYR4,frame008_PYR4_embedding,True,True,True,False,-615.014814095717,160,160,0.0,8.983333333333333,runs/phase1A/day016_md_bath_extraction/orca_embedding_pilot_inputs/frame008_PYR4_embedding/frame008_PYR4_embedding.out,0.147745,4.02,32426.4,0.150367,4.092,33001.8,0.173473,4.72,38072.8,0.186691,5.08,40973.9,0.202811,5.519,44511.8,0.211237,5.748,46361.1,0.225364,6.132,49461.8,0.227357,6.187,49899.0,0.230816,6.281,50658.2,0.236494,6.435,51904.4,0.016727833,308.4,0.503082331,303.0,0.001429312,262.7,0.003217834,244.1,0.612711195,224.7,0.003920836,215.7,0.010955122,202.2,0.001340009,200.4,1.178796074,197.4,0.000749238,192.7,0.3287417
8,PYR5,frame008_PYR5_embedding,True,True,True,False,-615.002328017747,156,156,0.0,8.766666666666667,runs/phase1A/day016_md_bath_extraction/orca_embedding_pilot_inputs/frame008_PYR5_embedding/frame008_PYR5_embedding.out,0.139381,3.793,30590.7,0.142272,3.871,31225.1,0.160145,4.358,35147.8,0.169253,4.606,37146.7,0.196428,5.345,43111.0,0.201575,5.485,44240.6,0.217248,5.912,47680.4,0.217651,5.923,47768.8,0.222351,6.05,48800.4,0.229286,6.239,50322.5,0.655883767,326.9,0.024370445,320.3,0.000682931,284.5,0.001513328,269.2,0.531869047,232.0,0.000156704,226.0,0.006628446,209.7,0.007297854,209.3,0.001501193,204.9,0.507797095,198.7,1.132189239
9,PYR2,frame009_PYR2_embedding,True,True,True,False,-615.01450675935,176,176,0.0,9.016666666666667,runs/phase1A/day016_md_bath_extraction/orca_embedding_pilot_inputs/frame009_PYR2_embedding/frame009_PYR2_embedding.out,0.14761,4.017,32396.6,0.150468,4.094,33023.8,0.170776,4.647,37480.9,0.190139,5.174,41730.8,0.202753,5.517,44499.1,0.211228,5.748,46359.2,0.225101,6.125,49404.0,0.227524,6.191,49935.8,0.230585,6.275,50607.6,0.237039,6.45,52024.0,0.008133955,308.7,0.503201742,302.8,0.001067559,266.8,0.00043982,239.6,0.623734665,224.7,0.008508214,215.7,0.032116001,202.4,0.011385468,200.3,1.157815552,197.6,0.003667941,192.2,1.396383505
9,PYR3,frame009_PYR3_embedding,True,True,True,False,-615.014292472645,164,164,0.0,8.7,runs/phase1A/day016_md_bath_extraction/orca_embedding_pilot_inputs/frame009_PYR3_embedding/frame009_PYR3_embedding.out,0.147067,4.002,32277.5,0.149743,4.075,32864.9,0.172226,4.687,37799.2,0.187125,5.092,41069.2,0.202442,5.509,44430.9,0.210922,5.739,46292.1,0.225165,6.127,49418.1,0.227176,6.182,49859.3,0.230405,6.27,50568.0,0.236443,6.434,51893.1,0.004027262,309.8,0.514855013,304.3,0.001089594,264.6,0.002758056,243.5,0.620642371,225.1,0.003782723,216.0,0.003865351,202.4,0.007574036,200.6,1.181499492,197.8,0.011610343,192.7,1.397275476
9,PYR4,frame009_PYR4_embedding,True,True,True,False,-615.025207354218,168,168,0.0,8.866666666666667,runs/phase1A/day016_md_bath_extraction/orca_embedding_pilot_inputs/frame009_PYR4_embedding/frame009_PYR4_embedding.out,0.147699,4.019,32416.1,0.149922,4.08,32904.0,0.17229,4.688,37813.3,0.187105,5.091,41064.8,0.203056,5.525,44565.6,0.211162,5.746,46344.6,0.224217,6.101,49209.9,0.227767,6.198,49989.1,0.231563,6.301,50822.1,0.237358,6.459,52094.1,0.025502917,308.5,0.510873621,303.9,0.000455381,264.5,0.002398736,243.5,0.602025566,224.4,0.002707921,215.8,0.010518042,203.2,0.02846112,200.0,1.112659338,196.8,0.000430733,192.0,1.544804301
9,PYR5,frame009_PYR5_embedding,True,True,True,False,-615.001913596736,168,168,0.0,8.466666666666667,runs/phase1A/day016_md_bath_extraction/orca_embedding_pilot_inputs/frame009_PYR5_embedding/frame009_PYR5_embedding.out,0.137822,3.75,30248.5,0.141118,3.84,30971.9,0.158339,4.309,34751.3,0.171813,4.675,37708.7,0.194272,5.286,42637.8,0.201501,5.483,44224.4,0.217223,5.911,47674.9,0.218667,5.95,47991.8,0.222292,6.049,48787.4,0.228945,6.23,50247.7,0.62317919,330.6,0.01299225,322.9,0.017404826,287.8,0.016554235,265.2,0.48788316,234.5,0.001199711,226.1,0.033864069,209.8,0.043841652,208.4,0.023181958,205.0,0.586945291,199.0,2.101996777
10,PYR2,frame010_PYR2_embedding,True,True,True,False,-615.010832459363,164,164,0.0,8.866666666666667,runs/phase1A/day016_md_bath_extraction/orca_embedding_pilot_inputs/frame010_PYR2_embedding/frame010_PYR2_embedding.out,0.146916,3.998,32244.3,0.149913,4.079,32902.0,0.170729,4.646,37470.8,0.189092,5.145,41500.9,0.202066,5.498,44348.3,0.210722,5.734,46248.2,0.225298,6.131,49447.1,0.226617,6.167,49736.8,0.230523,6.273,50594.0,0.236292,6.43,51860.0,0.008701298,310.1,0.503064953,303.9,0.000772051,266.9,0.002506172,241.0,0.624941263,225.5,0.002194299,216.2,0.00941689,202.2,0.105801899,201.1,1.12452517,197.7,0.001733618,192.8,0.789775419
10,PYR3,frame010_PYR3_embedding,True,True,True,False,-615.017127260568,160,160,0.0,8.9,runs/phase1A/day016_md_bath_extraction/orca_embedding_pilot_inputs/frame010_PYR3_embedding/frame010_PYR3_embedding.out,0.146854,3.996,32230.7,0.149399,4.065,32789.4,0.17104,4.654,37538.9,0.18768,5.107,41191.1,0.202244,5.503,44387.5,0.210891,5.739,46285.3,0.225154,6.127,49415.7,0.227209,6.183,49866.7,0.230171,6.263,50516.7,0.236191,6.427,51837.9,0.004807113,310.3,0.507950168,305.0,0.001696472,266.4,0.008643394,242.8,0.611674651,225.3,0.007944272,216.1,0.008236688,202.4,0.004973997,200.5,1.19818542,198.0,0.007235496,192.9,2.585030253
10,PYR4,frame010_PYR4_embedding,True,True,True,False,-615.015452651564,172,172,0.0,8.566666666666666,runs/phase1A/day016_md_bath_extraction/orca_embedding_pilot_inputs/frame010_PYR4_embedding/frame010_PYR4_embedding.out,0.147729,4.02,32422.7,0.150624,4.099,33058.1,0.174216,4.741,38236.0,0.186589,5.077,40951.5,0.202918,5.522,44535.3,0.211147,5.746,46341.5,0.225268,6.13,49440.6,0.227629,6.194,49958.8,0.23063,6.276,50617.4,0.236775,6.443,51966.0,0.013226282,308.4,0.501788253,302.5,3.9799e-05,261.5,0.000487672,244.2,0.627825553,224.5,6.2545e-05,215.8,0.000918947,202.3,0.056192129,200.2,1.138148361,197.6,0.000276086,192.4,0.652228375
10,PYR5,frame010_PYR5_embedding,True,True,True,False,-614.992078436593,152,152,0.0,8.7,runs/phase1A/day016_md_bath_extraction/orca_embedding_pilot_inputs/frame010_PYR5_embedding/frame010_PYR5_embedding.out,0.139305,3.791,30573.8,0.141802,3.859,31121.9,0.161622,4.398,35472.0,0.168403,4.582,36960.3,0.196213,5.339,43063.7,0.201493,5.483,44222.5,0.216986,5.904,47622.9,0.21826,5.939,47902.5,0.221322,6.022,48574.6,0.229005,6.232,50260.8,0.663968719,327.1,0.010302342,321.3,0.001023365,281.9,0.003468508,270.6,0.542643813,232.2,0.000801439,226.1,0.008572012,210.0,0.003533895,208.8,0.001625025,205.9,0.583145388,199.0,1.004213697
11,PYR2,frame011_PYR2_embedding,True,True,True,False,-615.008287010425,152,152,0.0,8.533333333333333,runs/phase1A/day016_md_bath_extraction/orca_embedding_pilot_inputs/frame011_PYR2_embedding/frame011_PYR2_embedding.out,0.147286,4.008,32325.6,0.15059,4.098,33050.8,0.171332,4.662,37603.0,0.189029,5.144,41487.0,0.20254,5.511,44452.3,0.210822,5.737,46270.0,0.225296,6.131,49446.8,0.226956,6.176,49811.1,0.230145,6.263,50511.0,0.236848,6.445,51982.1,0.014138215,309.4,0.495368741,302.6,0.000275659,265.9,0.004974732,241.0,0.62611111,225.0,0.004050075,216.1,0.000697004,202.2,0.001560793,200.8,1.218194107,198.0,0.000551199,192.4,0.490892794
11,PYR3,frame011_PYR3_embedding,True,True,True,False,-615.014499532515,164,164,0.0,8.566666666666666,runs/phase1A/day016_md_bath_extraction/orca_embedding_pilot_inputs/frame011_PYR3_embedding/frame011_PYR3_embedding.out,0.14621,3.979,32089.4,0.149609,4.071,32835.4,0.168661,4.59,37016.9,0.193044,5.253,42368.2,0.202043,5.498,44343.4,0.210596,5.731,46220.4,0.224212,6.101,49208.9,0.226716,6.169,49758.4,0.229901,6.256,50457.3,0.236835,6.445,51979.3,0.007325384,311.6,0.504426624,304.5,8.2198e-05,270.1,0.000107955,236.0,0.633744359,225.5,0.000525032,216.4,0.003024333,203.2,0.000910077,201.0,1.244724383,198.2,0.001251687,192.4,0.725962842
11,PYR4,frame011_PYR4_embedding,True,True,True,False,-615.015644403865,184,184,0.0,8.633333333333333,runs/phase1A/day016_md_bath_extraction/orca_embedding_pilot_inputs/frame011_PYR4_embedding/frame011_PYR4_embedding.out,0.147596,4.016,32393.5,0.150292,4.09,32985.2,0.169919,4.624,37293.0,0.190898,5.195,41897.3,0.202915,5.522,44534.7,0.211113,5.745,46334.0,0.224278,6.103,49223.3,0.227287,6.185,49883.7,0.230901,6.283,50676.9,0.236776,6.443,51966.4,0.004866256,308.7,0.518575837,303.2,7.3945e-05,268.1,0.001108166,238.7,0.624246183,224.5,0.002807413,215.8,0.001798398,203.2,0.016006831,200.5,1.157865703,197.3,0.009279578,192.4,1.138836799
11,PYR5,frame011_PYR5_embedding,True,True,True,False,-614.995851374024,188,188,0.0,8.483333333333333,runs/phase1A/day016_md_bath_extraction/orca_embedding_pilot_inputs/frame011_PYR5_embedding/frame011_PYR5_embedding.out,0.139166,3.787,30543.5,0.141625,3.854,31083.2,0.160409,4.365,35205.7,0.16903,4.6,37097.8,0.195831,5.329,42979.9,0.201553,5.485,44235.8,0.216889,5.902,47601.6,0.218292,5.94,47909.5,0.221803,6.036,48680.1,0.228747,6.225,50204.3,0.659752246,327.4,0.009241939,321.7,0.000391598,284.0,0.000782171,269.6,0.557651726,232.7,5.6191e-05,226.1,0.00045023,210.1,0.000833337,208.7,7.7869e-05,205.4,0.586509763,199.2,0.605486211
12,PYR2,frame012_PYR2_embedding,True,True,True,False,-615.015763438277,164,164,0.0,8.833333333333334,runs/phase1A/day016_md_bath_extraction/orca_embedding_pilot_inputs/frame012_PYR2_embedding/frame012_PYR2_embedding.out,0.146715,3.992,32200.2,0.149917,4.079,32902.9,0.170945,4.652,37518.1,0.188636,5.133,41400.9,0.202141,5.501,44364.9,0.210558,5.73,46212.1,0.224938,6.121,49368.1,0.226973,6.176,49814.7,0.229861,6.255,50448.7,0.236997,6.449,52014.9,0.003766033,310.6,0.505777416,303.9,0.000192318,266.5,0.001916193,241.5,0.63158184,225.4,0.001558019,216.4,0.003152365,202.6,0.01054752,200.7,1.201222977,198.2,0.000389016,192.3,1.517883722
12,PYR3,frame012_PYR3_embedding,True,True,True,False,-615.025188707855,184,184,0.0,8.983333333333333,runs/phase1A/day016_md_bath_extraction/orca_embedding_pilot_inputs/frame012_PYR3_embedding/frame012_PYR3_embedding.out,0.147436,4.012,32358.6,0.150161,4.086,32956.5,0.169924,4.624,37294.0,0.189771,5.164,41649.9,0.202442,5.509,44430.9,0.210687,5.733,46240.4,0.224265,6.103,49220.5,0.22696,6.176,49812.0,0.230867,6.282,50669.5,0.237427,6.461,52109.2,0.001832472,309.0,0.511610394,303.4,0.000256415,268.1,0.006130813,240.1,0.619118396,225.1,0.001536943,216.3,0.012544221,203.2,0.07628629,200.8,1.106771405,197.4,0.001713254,191.9,1.583738316
12,PYR4,frame012_PYR4_embedding,True,True,True,False,-615.010615173025,132,132,0.0,8.833333333333334,runs/phase1A/day016_md_bath_extraction/orca_embedding_pilot_inputs/frame012_PYR4_embedding/frame012_PYR4_embedding.out,0.148271,4.035,32541.7,0.150832,4.104,33103.8,0.168254,4.578,36927.6,0.191548,5.212,42040.0,0.203521,5.538,44667.7,0.210856,5.738,46277.5,0.224428,6.107,49256.2,0.227314,6.186,49889.8,0.231323,6.295,50769.5,0.23689,6.446,51991.3,0.008868421,307.3,0.513306446,302.1,0.000831826,270.8,0.025892409,237.9,0.587396897,223.9,0.01278239,216.1,0.011149706,203.0,0.014432685,200.4,1.128754819,197.0,0.001622323,192.3,0.974499369
12,PYR5,frame012_PYR5_embedding,True,True,True,False,-614.999096177536,160,160,0.0,9.066666666666666,runs/phase1A/day016_md_bath_extraction/orca_embedding_pilot_inputs/frame012_PYR5_embedding/frame012_PYR5_embedding.out,0.139542,3.797,30625.9,0.142202,3.87,31209.8,0.161709,4.4,35491.1,0.169203,4.604,37135.8,0.195799,5.328,42973.0,0.202089,5.499,44353.3,0.217413,5.916,47716.7,0.2185,5.946,47955.3,0.221647,6.031,48645.8,0.229025,6.232,50265.2,0.644718639,326.5,0.014434251,320.4,0.002417271,281.8,0.005060237,269.3,0.542149285,232.7,0.011746961,225.5,0.002449768,209.6,0.010748542,208.5,0.001035062,205.6,0.609642749,198.9,1.476673901
13,PYR2,frame013_PYR2_embedding,True,True,True,False,-615.013478437578,156,156,0.0,8.7,runs/phase1A/day016_md_bath_extraction/orca_embedding_pilot_inputs/frame013_PYR2_embedding/frame013_PYR2_embedding.out,0.147679,4.019,32411.8,0.150796,4.103,33095.8,0.172556,4.695,37871.6,0.187829,5.111,41223.8,0.202735,5.517,44495.2,0.211065,5.743,46323.4,0.225979,6.149,49596.8,0.227676,6.195,49969.1,0.230243,6.265,50532.5,0.237129,6.453,52043.7,0.002870416,308.5,0.505300314,302.2,0.000376851,264.1,0.000149135,242.6,0.630945229,224.7,0.001769595,215.9,0.001436702,201.6,0.005669282,200.1,1.196686751,197.9,3.8579e-05,192.1,0.978905328
13,PYR3,frame013_PYR3_embedding,True,True,True,False,-615.013453375526,152,152,0.0,8.683333333333334,runs/phase1A/day016_md_bath_extraction/orca_embedding_pilot_inputs/frame013_PYR3_embedding/frame013_PYR3_embedding.out,0.147252,4.007,32318.1,0.149727,4.074,32861.2,0.170649,4.644,37453.0,0.188166,5.12,41297.7,0.202158,5.501,44368.5,0.210867,5.738,46280.0,0.224723,6.115,49321.0,0.22721,6.183,49866.8,0.230829,6.281,50661.2,0.236805,6.444,51972.8,0.020813077,309.4,0.499481109,304.3,0.002661332,267.0,0.0054272,242.1,0.604937587,225.4,0.01150046,216.1,0.010632464,202.8,0.003906727,200.5,1.168292922,197.4,0.00315509,192.4,1.398413637
13,PYR4,frame013_PYR4_embedding,True,True,True,False,-615.013969429622,140,140,0.0,8.683333333333334,runs/phase1A/day016_md_bath_extraction/orca_embedding_pilot_inputs/frame013_PYR4_embedding/frame013_PYR4_embedding.out,0.148132,4.031,32511.2,0.150739,4.102,33083.3,0.173221,4.714,38017.6,0.187568,5.104,41166.4,0.202936,5.522,44539.2,0.211199,5.747,46352.8,0.225762,6.143,49549.1,0.227823,6.199,50001.3,0.23081,6.281,50657.0,0.236293,6.43,51860.2,0.001159019,307.6,0.510445336,302.3,0.000466778,263.0,0.003118701,242.9,0.62476105,224.5,0.004329729,215.7,0.004892955,201.8,0.012923554,200.0,1.175105813,197.4,0.00502785,192.8,0.9233503
13,PYR5,frame013_PYR5_embedding,True,True,True,False,-614.997621179929,172,172,0.0,8.716666666666667,runs/phase1A/day016_md_bath_extraction/orca_embedding_pilot_inputs/frame013_PYR5_embedding/frame013_PYR5_embedding.out,0.139029,3.783,30513.4,0.140987,3.836,30943.1,0.161226,4.387,35385.0,0.169023,4.599,37096.3,0.195963,5.332,43008.8,0.201223,5.476,44163.3,0.216763,5.898,47574.0,0.217981,5.932,47841.3,0.221371,6.024,48585.3,0.22861,6.221,50174.0,0.661990456,327.7,0.010824666,323.2,1.1526e-05,282.6,0.000125126,269.6,0.553559156,232.5,0.000558241,226.4,0.000187151,210.2,0.000386071,209.0,0.000145493,205.8,0.63527961,199.3,0.875972956
14,PYR2,frame014_PYR2_embedding,True,True,True,False,-615.021255547319,176,176,0.0,8.783333333333333,runs/phase1A/day016_md_bath_extraction/orca_embedding_pilot_inputs/frame014_PYR2_embedding/frame014_PYR2_embedding.out,0.147265,4.007,32320.9,0.150396,4.092,33008.0,0.170648,4.644,37452.9,0.189391,5.154,41566.5,0.202442,5.509,44430.8,0.210723,5.734,46248.4,0.225288,6.13,49445.1,0.227413,6.188,49911.3,0.230187,6.264,50520.3,0.237302,6.457,52081.8,0.001843934,309.4,0.504494792,303.0,2.0829e-05,267.0,0.000496746,240.6,0.635864601,225.1,0.000394936,216.2,0.000854189,202.2,0.004406917,200.4,1.19956453,197.9,0.002284658,192.0,1.247467541
14,PYR3,frame014_PYR3_embedding,True,True,True,False,-615.013482371127,180,180,0.0,9.2,runs/phase1A/day016_md_bath_extraction/orca_embedding_pilot_inputs/frame014_PYR3_embedding/frame014_PYR3_embedding.out,0.147521,4.014,32377.1,0.150519,4.096,33035.2,0.169038,4.6,37099.5,0.189769,5.164,41649.6,0.20247,5.509,44436.9,0.210352,5.724,46167.0,0.224845,6.118,49347.7,0.227354,6.187,49898.4,0.230326,6.267,50550.7,0.237353,6.459,52093.0,0.010112929,308.9,0.500472478,302.7,4.7734e-05,269.5,0.00081021,240.1,0.630294107,225.0,0.002268623,216.6,0.004091367,202.6,0.001838258,200.4,1.14962141,197.8,0.00110131,192.0,1.454746814
14,PYR4,frame014_PYR4_embedding,True,True,True,False,-615.01082816368,144,144,0.0,8.866666666666667,runs/phase1A/day016_md_bath_extraction/orca_embedding_pilot_inputs/frame014_PYR4_embedding/frame014_PYR4_embedding.out,0.1462,3.978,32087.1,0.14954,4.069,32820.3,0.168884,4.596,37065.8,0.19315,5.256,42391.6,0.202856,5.52,44521.8,0.210875,5.738,46281.8,0.224156,6.1,49196.6,0.226781,6.171,49772.6,0.230051,6.26,50490.5,0.236368,6.432,51876.9,0.005349326,311.7,0.50755834,304.7,0.000577584,269.8,0.036599853,235.9,0.596021423,224.6,0.005263054,216.1,0.001204625,203.3,0.003716575,200.9,1.26661043,198.1,0.003071366,192.8,1.906278268
14,PYR5,frame014_PYR5_embedding,True,True,True,False,-615.002673130364,180,180,0.0,9.216666666666667,runs/phase1A/day016_md_bath_extraction/orca_embedding_pilot_inputs/frame014_PYR5_embedding/frame014_PYR5_embedding.out,0.139109,3.785,30530.8,0.141238,3.843,30998.1,0.158767,4.32,34845.4,0.171878,4.677,37722.8,0.195987,5.333,43014.1,0.201916,5.494,44315.5,0.216973,5.904,47620.1,0.218642,5.95,47986.5,0.221205,6.019,48549.0,0.229073,6.233,50275.8,0.634868449,327.5,0.037666572,322.6,4.966e-06,287.0,0.000375711,265.1,0.559365537,232.5,0.000453739,225.7,0.000111385,210.0,5.1706e-05,208.4,0.000247895,206.0,0.684595152,198.9,1.779593472
15,PYR2,frame015_PYR2_embedding,True,True,True,False,-615.017533404528,180,180,0.0,9.233333333333333,runs/phase1A/day016_md_bath_extraction/orca_embedding_pilot_inputs/frame015_PYR2_embedding/frame015_PYR2_embedding.out,0.147327,4.009,32334.6,0.150644,4.099,33062.6,0.169011,4.599,37093.7,0.192686,5.243,42289.7,0.202316,5.505,44403.3,0.211125,5.745,46336.6,0.225768,6.143,49550.4,0.227482,6.19,49926.4,0.230565,6.274,50603.1,0.23625,6.429,51850.9,0.00869891,309.3,0.488877754,302.5,0.003875857,269.6,0.003785428,236.5,0.618720872,225.2,0.010270469,215.8,0.011459724,201.8,0.013551309,200.3,1.266512978,197.6,0.004818216,192.9,0.592796154
15,PYR3,frame015_PYR3_embedding,True,True,True,False,-615.018289040466,172,172,0.0,8.733333333333333,runs/phase1A/day016_md_bath_extraction/orca_embedding_pilot_inputs/frame015_PYR3_embedding/frame015_PYR3_embedding.out,0.147267,4.007,32321.4,0.150182,4.087,32961.1,0.170017,4.626,37314.4,0.190169,5.175,41737.2,0.203066,5.526,44567.9,0.211018,5.742,46313.2,0.224876,6.119,49354.6,0.227402,6.188,49909.0,0.230741,6.279,50641.9,0.23706,6.451,52028.7,0.013687733,309.4,0.510482168,303.4,0.000797916,268.0,0.010429359,239.6,0.605012478,224.4,0.007496664,215.9,0.012170551,202.6,0.025030244,200.4,1.137904024,197.5,0.000702516,192.2,1.403129057
15,PYR4,frame015_PYR4_embedding,True,True,True,False,-615.010376110066,172,172,0.0,8.933333333333334,runs/phase1A/day016_md_bath_extraction/orca_embedding_pilot_inputs/frame015_PYR4_embedding/frame015_PYR4_embedding.out,0.147954,4.026,32472.1,0.150488,4.095,33028.3,0.169464,4.611,37193.1,0.190473,5.183,41803.9,0.203313,5.532,44622.0,0.210902,5.739,46287.7,0.224097,6.098,49183.7,0.227459,6.189,49921.5,0.231051,6.287,50709.8,0.236989,6.449,52013.0,0.01826039,308.0,0.498507322,302.8,0.000779122,268.9,0.025207686,239.2,0.600318588,224.1,0.005217477,216.0,0.007425493,203.3,0.020333948,200.3,1.157328472,197.2,0.002648006,192.3,2.121050863
15,PYR5,frame015_PYR5_embedding,True,True,True,False,-614.999340295711,188,188,0.0,8.55,runs/phase1A/day016_md_bath_extraction/orca_embedding_pilot_inputs/frame015_PYR5_embedding/frame015_PYR5_embedding.out,0.139528,3.797,30622.8,0.14189,3.861,31141.4,0.161337,4.39,35409.4,0.168999,4.599,37091.0,0.196201,5.339,43061.0,0.201629,5.487,44252.5,0.216841,5.901,47591.1,0.218267,5.939,47904.0,0.222344,6.05,48798.8,0.228638,6.222,50180.2,0.617289556,326.6,0.048610659,321.1,0.000125649,282.4,0.000165499,269.6,0.553573054,232.2,0.000379476,226.0,0.000264233,210.1,0.001187636,208.8,0.000151181,204.9,0.599887979,199.3,0.821102185
16,PYR2,frame016_PYR2_embedding,True,True,True,False,-615.015560049023,176,176,0.0,9.166666666666666,runs/phase1A/day016_md_bath_extraction/orca_embedding_pilot_inputs/frame016_PYR2_embedding/frame016_PYR2_embedding.out,0.147197,4.005,32306.0,0.150505,4.095,33032.0,0.16897,4.598,37084.7,0.191463,5.21,42021.4,0.201992,5.496,44332.2,0.210208,5.72,46135.4,0.22446,6.108,49263.2,0.227101,6.18,49843.0,0.229949,6.257,50467.9,0.238052,6.478,52246.5,0.007980509,309.5,0.484549816,302.7,0.001211751,269.7,0.002497903,238.0,0.635446811,225.6,0.003195921,216.8,0.004176741,203.0,0.006214962,200.6,1.220027351,198.1,0.007356986,191.4,1.794603305
16,PYR3,frame016_PYR3_embedding,True,True,True,False,-615.015205501102,192,192,0.0,8.983333333333333,runs/phase1A/day016_md_bath_extraction/orca_embedding_pilot_inputs/frame016_PYR3_embedding/frame016_PYR3_embedding.out,0.146227,3.979,32093.1,0.149665,4.073,32847.7,0.167825,4.567,36833.2,0.194014,5.279,42581.1,0.201759,5.49,44281.0,0.210615,5.731,46224.6,0.224194,6.101,49204.9,0.226661,6.168,49746.4,0.229845,6.254,50445.1,0.2371,6.452,52037.5,0.004160358,311.6,0.500972655,304.4,0.000782458,271.5,0.000634913,234.8,0.625781784,225.8,0.006019274,216.3,0.005576501,203.2,0.002438099,201.0,1.272886121,198.2,0.000639981,192.2,1.467140872
16,PYR4,frame016_PYR4_embedding,True,True,True,False,-615.010018508853,164,164,0.0,8.983333333333333,runs/phase1A/day016_md_bath_extraction/orca_embedding_pilot_inputs/frame016_PYR4_embedding/frame016_PYR4_embedding.out,0.147781,4.021,32434.2,0.150244,4.088,32974.7,0.1712,4.659,37574.1,0.189475,5.156,41585.0,0.202457,5.509,44434.2,0.211068,5.743,46324.2,0.22532,6.131,49451.9,0.227501,6.191,49930.8,0.230903,6.283,50677.3,0.235706,6.414,51731.5,0.00075086,308.3,0.514035631,303.3,0.001890997,266.1,0.000588639,240.5,0.621975688,225.1,0.008120157,215.9,0.009506013,202.2,0.002188791,200.3,1.20617377,197.3,0.002440535,193.3,1.524839004
16,PYR5,frame016_PYR5_embedding,True,True,True,False,-615.003272196361,196,196,0.0,8.683333333333334,runs/phase1A/day016_md_bath_extraction/orca_embedding_pilot_inputs/frame016_PYR5_embedding/frame016_PYR5_embedding.out,0.139165,3.787,30543.3,0.141399,3.848,31033.5,0.157434,4.284,34552.8,0.172356,4.69,37827.8,0.195957,5.332,43007.7,0.201685,5.488,44264.7,0.21706,5.907,47639.2,0.218074,5.934,47861.7,0.222296,6.049,48788.4,0.228978,6.231,50254.9,0.64087199,327.4,0.027434139,322.2,0.000301962,289.4,0.000749647,264.4,0.556852069,232.5,8.0324e-05,225.9,0.001647905,209.9,0.000770054,208.9,0.000357651,205.0,0.61899069,199.0,1.472436675
17,PYR2,frame017_PYR2_embedding,True,True,True,False,-615.011749701918,184,184,0.0,8.85,runs/phase1A/day016_md_bath_extraction/orca_embedding_pilot_inputs/frame017_PYR2_embedding/frame017_PYR2_embedding.out,0.146877,3.997,32235.8,0.150295,4.09,32985.9,0.168392,4.582,36957.8,0.192141,5.228,42170.1,0.202356,5.506,44412.1,0.210591,5.73,46219.5,0.224943,6.121,49369.2,0.226891,6.174,49796.8,0.230112,6.262,50503.6,0.236386,6.432,51880.8,0.003950877,310.2,0.503383394,303.2,0.000251217,270.6,0.003856791,237.1,0.629653431,225.2,0.00237361,216.4,0.001487802,202.6,0.001178915,200.8,1.253450711,198.0,0.001283984,192.7,0.640084277
17,PYR3,frame017_PYR3_embedding,True,True,True,False,-615.014898530342,164,164,0.0,8.616666666666667,runs/phase1A/day016_md_bath_extraction/orca_embedding_pilot_inputs/frame017_PYR3_embedding/frame017_PYR3_embedding.out,0.147511,4.014,32375.0,0.150354,4.091,32998.9,0.171648,4.671,37672.3,0.188303,5.124,41327.7,0.202513,5.511,44446.5,0.210884,5.738,46283.8,0.22493,6.121,49366.3,0.227056,6.178,49832.9,0.230658,6.277,50623.7,0.237234,6.455,52066.9,0.015689894,308.9,0.499303464,303.0,0.000600353,265.4,0.001030148,242.0,0.629799045,225.0,0.003500236,216.1,0.003200825,202.6,0.029208241,200.7,1.145208777,197.5,0.003585776,192.1,1.127828353
17,PYR4,frame017_PYR4_embedding,True,True,True,False,-615.012804660352,192,192,0.0,8.566666666666666,runs/phase1A/day016_md_bath_extraction/orca_embedding_pilot_inputs/frame017_PYR4_embedding/frame017_PYR4_embedding.out,0.147843,4.023,32447.9,0.150499,4.095,33030.7,0.171341,4.662,37605.0,0.188705,5.135,41416.0,0.203081,5.526,44571.1,0.211173,5.746,46347.1,0.224813,6.117,49340.8,0.227777,6.198,49991.2,0.231003,6.286,50699.3,0.236943,6.448,52003.0,0.004235391,308.2,0.516236756,302.7,9.4402e-05,265.9,0.005502507,241.5,0.618445118,224.4,0.003940246,215.8,0.002276316,202.7,0.003965779,200.0,1.176490082,197.2,0.000628813,192.3,1.135567031
17,PYR5,frame017_PYR5_embedding,True,True,True,False,-614.993282486661,192,192,0.0,8.816666666666666,runs/phase1A/day016_md_bath_extraction/orca_embedding_pilot_inputs/frame017_PYR5_embedding/frame017_PYR5_embedding.out,0.138043,3.756,30296.9,0.140199,3.815,30770.1,0.158649,4.317,34819.4,0.170413,4.637,37401.3,0.195323,5.315,42868.5,0.200897,5.467,44091.8,0.215825,5.873,47368.0,0.218183,5.937,47885.7,0.220789,6.008,48457.6,0.228474,6.217,50144.3,0.658947702,330.1,0.01916748,325.0,0.000420918,287.2,0.001309858,267.4,0.552730081,233.3,0.000340101,226.8,0.002594387,211.1,0.005590556,208.8,0.000613811,206.4,0.644496007,199.4,1.746649842
18,PYR2,frame018_PYR2_embedding,True,True,True,False,-615.01551794189,164,164,0.0,8.85,runs/phase1A/day016_md_bath_extraction/orca_embedding_pilot_inputs/frame018_PYR2_embedding/frame018_PYR2_embedding.out,0.147417,4.011,32354.2,0.150185,4.087,32961.8,0.172256,4.687,37805.8,0.187277,5.096,41102.6,0.202157,5.501,44368.4,0.210923,5.74,46292.2,0.225677,6.141,49530.4,0.227499,6.191,49930.3,0.230325,6.267,50550.4,0.23714,6.453,52046.1,0.004740677,309.1,0.501314575,303.4,0.00137389,264.5,0.000312976,243.3,0.619728345,225.4,0.006896861,216.0,0.010616003,201.9,0.086362696,200.3,1.09227086,197.8,0.006534992,192.1,1.719812576
18,PYR3,frame018_PYR3_embedding,True,True,True,False,-615.01478209627,172,172,0.0,8.566666666666666,runs/phase1A/day016_md_bath_extraction/orca_embedding_pilot_inputs/frame018_PYR3_embedding/frame018_PYR3_embedding.out,0.147627,4.017,32400.4,0.150266,4.089,32979.6,0.170958,4.652,37520.9,0.18851,5.13,41373.1,0.202614,5.513,44468.5,0.210816,5.737,46268.7,0.224975,6.122,49376.3,0.227483,6.19,49926.8,0.230702,6.278,50633.3,0.236851,6.445,51982.8,0.003591347,308.6,0.514666779,303.2,0.000681568,266.5,0.003314679,241.7,0.621142573,224.9,0.004843354,216.1,0.001906175,202.5,0.002876086,200.3,1.163090515,197.5,0.002182878,192.4,0.865701257
18,PYR4,frame018_PYR4_embedding,True,True,True,False,-615.015627153066,172,172,0.0,8.633333333333333,runs/phase1A/day016_md_bath_extraction/orca_embedding_pilot_inputs/frame018_PYR4_embedding/frame018_PYR4_embedding.out,0.14782,4.022,32442.8,0.150247,4.088,32975.4,0.170393,4.637,37396.9,0.190772,5.191,41869.5,0.203086,5.526,44572.2,0.211419,5.753,46401.1,0.224866,6.119,49352.5,0.227646,6.195,49962.5,0.231067,6.288,50713.3,0.236587,6.438,51924.8,0.005227546,308.2,0.513302479,303.3,0.002526881,267.4,0.005364679,238.8,0.610801049,224.4,0.006626664,215.5,0.003997672,202.6,0.012277002,200.1,1.17617585,197.2,0.009798766,192.6,1.90584393
18,PYR5,frame018_PYR5_embedding,True,True,True,False,-614.997184680938,200,200,0.0,8.933333333333334,runs/phase1A/day016_md_bath_extraction/orca_embedding_pilot_inputs/frame018_PYR5_embedding/frame018_PYR5_embedding.out,0.13792,3.753,30270.0,0.140923,3.835,30929.1,0.158331,4.308,34749.6,0.169536,4.613,37209.0,0.194429,5.291,42672.3,0.20132,5.478,44184.7,0.216931,5.903,47610.9,0.218308,5.94,47913.1,0.221221,6.02,48552.3,0.228631,6.221,50178.8,0.647780357,330.4,0.007279731,323.3,0.007748981,287.8,0.006903263,268.8,0.539885872,234.3,0.003243032,226.3,0.007071626,210.0,0.023056918,208.7,0.00426886,206.0,0.61025472,199.3,1.705723894
19,PYR2,frame019_PYR2_embedding,True,True,True,False,-615.014375331988,176,176,0.0,8.833333333333334,runs/phase1A/day016_md_bath_extraction/orca_embedding_pilot_inputs/frame019_PYR2_embedding/frame019_PYR2_embedding.out,0.146935,3.998,32248.5,0.150131,4.085,32949.9,0.170214,4.632,37357.6,0.190832,5.193,41882.7,0.202193,5.502,44376.2,0.210788,5.736,46262.6,0.224497,6.109,49271.4,0.226776,6.171,49771.7,0.230223,6.265,50528.2,0.23722,6.455,52063.8,0.005387942,310.1,0.505899823,303.5,8.1405e-05,267.7,0.000587149,238.8,0.631630245,225.3,0.000853273,216.2,0.002108973,203.0,0.011855019,200.9,1.221214241,197.9,0.000474044,192.1,0.624705285
19,PYR3,frame019_PYR3_embedding,True,True,True,False,-615.018158768369,192,192,0.0,8.716666666666667,runs/phase1A/day016_md_bath_extraction/orca_embedding_pilot_inputs/frame019_PYR3_embedding/frame019_PYR3_embedding.out,0.147344,4.009,32338.3,0.149904,4.079,32900.2,0.173191,4.713,38011.1,0.185751,5.055,40767.5,0.202727,5.516,44493.5,0.210829,5.737,46271.6,0.225421,6.134,49474.3,0.227488,6.19,49927.9,0.230441,6.271,50575.9,0.236686,6.441,51946.7,0.002384253,309.2,0.506260518,303.9,0.00036017,263.1,0.010267939,245.3,0.61921446,224.8,0.00525115,216.1,0.017251151,202.1,0.007420301,200.3,1.175183802,197.7,0.0058513,192.5,1.827813701
19,PYR4,frame019_PYR4_embedding,True,True,True,False,-615.020316731755,176,176,0.0,8.616666666666667,runs/phase1A/day016_md_bath_extraction/orca_embedding_pilot_inputs/frame019_PYR4_embedding/frame019_PYR4_embedding.out,0.147011,4.0,32265.2,0.150218,4.088,32969.0,0.167632,4.562,36791.0,0.194822,5.301,42758.5,0.202626,5.514,44471.3,0.210993,5.741,46307.6,0.223923,6.093,49145.3,0.227073,6.179,49836.9,0.23052,6.273,50593.3,0.237363,6.459,52095.2,0.005415159,309.9,0.509308271,303.3,0.000191839,271.8,0.006964786,233.9,0.618208609,224.9,0.003428104,215.9,0.001192455,203.5,0.001357053,200.7,1.222460596,197.7,0.009627016,192.0,1.002612221
19,PYR5,frame019_PYR5_embedding,True,True,True,False,-614.993713661442,192,192,0.0,8.683333333333334,runs/phase1A/day016_md_bath_extraction/orca_embedding_pilot_inputs/frame019_PYR5_embedding/frame019_PYR5_embedding.out,0.138966,3.781,30499.5,0.141507,3.851,31057.2,0.16017,4.358,35153.3,0.169406,4.61,37180.3,0.195598,5.322,42928.7,0.20146,5.482,44215.3,0.216571,5.893,47531.9,0.218617,5.949,47981.0,0.221037,6.015,48512.1,0.228769,6.225,50208.9,0.649181293,327.9,0.018740564,322.0,0.000121062,284.5,0.000164641,269.0,0.567331842,232.9,0.000989269,226.2,0.000897004,210.4,0.000136624,208.4,0.001018073,206.1,0.634633751,199.2,0.755599942
20,PYR2,frame020_PYR2_embedding,True,True,True,False,-615.0141248946,188,188,0.0,8.833333333333334,runs/phase1A/day016_md_bath_extraction/orca_embedding_pilot_inputs/frame020_PYR2_embedding/frame020_PYR2_embedding.out,0.147381,4.01,32346.3,0.149862,4.078,32890.9,0.172455,4.693,37849.5,0.186947,5.087,41030.1,0.201024,5.47,44119.7,0.211026,5.742,46314.8,0.226478,6.163,49706.2,0.227495,6.19,49929.4,0.230207,6.264,50524.5,0.237385,6.46,52100.1,0.010873752,309.2,0.476937983,304.0,0.005752273,264.2,0.001621879,243.7,0.577958094,226.7,0.024393221,215.9,0.040874396,201.2,0.198130662,200.3,0.996350804,197.9,0.012505362,191.9,2.030038868
20,PYR3,frame020_PYR3_embedding,True,True,True,False,-615.014070548096,168,168,0.0,8.716666666666667,runs/phase1A/day016_md_bath_extraction/orca_embedding_pilot_inputs/frame020_PYR3_embedding/frame020_PYR3_embedding.out,0.147006,4.0,32264.1,0.149436,4.066,32797.4,0.171561,4.668,37653.2,0.188485,5.129,41367.6,0.201417,5.481,44206.0,0.211371,5.752,46390.7,0.225808,6.145,49559.2,0.227312,6.185,49889.1,0.230659,6.277,50623.8,0.236864,6.445,51985.7,0.005212785,309.9,0.499580956,304.9,0.006419952,265.6,0.005322002,241.7,0.571067275,226.2,0.016607819,215.6,0.035857842,201.8,0.052525533,200.4,1.187956215,197.5,0.00964071,192.4,1.367918282
20,PYR4,frame020_PYR4_embedding,True,True,True,False,-615.018353371341,192,192,0.0,8.916666666666666,runs/phase1A/day016_md_bath_extraction/orca_embedding_pilot_inputs/frame020_PYR4_embedding/frame020_PYR4_embedding.out,0.147597,4.016,32393.8,0.150036,4.083,32929.1,0.170759,4.647,37477.2,0.189187,5.148,41521.7,0.203448,5.536,44651.6,0.211155,5.746,46343.1,0.224543,6.11,49281.5,0.227253,6.184,49876.2,0.231157,6.29,50733.1,0.236397,6.433,51883.2,0.006844006,308.7,0.521661364,303.7,0.000406497,266.8,0.01706925,240.8,0.597996896,224.0,0.004808437,215.8,0.013073564,202.9,0.045854151,200.5,1.121677144,197.1,0.002437517,192.7,1.819394619
20,PYR5,frame020_PYR5_embedding,True,True,True,False,-615.000940017267,188,188,0.0,8.4,runs/phase1A/day016_md_bath_extraction/orca_embedding_pilot_inputs/frame020_PYR5_embedding/frame020_PYR5_embedding.out,0.138467,3.768,30390.0,0.141419,3.848,31038.0,0.160436,4.366,35211.6,0.168851,4.595,37058.5,0.195657,5.324,42941.8,0.201139,5.473,44144.8,0.216423,5.889,47499.4,0.218323,5.941,47916.3,0.220882,6.011,48478.0,0.229218,6.237,50307.6,0.670424221,329.1,0.009116058,322.2,0.001430597,284.0,0.002942266,269.8,0.54396376,232.9,0.006025546,226.5,0.00314786,210.5,0.003113135,208.7,0.000962822,206.3,0.584763471,198.8,1.193733863
