bridge_path_id,end,bridge_index,mapping_id,seed_node,annulus_node,selected_pool_index,library_index,library_random_seed,library_distance_error_nm,mirror,azimuth_deg,minimum_angle_deg,maximum_angle_deg,maximum_bond_deviation_nm,minimum_local_clearance_nm,local_clash_count,local_angle_violations,chain_point_count
LOWER:BRIDGE4:00,LOWER,0,M4:LOWER:P0:O-1:R14,S:1680,A:LOWER:13:-5,6,25407,35004,4.514859616133737e-05,False,75.0,72.62658720856592,162.79530385450025,7.952905774627483e-06,0.16403245111475515,0,0,6
LOWER:BRIDGE4:01,LOWER,1,M4:LOWER:P0:O-1:R14,S:1682,A:LOWER:10:-6,9,1853,35004,3.0620831156513706e-05,False,45.0,93.19663082534804,127.65794692451243,5.389044936687792e-06,0.19714595818036584,0,0,6
LOWER:BRIDGE4:02,LOWER,2,M4:LOWER:P0:O-1:R14,S:1684,A:LOWER:7:-7,0,21582,35004,6.509060610571105e-05,False,60.0,96.66918500884826,134.95659007928538,1.2996054279040825e-05,0.2166056030869264,0,0,6
LOWER:BRIDGE4:03,LOWER,3,M4:LOWER:P0:O-1:R14,S:1686,A:LOWER:4:-8,9,8867,35004,5.871566633053327e-05,True,345.0,88.56703011557552,149.21561929724763,1.1690128594366023e-05,0.15974739665991966,0,0,6
LOWER:BRIDGE4:04,LOWER,4,M4:LOWER:P0:O-1:R14,S:1688,A:LOWER:1:-9,2,5485,35004,4.693890267692957e-06,True,60.0,76.98382374270636,154.19763737815177,8.937005667453146e-07,0.16852027129942915,0,0,6
LOWER:BRIDGE4:05,LOWER,5,M4:LOWER:P0:O-1:R14,S:1690,A:LOWER:-14:-4,11,25407,35004,0.00013318680245988368,False,0.0,71.69460230896198,161.9001534660648,2.3461532705687516e-05,0.16862540173388652,0,0,6
LOWER:BRIDGE4:06,LOWER,6,M4:LOWER:P0:O-1:R14,S:1692,A:LOWER:-14:-2,11,649,35004,8.399171802231375e-06,True,330.0,93.95529885770375,133.85044837538314,1.491526926661324e-06,0.19944440171711136,0,0,6
LOWER:BRIDGE4:07,LOWER,7,M4:LOWER:P0:O-1:R14,S:1694,A:LOWER:-14:0,1,36528,35004,3.315822877797414e-05,True,270.0,98.44206438918582,126.37616431668401,6.343698581517954e-06,0.2195549730809,0,0,6
LOWER:BRIDGE4:08,LOWER,8,M4:LOWER:P0:O-1:R14,S:1696,A:LOWER:-14:2,11,12869,35004,5.3505436174772214e-05,True,150.0,87.4396458215688,128.91618540475002,8.863773579281808e-06,0.20039249927697741,0,0,6
LOWER:BRIDGE4:09,LOWER,9,M4:LOWER:P0:O-1:R14,S:1698,A:LOWER:-14:4,8,33871,35004,2.948416661252562e-05,False,180.0,70.89983978777892,168.1814725624514,5.692095650433604e-06,0.16816515253964862,0,0,6
LOWER:BRIDGE4:10,LOWER,10,M4:LOWER:P0:O-1:R14,S:1700,A:LOWER:1:9,11,33871,35004,0.00015761132765546026,True,45.0,71.80783499132185,167.89936224217286,3.042762437002744e-05,0.1700271891182868,0,0,6
LOWER:BRIDGE4:11,LOWER,11,M4:LOWER:P0:O-1:R14,S:1702,A:LOWER:4:8,10,1853,35004,7.559371894838574e-05,False,135.0,90.90940698890549,127.65518916286662,1.3303842248374442e-05,0.19015677382409832,0,0,6
LOWER:BRIDGE4:12,LOWER,12,M4:LOWER:P0:O-1:R14,S:1704,A:LOWER:7:7,0,5895,35004,6.76878312683149e-05,False,135.0,99.05196224697411,130.84751416976698,1.326369754667267e-05,0.22056486214153626,0,0,6
LOWER:BRIDGE4:13,LOWER,13,M4:LOWER:P0:O-1:R14,S:1706,A:LOWER:10:6,9,1853,35004,2.131253566767244e-05,False,135.0,94.48211208018539,127.66113123855513,3.750886674064313e-06,0.2128828973362239,0,0,6
LOWER:BRIDGE4:14,LOWER,14,M4:LOWER:P0:O-1:R14,S:1708,A:LOWER:13:5,5,30284,35004,2.638223804063422e-05,True,120.0,75.25615007714758,164.47138113984263,5.018573250220593e-06,0.16311961153973772,0,0,6
UPPER:BRIDGE4:00,UPPER,0,M4:UPPER:P0:O-1:R0,S:1710,A:UPPER:13:5,10,33871,35004,0.00015761132765551578,True,240.0,71.88450283305353,167.8611550858931,3.0427624369944173e-05,0.17018427787331333,0,0,6
UPPER:BRIDGE4:01,UPPER,1,M4:UPPER:P0:O-1:R0,S:1712,A:UPPER:13:-5,4,38718,35004,0.00012923368768330556,False,330.0,73.75881352045313,162.3121455813317,2.4838286427936174e-05,0.1740114080956204,0,0,6
UPPER:BRIDGE4:02,UPPER,2,M4:UPPER:P0:O-1:R0,S:1714,A:UPPER:10:-6,10,12869,35004,5.350543617504977e-05,False,330.0,89.54931126353837,129.39194750903565,8.863773579032008e-06,0.2042162668689504,0,0,6
UPPER:BRIDGE4:03,UPPER,3,M4:UPPER:P0:O-1:R0,S:1716,A:UPPER:7:-7,2,36528,35004,3.3158228778584764e-05,True,285.0,94.71186830297174,126.37616431668376,6.343698581046109e-06,0.21327522019657025,0,0,6
UPPER:BRIDGE4:04,UPPER,4,M4:UPPER:P0:O-1:R0,S:1718,A:UPPER:4:-8,10,649,35004,8.399171802786487e-06,False,0.0,89.22401153867493,133.85044837538305,1.4915269272997023e-06,0.1949726418343884,0,0,6
UPPER:BRIDGE4:05,UPPER,5,M4:UPPER:P0:O-1:R0,S:1720,A:UPPER:1:-9,11,5485,35004,0.0001076616525611529,False,300.0,70.9389521089501,167.83616842637025,2.049826508976338e-05,0.1621259061649665,0,0,6
UPPER:BRIDGE4:06,UPPER,6,M4:UPPER:P0:O-1:R0,S:1722,A:UPPER:-14:-4,9,38718,35004,0.00010707386694847054,False,345.0,72.7606617764136,164.5463084401058,2.0578975221480222e-05,0.17197495739661153,0,0,6
UPPER:BRIDGE4:07,UPPER,7,M4:UPPER:P0:O-1:R0,S:1724,A:UPPER:-14:-2,9,15810,35004,9.332560399627488e-05,False,45.0,90.01434985851526,137.63014326522972,1.7008635163601182e-05,0.20504759021793809,0,0,6
UPPER:BRIDGE4:08,UPPER,8,M4:UPPER:P0:O-1:R0,S:1726,A:UPPER:-14:0,4,25521,35004,7.415181562603346e-05,False,120.0,91.63449401137622,134.52108473012146,1.2957674976887823e-05,0.20792172459844438,0,0,6
UPPER:BRIDGE4:09,UPPER,9,M4:UPPER:P0:O-1:R0,S:1728,A:UPPER:-14:2,7,2586,35004,8.660577886615561e-05,True,180.0,99.16266846610368,134.15689982461356,1.4762591098199662e-05,0.17194426750761058,0,0,6
UPPER:BRIDGE4:10,UPPER,10,M4:UPPER:P0:O-1:R0,S:1730,A:UPPER:-14:4,4,30284,35004,0.00023187090976650726,False,255.0,75.18471136879845,164.5881948658579,4.410696145812354e-05,0.16287782862190828,0,0,6
UPPER:BRIDGE4:11,UPPER,11,M4:UPPER:P0:O-1:R0,S:1732,A:UPPER:1:9,4,30284,35004,2.638223804063422e-05,True,210.0,75.18801818871795,164.56679358793164,5.018573250470393e-06,0.1629515459623126,0,0,6
UPPER:BRIDGE4:12,UPPER,12,M4:UPPER:P0:O-1:R0,S:1734,A:UPPER:4:8,9,2586,35004,3.4672412043246226e-05,False,285.0,95.48282932569005,136.0592181313587,5.910235260336849e-06,0.1659790546205048,0,0,6
UPPER:BRIDGE4:13,UPPER,13,M4:UPPER:P0:O-1:R0,S:1736,A:UPPER:7:7,1,1878,35004,3.9719664987170056e-05,True,255.0,98.32037584172294,128.80409506526127,7.822565545073656e-06,0.21935684035385905,0,0,6
UPPER:BRIDGE4:14,UPPER,14,M4:UPPER:P0:O-1:R0,S:1738,A:UPPER:10:6,6,1853,35004,7.559371894788613e-05,True,240.0,94.85731387848914,127.65518916286682,1.3303842248041375e-05,0.213527433396372,0,0,6
