time_fs,PYR2,PYR3,PYR4,PYR5
0.0,0.0,0.0,0.0,1.0
10.0,2.454520933271406e-06,0.003791676216500987,0.2186863827954371,0.7775194864671284
20.0,0.00013341303430096024,0.04924906343784369,0.6097084141142954,0.34090910941355956
30.0,0.0012001325715791152,0.180952039939498,0.735334081983345,0.08251374550557704
40.0,0.00495054996098773,0.3683715175720947,0.48801846935660975,0.13865946311030697
50.0,0.012890999662187493,0.5085875550382888,0.16927500403726736,0.3092464412622554
60.0,0.024478098958435213,0.5171205105061584,0.11966708777527658,0.33873430276012895
70.0,0.036796071175906574,0.4058221127864382,0.3494658852400753,0.20791593079757908
80.0,0.04648895237265203,0.26566856146918466,0.5679504634535172,0.11989202270464554
90.0,0.05222078837413381,0.17910520094344218,0.5336039308180784,0.23507007986434508
100.0,0.055231080218352074,0.15715824234931092,0.30977287599069114,0.4778378014416454
110.0,0.057522670094537105,0.1587109474038174,0.16026283949403938,0.6235035430076055
120.0,0.059686647166245846,0.15570536179514316,0.23938893410293385,0.5452190569356764
130.0,0.060628419925525465,0.16541408503486704,0.4359607385062966,0.3379967565333101
140.0,0.05930846445270923,0.2189017107184811,0.5230340613011751,0.1987557635276336
150.0,0.05646457256723985,0.31041042572195043,0.4166251156036589,0.21649988610714996
160.0,0.054414891855806224,0.38991611885671007,0.2506253427329682,0.30504364655451455
170.0,0.05515979115508456,0.4075724713994865,0.20736876117110634,0.3298989762743217
180.0,0.058744524721219715,0.3601231232648549,0.31501792412089846,0.2661144278930261
190.0,0.06344329125447212,0.2902397026255567,0.43512731467752397,0.21118969144244643
200.0,0.06739634836511538,0.243431508780457,0.4323418110412645,0.2568303318131622
210.0,0.06999652352216118,0.23053969686538503,0.3214768549496052,0.37798692466284783
220.0,0.07184344489114583,0.2316618426811774,0.23471002309643665,0.4617846893312394
230.0,0.07367228016915131,0.2291283457831839,0.264503493938646,0.43269588010901805
240.0,0.07555776706794971,0.22873088844252246,0.36673261080027636,0.32897873368925074
250.0,0.07711248178273769,0.24766781401197463,0.42280547908255556,0.25241422512273154
260.0,0.07820122533477354,0.28774324828849795,0.37607415032498526,0.2579813760517425
270.0,0.07923696990891542,0.3270707027999977,0.28646248344515335,0.30722984384593294
280.0,0.08075994182659403,0.33969398274453133,0.25302121467142324,0.32652486075745096
290.0,0.08286129502380148,0.3204777447760035,0.3027839812412391,0.2938769789589553
300.0,0.08512214994425925,0.2883304558057135,0.3699292678355652,0.25661812641446147
310.0,0.08708519434376565,0.2661996106725117,0.37769453311654483,0.2690206618671771
320.0,0.08868618911458925,0.26079384476684125,0.32284195045058056,0.3276780156679884
330.0,0.09019272531735655,0.26234829630113304,0.2709060126410757,0.37655296574043406
340.0,0.09180481253964902,0.2609020301976951,0.2773518366823945,0.3699413205802608
350.0,0.093428895972821,0.25862944146215866,0.32836132954133274,0.3195803330236871
360.0,0.09487133719944114,0.2651331543999663,0.36326026619244667,0.2767352422081454
370.0,0.0961762142937802,0.2833078916063748,0.34524766635038723,0.2752682277494572
380.0,0.09767378346230891,0.3032596281382858,0.2984821180594785,0.30058447033992636
390.0,0.09966265879189712,0.31118476970757897,0.2751491432495715,0.3140034282509519
400.0,0.10207939661921593,0.3028420404431276,0.29599678941579405,0.29908177352186205
410.0,0.104522619406304,0.28689359957919636,0.3316508019389621,0.2769329790755371
420.0,0.10660435991765611,0.27543675372990134,0.3402858175656242,0.27767306878681786
430.0,0.10825763413024989,0.2727963420094276,0.3144488630090096,0.3044971608513124
440.0,0.10970426228349976,0.27411805161602254,0.2852522975930662,0.33092538850741104
450.0,0.11116515087844132,0.27347655810147,0.2841995891897811,0.33115870183030716
460.0,0.11264658973998666,0.271208569421135,0.3088218313810947,0.30732300945778324
470.0,0.11400882336618744,0.2725270008814012,0.32900572762427166,0.28445844812813925
480.0,0.11519526360569754,0.2801358284088839,0.32264252152626793,0.2820263864591501
490.0,0.11634387537029485,0.2899768173786504,0.2986876383085927,0.29499166894246137
500.0,0.11766328257091783,0.2948833805638645,0.2840272911757042,0.30342604568951276
510.0,0.11922544692931993,0.29171961283087444,0.2924068558531566,0.2966480843866483
520.0,0.12090337416987457,0.284095434937101,0.31108215151570784,0.28391903937731594
530.0,0.12250631981693243,0.27818296725209,0.31766611724466454,0.2816445956863123
540.0,0.12395340408443585,0.2767046153518165,0.30552319156348084,0.2938187890002663
550.0,0.1253083109505812,0.27746517806801124,0.2892176258606234,0.3080088851207836
560.0,0.12666748956121143,0.2771689681654974,0.28633029041999825,0.3098332518532924
570.0,0.12804701218957468,0.27556021705338196,0.29799881251175364,0.29839395824528925
580.0,0.12938891151273735,0.27529310360390075,0.3094396622298063,0.28587832265355506
590.0,0.1306573990936395,0.2782415766133835,0.30768596596064296,0.28341505833233366
600.0,0.13189911264474113,0.2828498668992247,0.29541571852590953,0.28983530193012425
610.0,0.13319765682271592,0.285517196738135,0.28632224599275696,0.29496290044639184
620.0,0.1345807185490698,0.2842624780043385,0.28909049317465374,0.2920663102719379
630.0,0.13598799340879705,0.28054711961888984,0.29859594004897794,0.28486894692333503
640.0,0.1373327446278677,0.27748187392244145,0.3030403453000348,0.28214503614965575
650.0,0.13858475546659108,0.2766695459669559,0.29750279851266953,0.2872429000537831
660.0,0.13978604744193987,0.2771117460326911,0.2885035330190035,0.29459867350636504
670.0,0.14099200280767527,0.27698601077851637,0.28564284499255327,0.29637914142125477
680.0,0.14221087985737366,0.27593891354800965,0.2908265935451755,0.29102361304944097
690.0,0.14340699543448907,0.27531016151417753,0.29703201510317623,0.2842508279481571
700.0,0.14455512085050537,0.2763032796835187,0.296893015102761,0.28224858436321487
710.0,0.14567826366937334,0.2783953094635037,0.29070951261599437,0.2852169142511286
720.0,0.1468261528724142,0.27978591342289755,0.2852675209149749,0.28812041278971345
730.0,0.14802163116738035,0.27926436703074226,0.28577357551340415,0.28694042628847327
740.0,0.14923587556474582,0.27736855309868375,0.2904087056535185,0.28298686568305204
750.0,0.15041759429299115,0.27566575801304344,0.2931047512702793,0.28081189642368615
760.0,0.15154160300647937,0.2751069007287108,0.2906094025912303,0.28274209367357955
770.0,0.1526252680784056,0.2752768743752073,0.2857001588627057,0.2863976986836814
780.0,0.15370084100134304,0.2751851347506193,0.28349387044069335,0.2876201538073443
790.0,0.15477918444678568,0.274516299179675,0.2856259731831977,0.2850785431903414
800.0,0.15584425177196298,0.27391193683770443,0.2888512662913673,0.2813925450989652
810.0,0.15687912769067547,0.2740956442486411,0.2890942287302841,0.2799309993303991
820.0,0.15789006852261733,0.2749522366270285,0.28595372165541,0.28120397319494383
830.0,0.15890133800727554,0.27560866229154807,0.28272929471078206,0.282760704990394
840.0,0.15992896456197667,0.275358389754617,0.2824385133910484,0.2822741322923575
850.0,0.16096410828867863,0.2743598963064714,0.28458640748714,0.28008958791770955
860.0,0.16198340869068778,0.27338376296065153,0.28610178364842753,0.2785310447002327
870.0,0.1629728930618678,0.2729755294232709,0.2849586959277994,0.27909288158706136
880.0,0.16393902734833393,0.27298059390421575,0.28225740661928916,0.28082297212816054
890.0,0.16489731310553823,0.2728757134527834,0.2806812403236877,0.2815457331179902
900.0,0.1658538932595291,0.27243339514273146,0.2814069612780227,0.2803057503197163
910.0,0.16680093888777617,0.2719495551794688,0.2829913091004912,0.2782581968322634
920.0,0.16772879437173416,0.27183811545082653,0.283221874791301,0.277211215386138
930.0,0.1686390345481334,0.2721159000127414,0.2815972635501262,0.2776478018889987
940.0,0.16954336817149473,0.27236778988897703,0.27967920683334974,0.27840963510617817
950.0,0.1704506394855499,0.27219525390793453,0.27917221529202685,0.27818189131448834
960.0,0.17135726345156005,0.27162112561570906,0.2800644078897544,0.2769572030429762
970.0,0.17225138307574203,0.27102079137466556,0.28083605374332926,0.2758917718062628
980.0,0.17312522222562365,0.2707023793094192,0.28027773880541323,0.27589465965954346
990.0,0.1739818381584313,0.27061914306275947,0.2787673649454027,0.276631653833406
1000.0,0.17482993163422153,0.27049797947264764,0.27768245348766296,0.2769896354054674
1010.0,0.17567380613653477,0.27018732815303337,0.27779338868340886,0.27634547702702267
1020.0,0.1765098303910283,0.2698167879440495,0.27849353386737796,0.2751798477975439
1030.0,0.1773322958567208,0.2696163202520123,0.2786079983514945,0.274443385539772
1040.0,0.17814098062364467,0.26963403146238485,0.2777289098765226,0.27449607803744747
1050.0,0.17894173993433024,0.26967781960161874,0.27657153587798433,0.27480890458606605
1060.0,0.17974004225314819,0.26952753347799846,0.2760744908525381,0.27465793341631456
1070.0,0.180535153193039,0.26916370742806134,0.27635901947001607,0.273942119908883
1080.0,0.18132125886909065,0.26876558590280064,0.2766904795997162,0.2732226756283919
1090.0,0.1820937231209985,0.2685048388742414,0.2763713950666214,0.273030042938138
1100.0,0.1828533687580155,0.26837687280555034,0.27549385032198387,0.27327590811444963
1110.0,0.1836045808325348,0.26824264819773985,0.27475135547794105,0.27340141549178376
1120.0,0.1843500980899738,0.26800708168774495,0.27461918476113034,0.27302363546115044
1130.0,0.18508850449998937,0.2677223560292011,0.27486235672007914,0.27232678275073
1140.0,0.18581673190878228,0.2675121087186621,0.27486835955036415,0.2718027998221911
1150.0,0.18653414457000783,0.26742060050424415,0.27435232343833094,0.2716929314874168
1160.0,0.18724345211983992,0.2673621344614342,0.2736289800677999,0.27176543335092573
1170.0,0.18794771631238683,0.2672180590198383,0.27320496242847253,0.27162926223930206
1180.0,0.18864710106312696,0.2669626174496337,0.27320895285691954,0.27118132863031946
1190.0,0.1893389490148995,0.2666793443527623,0.2732951129548977,0.27068659367744025
1200.0,0.19002080464949495,0.2664620544774336,0.2730714110864305,0.27044572978664067
1210.0,0.1906928685564288,0.2663188515352174,0.2725299129681904,0.2704583669401629
1220.0,0.19135736681702561,0.2661804329088715,0.27201243565121447,0.270449764622888
1230.0,0.19201591454609168,0.2659897610830596,0.27180069559643755,0.27019362877441083
1240.0,0.19266796617660556,0.2657653272749566,0.27181716983035575,0.26974953671808166
1250.0,0.19331188240573702,0.2655719950774244,0.2717486694771002,0.2693674530397381
1260.0,0.19394710895811987,0.2654420203929117,0.27141166720403664,0.2691992034449316
1270.0,0.19457491693289192,0.26533881972287293,0.27093655374406606,0.2691497096001689
1280.0,0.19519701105220402,0.26519961366934935,0.2705913511798346,0.26901202409861164
1290.0,0.19581372867937907,0.26500326442089545,0.2704761144829291,0.26870689241679613
1300.0,0.1964238363771421,0.2647876670553393,0.27043354590902924,0.268354950658489
1310.0,0.1970260007301255,0.26460341129051335,0.2702484519343448,0.26812213604501606
1320.0,0.19762019753591087,0.26446035062269624,0.2698875562516184,0.26803189558977425
1330.0,0.1982075786262183,0.2643247442587784,0.2695152289576446,0.26795244815735864
1340.0,0.1987891358221085,0.26416340370053004,0.2692931151596141,0.2677543453177472
1350.0,0.19936474678448973,0.2639810383445481,0.2692049996022138,0.26744921526874826
1360.0,0.19993357921077906,0.2638108411244135,0.2690939733075983,0.2671616063572089
1370.0,0.20049523841615255,0.2636739673168225,0.26884799326848374,0.266982800998541
1380.0,0.20105030456028702,0.26355586776308176,0.26851620474591414,0.2668776229307169
1390.0,0.20159972407877033,0.26342394669184965,0.2682376894211096,0.2667386398082702
1400.0,0.202143832023019,0.2632634034925859,0.26808076909212075,0.26651199539227416
1410.0,0.2026821075511799,0.2630907352132378,0.26797696509111174,0.26625019214447043
1420.0,0.2032138576928329,0.262932785352306,0.2678105784511291,0.26604277850373165
1430.0,0.20373900270870374,0.262797628989897,0.26754940268703725,0.2659139656143616
1440.0,0.20425811869324115,0.26266932630585743,0.2672702964702963,0.2658022585306048
1450.0,0.2047717870222341,0.2625291123813171,0.26706363728231813,0.2656354633141303
1460.0,0.20528003734272524,0.2623767682410595,0.2669337447590599,0.26540944965715507
1470.0,0.2057824727584694,0.2622288498023779,0.2668036740086702,0.2651850034304821
1480.0,0.20627885454740832,0.26209834699260764,0.2666075674549215,0.2650152310050621
1490.0,0.20676944855330504,0.26198012215502536,0.2663607255487182,0.2648897037429508
1500.0,0.20725477382207105,0.26185756707476254,0.26613394709618393,0.26475371200698183
1510.0,0.20773508711317937,0.26172117135310025,0.2659706223710759,0.2645731191626438
1520.0,0.2082101918346472,0.26157772057889767,0.2658428013221089,0.2643692862643457
1530.0,0.20867974743699638,0.2614412339849861,0.26568947841944257,0.2641895401585745
1540.0,0.2091436957407222,0.2613174049110231,0.26548640984970057,0.2640524894985536
1550.0,0.20960233664808725,0.2611989533089529,0.2652682695112461,0.2639304405317132
1560.0,0.2100560156786473,0.2610755111851412,0.2650844516784008,0.26378402145781005
1570.0,0.2105048073208037,0.260945548314023,0.26494383397842464,0.2636058103867481
1580.0,0.2109485364384953,0.2608171094906859,0.26480961017473453,0.2634247438960836
1590.0,0.2113870728007464,0.26069782872051883,0.2646442177549014,0.26327088072383276
1600.0,0.2118205438961725,0.2605863298935648,0.2644500874136761,0.26314303879658596
1610.0,0.21224923983630542,0.2604743073928012,0.26426252085146734,0.2630139319194254
1620.0,0.21267334490801132,0.26035596356813645,0.26410775535557596,0.2628629361682756
1630.0,0.2130928056599661,0.2602338372217786,0.26397554226017295,0.2626978148580817
1640.0,0.21350746514175137,0.2601151335010291,0.2638343290068533,0.26254307235036556
1650.0,0.21391729143507338,0.2600035591501671,0.26366782868708394,0.2624113207276749
1660.0,0.21432244582690368,0.2598959400514618,0.2634909518025184,0.26229066231911535
1670.0,0.21472313730598652,0.25978666672099043,0.26333013675800887,0.2621600592150135
1680.0,0.21511944602978816,0.259674204040956,0.26319337270894994,0.2620129772203052
1690.0,0.21551131000465276,0.25956234071428663,0.2630635593971193,0.26186278988394057
1700.0,0.21589866942588068,0.2594554121865492,0.2629198020796199,0.2617261163079494
1710.0,0.21628159235349642,0.25935338179545236,0.26276044925187325,0.26160457659917713
1720.0,0.21666024552769456,0.25925218085796103,0.26260271276580555,0.26148486084853817
1730.0,0.21703475793414448,0.2591484069918717,0.2624618942042646,0.2613549408697186
1740.0,0.2174051366815331,0.2590428417213995,0.26233500478622773,0.2612170168108391
1750.0,0.2177713212054415,0.2589391217120407,0.262206036791718,0.26108352029079923
1760.0,0.21813330293830693,0.25883953383403335,0.26206475395014406,0.260962409277515
1770.0,0.21849117494523448,0.25874278272984974,0.26191712524115895,0.26084891708375624
1780.0,0.21884506677997928,0.25864589307883606,0.26177702619548004,0.260732013945704
1790.0,0.21919504861619094,0.25854769058454347,0.2616502934192544,0.26060696738001055
1800.0,0.21954111192296477,0.258449893299416,0.2615292691478211,0.26047972562979743
1810.0,0.2198832384331216,0.25835489472003664,0.2614025803121791,0.26035928653466195
1820.0,0.22022147183057356,0.2582630234954904,0.26126785564949945,0.2602476490244359
1830.0,0.22055591320296564,0.2581723305586398,0.261133271408056,0.26013848483033786
1840.0,0.22088665304339133,0.2580808764165478,0.26100749712090604,0.26002497341915415
1850.0,0.22121372038105092,0.25798877915865603,0.26089023125687394,0.25990726920341833
1860.0,0.22153710251472503,0.25789783851204645,0.26077351654263753,0.2597915424305902
1870.0,0.22185680664513516,0.2578094109199002,0.26065120484627263,0.25968257758869123
1880.0,0.2221728925932216,0.25772302205763453,0.2605254031861871,0.2595786821629559
1890.0,0.22248544492295685,0.25763712237164293,0.2604032514704733,0.2594741812349261
1900.0,0.22279452174513623,0.25755091290228,0.260288603523147,0.25936596182943605
1910.0,0.22310013829529138,0.2574651336005818,0.26017819713430707,0.259256530969819
1920.0,0.22340229895349903,0.2573810733098615,0.26006596395104853,0.2591506637855901
1930.0,0.22370103720443976,0.2572990774308349,0.2599499009132028,0.2590499844515217
1940.0,0.22399641893701294,0.25721823596837373,0.25983377052092144,0.2589515745736911
1950.0,0.2242885093027995,0.25713746876351506,0.2597223645718874,0.25885165736179727
1960.0,0.22457734300137447,0.25705668441824225,0.2596161820698464,0.2587497905105362
1970.0,0.22486292989333748,0.25697675297436257,0.2595113541974218,0.2586489629348774
1980.0,0.22514528614011003,0.25689845385553556,0.2594043112499899,0.25855194875436366
1990.0,0.2254244545616927,0.2568216490783027,0.259295603898261,0.25845829246174284
2000.0,0.22570049361253766,0.25674554593891646,0.2591888316003156,0.2583651288482295
2010.0,0.2259734505836692,0.2566696363208107,0.25908638565028635,0.25827052744523293
2020.0,0.2262433498607547,0.25659421452812864,0.25898697636281953,0.2581754592482964
2030.0,0.2265102071886972,0.2565199579816282,0.258887425637669,0.25808240919200487
2040.0,0.22677405141478083,0.25644713129991614,0.25878630683641507,0.25799251044888716
2050.0,0.22703492912829368,0.25637532224849974,0.25868528077267183,0.25790446785053406
2060.0,0.22729288894423064,0.25630394078000446,0.25858693761861595,0.2578162326571482
2070.0,0.22754796467348107,0.25623285917860983,0.25849187279093344,0.2577273033569749
2080.0,0.22780017577317083,0.2561624858545283,0.25839825172283587,0.2576390866494643
2090.0,0.22804954274931305,0.25609325624830376,0.2583040566013559,0.2575531444010265
2100.0,0.22829609927555264,0.2560251558426174,0.258209280931128,0.25746946395070125
2110.0,0.22853988837588232,0.25595778589700724,0.25811569901515,0.2573866267119597
2120.0,0.22878094866518403,0.2558908371794628,0.2580247309107958,0.25730348324455665
2130.0,0.2290193066937811,0.2558244105752399,0.2579359295084601,0.2572203532225182
2140.0,0.22925498298251915,0.2557588533144574,0.25784766015934274,0.25713850354367995
2150.0,0.22948800361505245,0.2556943428424572,0.2577589917596691,0.25705866178282055
2160.0,0.22971840412761868,0.25563069899219654,0.2576706146659022,0.2569802822142818
2170.0,0.22994622227909028,0.2555676044676731,0.2575838993393266,0.2569022739139092
2180.0,0.2301714887471644,0.25550495089549324,0.2574993232838167,0.256824237073525
2190.0,0.23039422607332402,0.25544292244662425,0.2574160416472559,0.25674680983279513
2200.0,0.23061445611662604,0.2553817559223401,0.25733293891337367,0.2566708490476595
2210.0,0.23083220704463683,0.2553214727445779,0.2572498567106304,0.2565964635001542
2220.0,0.2310475123885946,0.2552618753656651,0.25716764702397227,0.2565229652217675
2230.0,0.23126040411305443,0.2552027811359001,0.257087124554131,0.2564496901969139
2240.0,0.23147090789301877,0.2551442127147111,0.25700817632902356,0.256376703063246
2250.0,0.23167904546372198,0.25508634299890515,0.25692997624924885,0.2563046352881234
2260.0,0.2318848406819331,0.25502928179169715,0.2568519486756435,0.2562339288507257
2270.0,0.2320883222856146,0.25497295363554096,0.25677435333818965,0.2561643707406542
2280.0,0.2322895207028421,0.25491718989907286,0.25669789974258433,0.2560953896555001
2290.0,0.2324884630203983,0.25486191214420373,0.2566229174819804,0.2560267073534169
2300.0,0.23268517177196485,0.25480719841621197,0.25654903100990306,0.2559585988019195
2310.0,0.23287966844980035,0.25475317380316365,0.25647563510957044,0.25589152263746484
2320.0,0.23307197743096733,0.2546998632879326,0.2564025662463618,0.25582559303473756
2330.0,0.2332621260422912,0.2546471701024097,0.25633022032899794,0.25576048352630043
2340.0,0.23345014114503082,0.2545949884715495,0.25625905108715613,0.25569581929626295
2350.0,0.23363604633870988,0.25454331312206013,0.2561890617566311,0.25563157878259835
2360.0,0.23381986274645322,0.2544922269496829,0.25611984191424714,0.25556806838961615
2370.0,0.2340016121219241,0.25444179384919857,0.25605104859072003,0.2555055454381568
2380.0,0.23418131864055464,0.25439198364302285,0.2559827607799358,0.25544393693648615
2390.0,0.23435900756983494,0.25434270725465075,0.2559153371666062,0.25538294800890754
2400.0,0.234534702603274,0.254293912036308,0.2558489867695614,0.25532239859085604
2410.0,0.2347084248986565,0.25424562745682183,0.25578354991724084,0.25526239772728027
2420.0,0.2348801946795193,0.25419791730027397,0.2557187032770069,0.25520318474319925
2430.0,0.2350500333910624,0.25415080050931327,0.25565431953513224,0.25514484656449143
2440.0,0.23521796402379963,0.254104229797444,0.25559057452728234,0.25508723165147346
2450.0,0.23538400946955065,0.25405814452571696,0.25552771388135687,0.2550301321233749
2460.0,0.23554819091839793,0.25401253201006546,0.25546577022887523,0.2549735068426608
2470.0,0.23571052803056877,0.25396742979046716,0.25540454280895036,0.2549174993700131
2480.0,0.23587104049879123,0.2539228729249219,0.2553438325357997,0.2548622540404865
2490.0,0.23602974914763933,0.25387884971025215,0.25528364898791284,0.25480775215419504
2500.0,0.23618667542858257,0.25383531296483247,0.2552241683788224,0.25475384322776184
2510.0,0.2363418400344248,0.2537922286459587,0.25516551562805556,0.2547004156915604
2520.0,0.23649526223573122,0.25374960502288,0.2551076265139892,0.2546475062273989
2530.0,0.23664696058215476,0.253707473012783,0.2550503303398998,0.2545952360651617
2540.0,0.23679695406162873,0.25366584445033463,0.254993538774406,0.25454366271362994
2550.0,0.2369452624180836,0.2536246958654217,0.2549373245207029,0.2544927171957911
2560.0,0.23709190538226887,0.25358399244575974,0.25488181664741155,0.25444228552455905
2570.0,0.2372369017757918,0.2535437216058808,0.2548270466194863,0.25439232999884037
2580.0,0.23738026947650534,0.25350389863998646,0.2547729174337658,0.2543429144497417
2590.0,0.23752202618658214,0.2534645414607346,0.2547193154569554,0.2542941168957271
2600.0,0.2376621900820035,0.25342564525519773,0.2546662279497303,0.2542459367130678
2610.0,0.2378007796520297,0.2533871846123294,0.2546137381902947,0.2541982975453455
2620.0,0.23793781299396488,0.25334913781178814,0.2545619171531828,0.2541511320410635
2630.0,0.2380733073899277,0.2533115045289445,0.25451074069701224,0.25410444738411486
2640.0,0.2382072795963724,0.25327429851327105,0.254460119225819,0.2540583026645369
2650.0,0.23833974645608777,0.25323752598959925,0.2544099950081786,0.2540127325461338
2660.0,0.2384707251382722,0.2532011747307241,0.2543603942320042,0.25396770589899903
2670.0,0.23860023279106032,0.2531652244434053,0.2543113822766685,0.2539231604888653
2680.0,0.23872828605284763,0.25312966475617943,0.25426298163672906,0.25387906755424333
2690.0,0.238854900969774,0.2530945004556214,0.25421514552772234,0.2538354530468818
2700.0,0.23898009336536835,0.25305973969481693,0.25416780963839575,0.25379235730141847
2710.0,0.23910387921234935,0.25302537987214885,0.2541209571749497,0.25374978374055157
2720.0,0.2392262746041281,0.25299140677362136,0.2540746252022975,0.2537076934199525
2730.0,0.23934729540323652,0.2529578064507046,0.2540288519769814,0.25366604616907695
2740.0,0.23946695698536277,0.25292457556403475,0.25398362893983656,0.25362483851076534
2750.0,0.2395852743484013,0.25289171915969627,0.2539389089024184,0.2535840975894835
2760.0,0.23970226242990714,0.2528592396984456,0.25389465525332916,0.2535438426183176
2770.0,0.2398179362689868,0.25282713017967945,0.2538508743284912,0.2535040592228421
2780.0,0.23993231085616729,0.25279537837653526,0.25380759756388127,0.2534647132034157
2790.0,0.24004540087279555,0.25276397628202557,0.2537648386057337,0.2534257842394447
2800.0,0.24015722061578768,0.2527329239700756,0.25372257449037844,0.2533872809237578
2810.0,0.24026778417118905,0.25270222427637984,0.25368076872969436,0.2533492228227362
2820.0,0.24037710562148526,0.25267187511616496,0.25363940649314265,0.25331161276920666
2830.0,0.2404851990606858,0.25264186800219024,0.2535985025654561,0.25327443037166736
2840.0,0.24059207842203825,0.2526121937523616,0.25355807620705245,0.2532376516185471
2850.0,0.24069775732966495,0.2525828483421671,0.2535181241570381,0.2532012701711293
2860.0,0.2408022491330813,0.2525538325873534,0.25347862107310853,0.2531652972064562
2870.0,0.2409055670694481,0.2525251466671748,0.2534395439742369,0.2531297422891396
2880.0,0.24100772436529308,0.25249678601101067,0.2534008914396253,0.2530945981840704
2890.0,0.24110873417618087,0.25246874284884624,0.25336267733444473,0.25305984564052764
2900.0,0.24120860945009528,0.2524410111014368,0.2533249087119571,0.25302547073651027
2910.0,0.241307362873037,0.25241358892492954,0.2532875736377486,0.25299147456428434
2920.0,0.24140500694840894,0.2523864764089162,0.2532506510294747,0.25295786561319955
2930.0,0.24150155411069296,0.25235967146643834,0.2532141293806772,0.2529246450421909
2940.0,0.24159701674783435,0.2523331685783734,0.2531780130701697,0.25289180160362207
2950.0,0.2416914071197017,0.25230696144322495,0.2531423107849649,0.2528593206521079
2960.0,0.24178473727428035,0.25228104622607733,0.2531070206130683,0.2528271958865735
2970.0,0.2418770190545853,0.25225542181395905,0.25307212836666143,0.25279543076479366
2980.0,0.24196826418025424,0.2522300871395723,0.2530376194590477,0.25276402922112523
2990.0,0.24205848430894117,0.2522050387969252,0.25300348995851357,0.25273298693561946
3000.0,0.24214769101475503,0.25218027150358635,0.2529697449025596,0.2527022925790985
3010.0,0.24223589571791077,0.252155780595799,0.2529363870775315,0.2526719366087581
3020.0,0.24232310964957784,0.2521315635976578,0.25290340959890695,0.25264191715385675
3030.0,0.24240934388716054,0.25210761928128456,0.2528707998368532,0.2526122369947011
3040.0,0.24249460941553508,0.2520839455118453,0.2528385491850806,0.25258289588753835
3050.0,0.2425789171466393,0.25206053834180314,0.2528066574682755,0.2525538870432814
3060.0,0.24266227788168424,0.2520373932175117,0.2527751277247653,0.25252520117603816
3070.0,0.2427447022651336,0.2520145067477304,0.2527439581282533,0.252496832858882
3080.0,0.2428262007827009,0.2519918770556308,0.2527131401245446,0.2524687820371231
3090.0,0.24290678380262068,0.2519695024721923,0.25268266419469465,0.2524410495304918
3100.0,0.2429864616112891,0.25194738020086144,0.25265252601452953,0.25241363217331936
3110.0,0.24306524440716837,0.25192550639189304,0.2526227263326973,0.2523865228682407
3120.0,0.24314314226607858,0.2519038773665318,0.2525932654979489,0.2523597148694401
3130.0,0.2432201651186854,0.25188249059282863,0.25256413888952256,0.2523332053989627
3140.0,0.2432963227667034,0.25186134430334517,0.25253533846262816,0.2523069944673226
3150.0,0.24337162491595699,0.25184043636531334,0.2525068578492014,0.2522810808695276
3160.0,0.24344608118981098,0.2518197637176454,0.2524786950567277,0.2522554600358153
3170.0,0.2435197011128142,0.25179932288960033,0.25245085025568526,0.2522301257418995
3180.0,0.2435924940857753,0.25177911095628913,0.2524233214355865,0.2522050735223484
3190.0,0.24366446938205708,0.2517591258355847,0.2523961029190991,0.2521803018632585
3200.0,0.24373563616890237,0.2517393656403623,0.25236918820354215,0.25215580998719245
3210.0,0.2438060035274402,0.2517198279605341,0.2523425732566261,0.2521315952553989
3220.0,0.24387558045334984,0.2517005097765314,0.2523162570254794,0.2521076527446387
3230.0,0.24394437583806605,0.25168140813014933,0.25229023844613185,0.25208397758565204
3240.0,0.2440123984572156,0.2516625206383082,0.25226451404415534,0.2520605668603202
3250.0,0.24407965697665152,0.25164384539890206,0.25223907826108205,0.2520374193633636
3260.0,0.24414615997153757,0.25162538036457066,0.2522139262657252,0.2520145333981659
3270.0,0.24421191593472277,0.251607123013843,0.2521890555217553,0.2519919055296782
3280.0,0.24427693327027808,0.251589070560484,0.25216446491309535,0.2519695312561419
3290.0,0.24434122027913632,0.25157122050815417,0.25214015223216857,0.25194740698054024
3300.0,0.2444047851576453,0.2515535708046238,0.25211611340433004,0.2519255306334002
3310.0,0.24446763600699287,0.2515361195854989,0.2520923435949959,0.2519039008125117
3320.0,0.24452978084709082,0.25151886469563395,0.2520688393938059,0.2518825150634686
3330.0,0.2445912276164083,0.25150180367291275,0.2520455989535093,0.251861369757169
3340.0,0.24465198416393455,0.2514849340464846,0.25202262066804676,0.2518404611215334
3350.0,0.24471205824125283,0.2514682536853031,0.25199990155827967,0.2518197865151637
3360.0,0.24477145750697554,0.25145176072052483,0.25197743756583607,0.2517993442066629
3370.0,0.24483018953614838,0.251435453256481,0.2519552248448095,0.2517791323625605
3380.0,0.2448882618270849,0.25141932912475995,0.2519332609156183,0.2517591481325362
3390.0,0.24494568179719786,0.2514033860335929,0.2519115440271289,0.2517393881420797
3400.0,0.2450024567770555,0.25138762180963414,0.2518900720702022,0.2517198493431076
3410.0,0.24505859400770538,0.25137203456567236,0.25186884176968977,0.2517005296569319
3420.0,0.2451141006469302,0.2513566225344138,0.25184784940730953,0.2516814274113458
3430.0,0.24516898377741667,0.25134138380054,0.25182709204147086,0.2516625403805719
3440.0,0.24522325040740675,0.25132631627645663,0.251806567652852,0.25164386566328406
3450.0,0.24527690746656233,0.2513114178645289,0.25178627443076834,0.25162540023813984
3460.0,0.2453299618015594,0.2512966866640418,0.2517662098119495,0.2516071417224486
3470.0,0.24538242017818634,0.25128212095188845,0.25174637053791454,0.25158908833201
3480.0,0.24543428928781122,0.2512677189912076,0.2517267535082181,0.25157123821276245
3490.0,0.24548557575117363,0.25125347890994815,0.2517073563470732,0.2515535889918044
3500.0,0.24553628611749395,0.25123939873468754,0.25168817728348797,0.25153613786433
3510.0,0.24558642685997145,0.2512254765830403,0.2516692142764084,0.2515188822805792
3520.0,0.24563600437443778,0.2512117107621687,0.25165046454547557,0.25150182031791735
3530.0,0.24568502498411005,0.25119809964293927,0.25163192511830146,0.2514849502546486
3540.0,0.24573349494404997,0.25118464152892106,0.25161359342487927,0.2514682701021491
3550.0,0.245781420442369,0.2511713346148241,0.25159546751273815,0.2514517774300682
3560.0,0.24582880759808937,0.2511581770838102,0.2515775456161512,0.25143546970194863
3570.0,0.24587566245799014,0.25114516725732405,0.251559825464194,0.2514193448204912
3580.0,0.2459219909982304,0.2511323035806663,0.2515423043261865,0.25140340109491627
3590.0,0.24596779912901207,0.25111958449132943,0.2515249795965381,0.2513876367831199
3600.0,0.24601309269711477,0.2511070083418767,0.2515078491573305,0.25137204980367756
3610.0,0.24605787748547148,0.25109457342530056,0.25149091128319384,0.2513566378060336
3620.0,0.2461021592105113,0.251082278095903,0.2514741640919983,0.2513413986015869
3630.0,0.24614594352130614,0.25107012084124664,0.25145760520259347,0.2513263304348532
3640.0,0.24618923600287704,0.2510581001963367,0.25144123211010133,0.2513114316906844
3650.0,0.24623204217929479,0.251046214662032,0.2514250425534764,0.25129670060519627
3660.0,0.24627436751525492,0.25103446265657914,0.25140903474999415,0.2512821350781712
3670.0,0.24631621741429013,0.251022842593296,0.25139320705780405,0.25126773293460924
3680.0,0.2463575972168195,0.2510113529819765,0.2513775575063369,0.25125349229486654
3690.0,0.24639851220100575,0.25099999243988463,0.25136208372575564,0.2512394116333535
3700.0,0.2464389675863609,0.2509887595882989,0.25134678341063815,0.2512254894147016
3710.0,0.24647896853656567,0.2509776529674323,0.2513316547147479,0.2512117237812536
3720.0,0.24651852015864556,0.25096667107579396,0.2513166960860113,0.25119811267954867
3730.0,0.2465576275008332,0.25095581246912446,0.2513019058207511,0.2511846542092907
3740.0,0.2465962955523071,0.2509450758027435,0.2512872818572851,0.2511713467876638
3750.0,0.2466345292455082,0.25093445978449375,0.25127282197386375,0.25115818899613385
3760.0,0.24667233345909023,0.2509239630864642,0.2512585241914814,0.25114517926296365
3770.0,0.2467097130192038,0.2509135843092939,0.2512443869496798,0.251132315721822
3780.0,0.2467466726978132,0.2509033220575434,0.251230408770995,0.25111959647364795
3790.0,0.24678321721119204,0.2508931750216393,0.2512165878829347,0.25110701988423345
3800.0,0.2468193512207959,0.25088314197714934,0.2512029222086814,0.25109458459337286
3810.0,0.24685507933652803,0.25087322169565013,0.25118940976142873,0.2510822892063926
3820.0,0.24689040611861432,0.25086341289104785,0.2511760488958157,0.25107013209452167
3830.0,0.2469253360770634,0.2508537142454965,0.2511628382052768,0.2510581114721628
3840.0,0.24695987367036143,0.25084412447782334,0.25114977621149054,0.2510462256403242
3850.0,0.24699402330471446,0.25083464240126435,0.2511368610882803,0.25103447320574035
3860.0,0.24702778933606556,0.2508252668798007,0.2511240908500959,0.25102285293403737
3870.0,0.24706117607307485,0.2508159967351975,0.25111146377630494,0.2510113634154222
3880.0,0.24709418777812417,0.25080683072816684,0.25109897850176127,0.25100000299194725
3890.0,0.24712682866539426,0.2507977676318413,0.2510866336966656,0.2509887700060983
3900.0,0.24715910290002824,0.2507888062891875,0.2510744278003713,0.2509776630104125
3910.0,0.24719101459895615,0.25077994561282085,0.25106235900467155,0.25096668078355094
3920.0,0.24722256783314286,0.25077118452969815,0.25105042549977624,0.25095582213738227
3930.0,0.24725376662992046,0.250762521902796,0.2510386258393666,0.2509450856279164
3940.0,0.24728461497272067,0.25075395655400334,0.2510269588459703,0.25093446962730515
3950.0,0.24731511679889367,0.25074548735723207,0.2510154231885191,0.25092397265535465
3960.0,0.24734527599955994,0.2507371132718068,0.2510040172224038,0.250913593506229
3970.0,0.24737509642168873,0.2507288332919422,0.2509927392060014,0.2509033310803672
3980.0,0.24740458187056263,0.2507206463773034,0.2509815876158537,0.2508931841362798
3990.0,0.2474337361104428,0.25071255143359633,0.25097056124620787,0.2508831512097525
4000.0,0.24746256286324403,0.25070454737154096,0.2509596589496012,0.2508732308156133
4010.0,0.24749106580742733,0.2506966331674513,0.25094887935656024,0.2508634216685606
4020.0,0.2475192485786265,0.2506888078699197,0.2509382208296086,0.2508537227218447
4030.0,0.24754711477204766,0.2506810705333785,0.2509276817604686,0.25084413293410474
4040.0,0.24757466794452843,0.25067342015050875,0.2509172608858399,0.25083465101912245
4050.0,0.2476019116141797,0.25066585567539457,0.25090695719058376,0.2508252755198415
4060.0,0.24762884925829956,0.25065837611319886,0.2508967694994776,0.25081600512902347
4070.0,0.2476554843133044,0.2506509805432097,0.2508866963708585,0.2508068387726269
4080.0,0.24768182017645057,0.2506436680831773,0.2508767362397282,0.2507977755006434
4090.0,0.24770786020805102,0.25063643782833556,0.2508668876945805,0.25078881426903243
4100.0,0.24773360773281816,0.25062928880262103,0.25085714971220835,0.25077995375235196
4110.0,0.24775906603822237,0.25062222002614415,0.2508475213617426,0.2507711925738904
4120.0,0.24778423837282126,0.25061523059521673,0.2508380014342282,0.2507625295977333
4130.0,0.2478091279469739,0.2506083196853678,0.2508285884127812,0.2507539639548766
4140.0,0.24783373793554314,0.2506014864707097,0.2508192808342787,0.25074549475946806
4150.0,0.24785807147997935,0.25059473005540056,0.25081007760916485,0.25073712085545474
4160.0,0.24788213168757525,0.25058804950572383,0.25080097788576866,0.2507288409209318
4170.0,0.2479059216294513,0.2505814439370812,0.25079198065457453,0.25072065377889247
4180.0,0.2479294443403898,0.25057491253644915,0.25078308464511717,0.2507125584780434
4190.0,0.24795270282019954,0.2505684545424291,0.2507742883941606,0.25070455424321025
4200.0,0.24797570003647207,0.25056206916098284,0.250765590629223,0.25069664017332155
4210.0,0.24799843892569168,0.2505557555203876,0.25075699049047506,0.2506888150634451
4220.0,0.2480209223916047,0.2505495127392341,0.2507484872297516,0.250681077639409
4230.0,0.24804315330306795,0.25054334002226625,0.2507400797670841,0.25067342690758115
4240.0,0.2480651344948633,0.2505372366569643,0.25073176669295894,0.2506658621552129
4250.0,0.24808686877080444,0.25053120191536865,0.2507235467091141,0.25065838260471224
4260.0,0.2481083589054115,0.2505252350041692,0.25071541885968307,0.25065098723073564
4270.0,0.24812960764311695,0.2505193350903977,0.2507073824298478,0.25064367483663696
4280.0,0.2481506176962892,0.2505135013853218,0.2506994365670192,0.25063644435136917
4290.0,0.24817139174476838,0.25050773318335046,0.2506915800906924,0.2506292949811882
4300.0,0.24819193243773482,0.25050202981787867,0.2506838116806687,0.2506222260637172
4310.0,0.24821224239615997,0.25049639058063394,0.2506761302459619,0.2506152367772436
4320.0,0.24823232421355915,0.2504908146960955,0.2506685350534688,0.25060832603687583
4330.0,0.2482521804542447,0.2504853013903251,0.2506610254215014,0.2506014927339282
4340.0,0.2482718136518104,0.25047984996288875,0.2506536003874424,0.2505947359978579
4350.0,0.24829122630974218,0.250474459784689,0.2506462587071476,0.25058805519842065
4360.0,0.24831042090426733,0.2504691302125428,0.2506389992342338,0.2505814496489555
4370.0,0.24832939988577335,0.25046386054366876,0.25063182113354865,0.25057491843700863
4380.0,0.2483481656778847,0.2504586500460547,0.25062472375809525,0.2505684605179647
4390.0,0.24836672067622237,0.25045349801524724,0.2506177063917071,0.2505620749168227
4400.0,0.24838506724743795,0.2504484038302609,0.25061076798126114,0.25055576094103943
4410.0,0.24840320773087665,0.25044336691276764,0.2506039073134604,0.25054951804289477
4420.0,0.24842114444130634,0.25043838663381274,0.25059712344150065,0.2505433454833797
4430.0,0.24843887966948563,0.2504334622997426,0.2505904157556836,0.2505372422750876
4440.0,0.24845641567997484,0.2504285932306721,0.25058378363741457,0.2505312074519379
4450.0,0.24847375471026262,0.2504237788079319,0.25057722623981066,0.25052524024199424
4460.0,0.2484908989713451,0.25041901847414844,0.250570742471621,0.2505193400828849
4470.0,0.24850785064986727,0.2504143116716535,0.2505643312718188,0.25051350640665976
4480.0,0.2485246119098852,0.2504096577794486,0.25055799190414957,0.25050773840651597
4490.0,0.2485411848922163,0.2504050561368134,0.25055172386231234,0.2505020351086573
4500.0,0.24855757171250845,0.25040050612235637,0.25054552651072504,0.25049639565440945
4510.0,0.24857377446063295,0.2503960071959628,0.2505393988823751,0.2504908194610285
4520.0,0.24858979520250885,0.25039155884886116,0.25053333989690824,0.25048530605172104
4530.0,0.24860563598239815,0.2503871605271574,0.2505273487104771,0.2504798547799667
4540.0,0.2486212988235118,0.25038281161521725,0.25052142479626754,0.25047446476500274
4550.0,0.2486367857260353,0.2503785115029322,0.25051556765301514,0.25046913511801666
4560.0,0.24865209866590146,0.250374259645824,0.2505097765261675,0.2504638651621064
4570.0,0.2486672395955996,0.25037005555716907,0.250504050426802,0.25045865442042864
4580.0,0.24868221044601418,0.250365898754934,0.2504983883687117,0.25045350243033954
4590.0,0.24869701312846162,0.2503617886856504,0.2504927897245508,0.2504484084613365
4600.0,0.24871164953398667,0.2503577247522186,0.25048725410871314,0.2504433716050809
4610.0,0.248726121530968,0.2503537064076362,0.2504817809515845,0.2504383911098106
4620.0,0.24874043096480594,0.25034973318292386,0.2504763693650489,0.25043346648722065
4630.0,0.2487545796599325,0.25034580463129247,0.25047101838356645,0.2504285973252079
4640.0,0.24876856942182482,0.25034192026369373,0.2504657272579521,0.2504237830565287
4650.0,0.24878240203732968,0.25033807953311293,0.2504604955390684,0.25041902289048834
4660.0,0.2487960792730644,0.250334281894748,0.2504553228123272,0.2504143160198598
4670.0,0.24880960287408263,0.2503305268665621,0.25045020841716664,0.250409661842188
4680.0,0.24882297456443703,0.2503268140294614,0.25044515143131935,0.2504050599747816
4690.0,0.2488361960493601,0.2503231429588048,0.25044015097846506,0.2504005100133693
4700.0,0.24884926901695203,0.25031951316197854,0.2504352065213821,0.2503960112996866
4710.0,0.24886219513741958,0.25031592410669856,0.25043031774200786,0.25039156301387333
4720.0,0.24887497606087416,0.2503123753085732,0.2504254841423833,0.25038716448816867
4730.0,0.24888761341700477,0.25030886635369415,0.2504207049399249,0.2503828152893755
4740.0,0.2489001088168953,0.25030539685268455,0.2504159792587501,0.2503785150716694
4750.0,0.24891246385472357,0.25030196638791935,0.2504113063697816,0.2503742633875749
4760.0,0.24892468010889632,0.2502985744650502,0.2504066859254555,0.2503700595005973
4770.0,0.24893675914004262,0.2502952205856346,0.25040211763964804,0.2503659026346741
4780.0,0.24894870248921067,0.25029190432531784,0.2503976009250856,0.25036179226038524
4790.0,0.24896051167853442,0.25028862533021773,0.25039313489424186,0.2503577280970054
4800.0,0.2489721882137711,0.25028538323402166,0.2503887187324788,0.2503537098197278
4810.0,0.2489837335860202,0.2502821775944042,0.25038435199624093,0.250349736823334
4820.0,0.2489951492706064,0.25027900793123753,0.2503800344496589,0.2503458083484965
4830.0,0.24900643672496175,0.2502758738106499,0.25037576568201036,0.2503419237823773
4840.0,0.24901759738820337,0.25027277486962274,0.2503715449935641,0.250338082748609
4850.0,0.24902863268270997,0.2502697107811567,0.25036737153354216,0.2503342850025905
4860.0,0.24903954401636003,0.2502666811796825,0.2503632446401622,0.2503305301637946
4870.0,0.2490503327833921,0.2502636856188524,0.25035916405065645,0.2503268175470983
4880.0,0.24906100036245937,0.2502607236434436,0.25035512958188577,0.25032314641221054
4890.0,0.24907154811442075,0.25025779488227,0.2503511406994704,0.2503195163038381
4900.0,0.24908197738310262,0.250254899038379,0.2503471965497086,0.25031592702880906
4910.0,0.2490922894982749,0.2502520357891609,0.25034329640933506,0.25031237830322844
4920.0,0.24910248577698174,0.25024920474043905,0.25033943989937985,0.25030886958319865
4930.0,0.24911256752236893,0.2502464054604487,0.2503356268463615,0.25030540017082015
4940.0,0.24912253602161036,0.2502436375607509,0.25033185691611176,0.2503019695015262
4950.0,0.24913239254542677,0.2502409007303717,0.25032812944503396,0.2502985772791668
4960.0,0.24914213834982638,0.25023819468843295,0.2503244436441325,0.25029522331760745
4970.0,0.24915177467836142,0.2502355191039242,0.25032079896710996,0.25029190725060374
4980.0,0.24916130276251233,0.25023287357675406,0.250317195209216,0.25028862845151684
4990.0,0.24917072381970193,0.2502302577099663,0.25031363218498565,0.25028538628534536
5000.0,0.24918003905171782,0.2502276711779553,0.2503101094124433,0.2502821803578828
5010.0,0.24918924964533343,0.2502251137181667,0.25030662614017607,0.25027901049632306
5020.0,0.2491983567749802,0.2502225850451055,0.25030318173098154,0.250275876448932
5030.0,0.2492073616038603,0.25022008480904434,0.25029977585682933,0.25027277773026524
5040.0,0.2492162652827504,0.2502176126316202,0.25029640835172323,0.2502697137339054
5050.0,0.24922506894859536,0.25021516816244677,0.2502930789548579,0.2502666839340992
5060.0,0.24923377372357738,0.2502127511293317,0.2502897870684217,0.2502636880786684
5070.0,0.24924238071667715,0.25021036129404806,0.2502865319506685,0.2502607260386054
5080.0,0.24925089102619705,0.2502079983611294,0.2502833131342886,0.2502577974783841
5090.0,0.24925930574000146,0.2502056619681516,0.25028013047851466,0.25025490181333143
5100.0,0.2492676259330897,0.2502033517717976,0.25027698378481333,0.25025203851029854
5110.0,0.24927585266707014,0.2502010674729542,0.25027387268317736,0.2502492071767975
5120.0,0.2492839869898267,0.2501988088460829,0.25027079648265066,0.2502464076814389
5130.0,0.24929202993818186,0.25019657565399706,0.25026775455118105,0.2502436398566392
5140.0,0.24929998253947713,0.2501943675879252,0.25026474659588915,0.2502409032767077
5150.0,0.24930784581054224,0.2501921842949166,0.25026177255541016,0.25023819733913016
5160.0,0.24931562075562494,0.25019002545800545,0.2502588322356139,0.2502355215507549
5170.0,0.24932330836545763,0.2501878908470189,0.2502559250639575,0.2502328757235651
5180.0,0.2493309096190808,0.25018578026459254,0.25025305032592354,0.25023025979040225
5190.0,0.2493384254864343,0.2501836934523204,0.25025020759546646,0.25022767346577796
5200.0,0.24934585692860758,0.2501816300795637,0.2502473967938927,0.25022511619793525
5210.0,0.24935320489530893,0.250179589829358,0.2502446178108935,0.2502225874644387
5220.0,0.2493604703237091,0.250177572449704,0.2502418702665485,0.2502200869600376
5230.0,0.24936765413926112,0.2501755777420487,0.2502391535463,0.25021761457238934
5240.0,0.2493747572574592,0.25017360550517664,0.250236467052415,0.2502151701849483
5250.0,0.24938178058570012,0.2501716554608905,0.25023381055309113,0.25021275340031734
5260.0,0.24938872502232254,0.25016972728559095,0.25023118404845657,0.2502103636436291
5270.0,0.24939559145404955,0.25016782070690524,0.25022858733111064,0.2502080005079337
5280.0,0.24940238075559212,0.2501659355295144,0.2502260198610381,0.2502056638538545
5290.0,0.24940909379174697,0.2501640715725927,0.25022348103739916,0.2502033535982603
5300.0,0.249415731419182,0.2501622286080576,0.2502209704807138,0.25020106949204574
5310.0,0.24942229448656114,0.250160406347498,0.25021848810576114,0.2501988110601789
5320.0,0.249428783832818,0.2501586045029057,0.2502160338530695,0.2501965778112059
5330.0,0.2494352002856352,0.2501568228507085,0.25021360739176135,0.2501943694718941
5340.0,0.24944154466203397,0.25015506122653525,0.2502112081289884,0.2501921859824416
5350.0,0.24944781777054975,0.25015331945199953,0.2502088355397901,0.25019002723765976
5360.0,0.24945402041268994,0.2501515972768157,0.25020648943987955,0.25018789287061405
5370.0,0.24946015338188607,0.2501498944128099,0.2502041698401144,0.25018578236518885
5380.0,0.24946621746130054,0.2501482106182416,0.25020187656188686,0.2501836953585702
5390.0,0.24947221342339643,0.2501465457194332,0.25019960913664013,0.25018163172052943
5400.0,0.24947814203174096,0.2501448995626573,0.25019736700705736,0.25017959139854357
5410.0,0.24948400404258123,0.2501432719605641,0.25019514977119395,0.25017757422565995
5420.0,0.2494898002057923,0.2501416626460082,0.2501929574086819,0.2501755797395168
5430.0,0.2494955312626934,0.25014007134818583,0.25019078994329125,0.2501736074458287
5440.0,0.24950119794413825,0.250138497872062,0.2501886470737587,0.25017165711004025
5450.0,0.24950680097120695,0.25013694208911674,0.2501865282015444,0.25016972873813115
5460.0,0.24951234105779027,0.25013540384860244,0.2501844328311961,0.2501678222624103
5470.0,0.24951781891201488,0.25013388292140026,0.2501823608344852,0.25016593733209885
5480.0,0.24952323523482586,0.25013237904521446,0.25018031225572634,0.25016407346423264
5490.0,0.24952859071802425,0.25013089199961513,0.25017828697044314,0.2501622303119167
5500.0,0.24953388604367296,0.25012942163383206,0.25017628455562435,0.2501604077668699
5510.0,0.24953912188563715,0.25012796783022234,0.25017430443598176,0.25015860584815797
5520.0,0.24954429891183388,0.25012653042428684,0.25017234624938633,0.2501568244144921
5530.0,0.24954941778476913,0.2501251091710759,0.2501704100185417,0.2501550630256125
5540.0,0.2495544791595077,0.2501237038169828,0.25016849583125705,0.2501533211922517
5550.0,0.24955948368138467,0.250122314193421,0.2501666034055177,0.25015159871967585
5560.0,0.24956443198679537,0.25012094020161757,0.25016473214674245,0.25014989566484386
5570.0,0.24956932470616744,0.25011958170967236,0.25016288161210803,0.25014821197205134
5580.0,0.24957416246502692,0.25011823851329007,0.2501610516934466,0.25014654732823566
5590.0,0.2495789458826881,0.25011691037064243,0.2501592424762602,0.2501449012704085
5600.0,0.24958367557012978,0.2501155970825714,0.25015745387570787,0.2501432734715902
5610.0,0.24958835212949157,0.25011429852573974,0.2501556854713787,0.25014166387338926
5620.0,0.24959297615570952,0.250113014604771,0.25015393671479313,0.2501400725247257
5630.0,0.24959754823883493,0.25011174516623774,0.2501522073247096,0.2501384992702171
5640.0,0.24960206896418213,0.25011048998574875,0.25015049735799855,0.2501369436920699
5650.0,0.24960653891007975,0.2501092488469843,0.2501488068563878,0.2501354053865475
5660.0,0.2496109586464023,0.25010802160249884,0.2501471355649955,0.25013388418610266
5670.0,0.24961532873519804,0.2501068081633925,0.2501454829673745,0.25013238013403427
5680.0,0.24961964973323136,0.2501056084148227,0.2501438486630886,0.25013089318885673
5690.0,0.24962392219299154,0.2501044221740909,0.2501422325670524,0.25012942306586444
5700.0,0.24962814666138874,0.2501032492284789,0.25014063475153636,0.2501279693585954
5710.0,0.24963232367812832,0.25010208939723116,0.2501390551642592,0.25012653176038063
5720.0,0.24963645377490404,0.25010094257496224,0.25013749341736874,0.25012511023276435
5730.0,0.24964053747696818,0.2500998086835704,0.2501359489984502,0.2501237048410106
5740.0,0.24964457530546166,0.2500986875854687,0.2501344216694108,0.2501223154396582
5750.0,0.2496485677775481,0.2500975790751781,0.2501329115118958,0.25012094163537735
5760.0,0.24965251540390565,0.2500964829641796,0.25013141855134036,0.2501195830805737
5770.0,0.24965641868774016,0.250095399122863,0.2501299425625797,0.2501182396268165
5780.0,0.24966027812550656,0.2500943274702269,0.2501284831000871,0.25011691130417874
5790.0,0.24966409420863286,0.25009326791649417,0.25012703975564976,0.2501155981192226
5800.0,0.2496678674250962,0.2500922202984108,0.2501256124628728,0.25011429981361966
5810.0,0.24967159825830468,0.2500911844130797,0.25012420135436336,0.25011301597425156
5820.0,0.24967528718483703,0.2500901601030179,0.25012280637413004,0.2501117463380145
5830.0,0.2496789346739582,0.25008914728536247,0.2501214271342116,0.2501104909064671
5840.0,0.24968254118953825,0.25008814589083017,0.25012006318392344,0.25010924973570753
5850.0,0.24968610719181134,0.250087155799477,0.2501187143046278,0.2501080227040833
5860.0,0.24968963313761638,0.2500861768270727,0.25011738057962635,0.250106809455684
5870.0,0.2496931194781302,0.25008520880125923,0.2501160620575817,0.2501056096630283
5880.0,0.24969656665800496,0.25008425159569553,0.25011475859698146,0.25010442314931747
5890.0,0.24969997511514896,0.250083305157571,0.25011346972015513,0.25010325000712436
5900.0,0.24970334528329347,0.2500823694193802,0.25011219501089227,0.25010209028643343
5910.0,0.249706677593618,0.25008144423036555,0.2501109344386597,0.2501009437373561
5920.0,0.2497099724735199,0.25008052939404,0.2501096881991457,0.2500998099332937
5930.0,0.24971323034395387,0.25007962476775597,0.2501084562604823,0.2500986886278072
5940.0,0.24971645161897815,0.2500787302902147,0.2501072382280413,0.25009757986276515
5950.0,0.2497196367080728,0.250077845906581,0.2501060336753631,0.2500964837099824
5960.0,0.24972278601758033,0.2500769715176217,0.2501048423759931,0.2500954000888041
5970.0,0.2497258999512598,0.25007610695122323,0.25010366444433724,0.250094328653179
5980.0,0.24972897890800172,0.2500752520373357,0.2501025000068264,0.25009326904783546
5990.0,0.24973202328020952,0.25007440667360187,0.2501013488980824,0.25009222114810553
6000.0,0.2497350334543758,0.2500735708222506,0.25010021065608146,0.2500911850672914
6010.0,0.24973800981339914,0.25007274443024563,0.2500990848820371,0.2500901608743174
6020.0,0.2497409527382368,0.25007192735933637,0.25009797157132146,0.2500891483311047
6030.0,0.2497438626066297,0.2500711194256959,0.2500968709434276,0.25008814702424614
6040.0,0.2497467397904021,0.250070320501104,0.2500957829805191,0.2500871567279741
6050.0,0.24974958465499233,0.25006953053725745,0.2500947073107988,0.2500861774969507
6060.0,0.24975239756179277,0.25006874949572455,0.2500936435107539,0.2500852094317281
6070.0,0.24975517886986162,0.2500679772844354,0.2500925913973439,0.2500842524483584
6080.0,0.24975792893578888,0.2500672137492859,0.2500915510830684,0.25008330623185615
6090.0,0.2497606481121003,0.250066458729544,0.25009052272949805,0.25008237042885706
6100.0,0.2497633367451933,0.25006571214203566,0.25008950615571574,0.25008144495705475
6110.0,0.2497659951760963,0.2500649739646224,0.25008850090258256,0.25008052995669816
6120.0,0.24976862374316527,0.2500642441415446,0.25008750666021795,0.25007962545507156
6130.0,0.2497712227830253,0.2500635225458424,0.2500865234446812,0.25007873122645047
6140.0,0.24977379262915586,0.2500628090199431,0.2500855514276055,0.2500778469232949
6150.0,0.24977633360988763,0.25006210344999424,0.2500845905987959,0.25007697234132165
6160.0,0.2497788460480346,0.25006140579134345,0.25008364063786276,0.2500761075227586
6170.0,0.24978133026262309,0.2500607160158633,0.2500827011435098,0.2500752525780032
6180.0,0.2497837865707166,0.25006003404334554,0.2500817719493146,0.2500744074366227
6190.0,0.24978621528746742,0.250059359729302,0.2500808531928511,0.2500735717903789
6200.0,0.24978861672419678,0.25005869293215643,0.25007994501508424,0.250072745328562
6210.0,0.24979099118674505,0.2500580335812702,0.250079047243608,0.25007192798837613
6220.0,0.24979333897621978,0.2500573816594366,0.25007815946254186,0.25007111990180114
6230.0,0.249795660391442,0.25005673711555176,0.2500772814086981,0.2500703210843075
6240.0,0.24979795572948207,0.2500560998491321,0.25007641303918154,0.25006953138220367
6250.0,0.24980022528521706,0.2500554697080554,0.2500755545640443,0.25006875044268256
6260.0,0.24980246934894493,0.2500548465775167,0.2500747060415554,0.25006797803198233
6270.0,0.24980468820546237,0.25005423042707037,0.2500738671499795,0.2500672142174871
6280.0,0.2498068821360195,0.2500536212507183,0.250073037448457,0.2500664591648045
6290.0,0.24980905142063128,0.25005301897932847,0.2500722167802404,0.2500657128197992
6300.0,0.24981119633809254,0.25005242346943546,0.2500714053375364,0.2500649748549349
6310.0,0.24981331716359212,0.25005183458653213,0.250070603288459,0.2500642449614161
6320.0,0.24981541416707367,0.25005125227162683,0.25006981046814253,0.2500635230931563
6330.0,0.24981748761409933,0.2500506765213913,0.2500690264567829,0.25006280940772574
6340.0,0.24981953776841162,0.25005010730068006,0.2500682509718655,0.2500621039590421
6350.0,0.24982156489281296,0.2500495445035448,0.25006748405474616,0.2500614065488954
6360.0,0.24982356924772142,0.25004898799489167,0.2500667258953646,0.25006071686202164
6370.0,0.24982555108944268,0.2500484376752792,0.25006597653700596,0.25006003469827154
6380.0,0.24982751066944128,0.25004789352076384,0.25006523568100075,0.25005936012879343
6390.0,0.24982944823599754,0.250047355530063,0.250064502919552,0.2500586933143868
6400.0,0.24983136403647357,0.2500468236385291,0.25006377813186836,0.25005803419312833
6410.0,0.24983325831729175,0.25004629771332193,0.25006306151407875,0.2500573824553069
6420.0,0.2498351313213369,0.2500457776413269,0.2500623531884876,0.25005673784884797
6430.0,0.24983698328696125,0.25004526337002825,0.25006165301395583,0.25005610032905395
6440.0,0.24983881444883946,0.25004475489179967,0.25006096064033567,0.25005547001902456
6450.0,0.24984062503960147,0.2500442521878626,0.2500602757606619,0.2500548470118734
6460.0,0.24984241529138274,0.25004375516268085,0.25005959842085834,0.25005423112507746
6470.0,0.24984418543457437,0.2500432636818751,0.2500589288576709,0.250053622025879
6480.0,0.2498459356954452,0.2500427776610803,0.25005826709321977,0.25005301955025405
6490.0,0.24984766629576305,0.2500422970897663,0.2500576128164705,0.2500524237979996
6500.0,0.24984937745485122,0.25004182196410063,0.2500569656802731,0.25005183490077443
6510.0,0.24985106939113771,0.25004135222943125,0.2500563255653429,0.2500512528140874
6520.0,0.24985274232233895,0.2500408877664081,0.25005569265268895,0.2500506772585633
6530.0,0.24985439646316931,0.25004042846742996,0.2500550670853714,0.2500501079840286
6540.0,0.24985603202430287,0.25003997427711605,0.2500544487827575,0.2500495449158229
6550.0,0.249857649212483,0.25003952520669914,0.2500538373546355,0.2500489882261817
6560.0,0.24985924823292147,0.2500390812499872,0.25005323248054956,0.2500484380365411
6570.0,0.2498608292908589,0.2500386423155866,0.25005263423136925,0.25004789416218454
6580.0,0.2498623925902119,0.2500382082685027,0.250052042890375,0.2500473562509097
6590.0,0.24986393833085102,0.2500377790316353,0.25005145849013793,0.250046824147375
6600.0,0.24986546670826204,0.25003735460744037,0.2500508807044751,0.25004629797982186
6610.0,0.2498669779159997,0.25003693499714763,0.25005030920638194,0.25004577788047005
6620.0,0.24986847214681263,0.2500365201609577,0.2500497438488236,0.2500452638434055
6630.0,0.24986994959330786,0.2500361099828912,0.25004918483796784,0.25004475558583245
6640.0,0.24987141044554032,0.2500357043500667,0.2500486323838674,0.25004425282052495
6650.0,0.24987285488928385,0.2500353032226572,0.2500480863753988,0.2500437555126595
6660.0,0.2498742831068237,0.250034906621468,0.2500475464185587,0.250043263853149
6670.0,0.2498756952792801,0.25003451454604947,0.2500470122064208,0.2500427779682491
6680.0,0.2498770915881017,0.2500341269097401,0.25004648382746775,0.25004229767468983
6690.0,0.24987847221361695,0.25003374358472186,0.25004596157077313,0.2500418226308875
6700.0,0.24987983733241828,0.25003336449970043,0.25004544548012864,0.250041352687752
6710.0,0.249881187116938,0.25003298966180393,0.25004493524807203,0.25004088797318547
6720.0,0.24988252173779688,0.2500326190853487,0.2500444305237429,0.25004042865311094
6730.0,0.2498838413655027,0.2500322527271857,0.250043931210995,0.250039974696316
6740.0,0.24988514617014404,0.25003189048363916,0.25004343749951774,0.2500395258466985
6750.0,0.24988643631977128,0.250031532246219,0.2500429496164485,0.25003908181756057
6760.0,0.24988771197833715,0.25003117798560004,0.2500424674350251,0.2500386426010371
6770.0,0.24988897330652177,0.25003082773126456,0.25004199055684717,0.2500382084053659
6780.0,0.24989022046447582,0.2500304814739466,0.2500415187531656,0.2500377793084114
6790.0,0.24989145361261608,0.25003013913315053,0.2500410521175642,0.2500373551366686
6800.0,0.2498926729100901,0.25002980060017055,0.25004059088607405,0.25003693560366475
6810.0,0.2498938785128167,0.2500294658107804,0.2500401351062649,0.2500365205701374
6820.0,0.24989507057316956,0.25002913476917393,0.25003968451470243,0.25003611014295346
6830.0,0.24989624924164486,0.2500288074957606,0.2500392387652019,0.25003570449739204
6840.0,0.24989741466880117,0.2500284839527593,0.2500387977719993,0.25003530360643966
6850.0,0.24989856700514756,0.25002816403788714,0.2500383617513415,0.25003490720562316
6860.0,0.24989970639902984,0.2500278476580704,0.2500379308910118,0.25003451505188734
6870.0,0.2499008329951341,0.2500275347907915,0.2500375050643979,0.25003412714967593
6880.0,0.24990194693530313,0.2500272254636665,0.25003708391321866,0.2500337436878111
6890.0,0.24990304836098098,0.2500269196692847,0.25003666723077006,0.2500333647389637
6900.0,0.24990413741393144,0.25002661733380765,0.250036255111481,0.25003299014077934
6910.0,0.24990521423466644,0.2500263183625562,0.2500358477578967,0.2500326196448801
6920.0,0.2499062789611053,0.25002602268947133,0.25003544525601445,0.2500322530934084
6930.0,0.2499073317276823,0.2500257303232354,0.2500350473504478,0.25003189059863395
6940.0,0.24990837266698693,0.25002544129414767,0.2500346536790165,0.2500315323598484
6950.0,0.24990940191207828,0.25002515556532146,0.25003426418209496,0.25003117834050476
6960.0,0.2499104195962177,0.25002487303487647,0.25003387910222247,0.25003082826668277
6970.0,0.24991142585037068,0.2500245936229538,0.25003349859380564,0.2500304819328693
6980.0,0.24991242080228435,0.25002431730851293,0.25003312255300386,0.2500301393361983
6990.0,0.24991340457710332,0.25002404411981216,0.2500327506465265,0.25002980065655744
7000.0,0.249914377299485,0.25002377406060866,0.2500323826439999,0.25002946599590586
7010.0,0.24991533909465957,0.25002350706709464,0.2500320186194741,0.2500291352187711
7020.0,0.24991629008727098,0.2500232430353677,0.2500316588442769,0.25002880803308375
7030.0,0.24991723039916428,0.2500229819035303,0.2500313034128762,0.25002848428442864
7040.0,0.2499181601487438,0.25002272368968403,0.2500309520537852,0.2500281641077864
7050.0,0.2499190794527766,0.25002246843328224,0.2500306043886263,0.2500278477253143
7060.0,0.24991998842880228,0.25002221610219183,0.2500302603610065,0.2500275351079988
7070.0,0.24992088719488495,0.25002196659365855,0.250029920242198,0.25002722596925797
7080.0,0.24992177586684325,0.2500217198317463,0.25002958419279053,0.2500269201086194
7090.0,0.24992265455753265,0.2500214757932566,0.2500292521459124,0.2500266175032978
7100.0,0.24992352337704893,0.25002123451811326,0.2500289237398065,0.2500263183650307
7110.0,0.24992438243521464,0.25002099602226174,0.2500285987103443,0.25002602283217873
7120.0,0.24992523184293627,0.25002076023868236,0.25002827717066733,0.2500257307477134
7130.0,0.24992607171066478,0.25002052706140454,0.25002795942577516,0.25002544180215486
7140.0,0.2499269021460058,0.250020296435132,0.25002764556274304,0.25002515585611856
7150.0,0.2499277232531767,0.25002006838778257,0.2500273352886121,0.250024873070428
7160.0,0.24992853513516852,0.2500198429588092,0.250027028248456,0.2500245936575657
7170.0,0.2499293378958444,0.2500196201192773,0.25002672439320883,0.25002431759166877
7180.0,0.2499301316396882,0.25001939977222065,0.25002642398877983,0.2500240445993106
7190.0,0.24993091646919666,0.2500191818399376,0.25002612722877443,0.2500237744620907
7200.0,0.2499316924836858,0.25001896631463644,0.25002583399655903,0.2500235072051181
7210.0,0.24993245978040576,0.25001875323190514,0.25002554396997057,0.25002324301771794
7220.0,0.24993321845633232,0.25001854260728046,0.2500252569080309,0.2500229820283557
7230.0,0.2499339686094628,0.250018334378314,0.2500249729271227,0.2500227240850999
7240.0,0.24993471033750578,0.25001812844533616,0.25002469232438185,0.25002246889277563
7250.0,0.24993544373539972,0.25001792476457235,0.2500244151517689,0.25002221634825844
7260.0,0.24993616889497533,0.2500177233662172,0.25002414112779686,0.25002196661101006
7270.0,0.24993688590734162,0.2500175242795704,0.25002386996416687,0.2500217198489205
7280.0,0.2499375948642811,0.2500173274794537,0.2500236016130634,0.25002147604320124
7290.0,0.24993829585789873,0.2500171328853147,0.2500233362874768,0.2500212349693093
7300.0,0.24993898897899544,0.2500169404170815,0.2500230742118552,0.2500209963920674
7310.0,0.2499396743152786,0.2500167500687097,0.25002281527853815,0.25002076033747306
7320.0,0.24994035195224504,0.250016561885986,0.2500225591375947,0.2500205270241738
7330.0,0.24994102197563292,0.2500163758785398,0.25002230559553296,0.25002029655029384
7340.0,0.24994168447224385,0.2500161919829082,0.25002205479179673,0.2500200687530507
7350.0,0.24994233952826914,0.2500160101153978,0.25002180696828674,0.2500198433880458
7360.0,0.249942987227669,0.25001583023266544,0.25002156219275573,0.2500196203469093
7370.0,0.2499436276515739,0.25001565235804396,0.25002132023433943,0.25001939975604215
7380.0,0.24994426088007723,0.2500154765307419,0.2500210807779765,0.2500191818112038
7390.0,0.2499448869940378,0.2500153027384502,0.2500208437332097,0.2500189665343018
7400.0,0.24994550607524993,0.2500151308946294,0.25002060935689013,0.25001875367323007
7410.0,0.2499461182042721,0.25001496091376935,0.25002037791610304,0.250018542965855
7420.0,0.2499467234583998,0.25001479279480404,0.25002014929828736,0.2500183344485083
7430.0,0.24994732191265914,0.25001462659512735,0.2500199231179636,0.2500181283742494
7440.0,0.24994791364264,0.25001446232882285,0.2500196991778978,0.25001792485063895
7450.0,0.2499484987252939,0.25001429993195606,0.25001947763385773,0.2500177237088918
7460.0,0.24994907723707618,0.25001413931802197,0.25001925875713005,0.25001752468777133
7470.0,0.24994964925204236,0.250013980448344,0.25001904261379665,0.2500173276858165
7480.0,0.24995021484162663,0.25001382335284966,0.2500188289558977,0.25001713284962557
7490.0,0.24995077407637653,0.25001366807477876,0.25001861746398235,0.25001694038486194
7500.0,0.2499513270279023,0.25001351459492427,0.250018408097241,0.250016750279932
7510.0,0.24995187376863515,0.25001336282942027,0.2500182011167483,0.25001656228519586
7520.0,0.24995241436959095,0.2500132127079698,0.25001799673402986,0.25001637618840894
7530.0,0.2499529488989237,0.25001306423337405,0.25001779483297315,0.2500161920347287
7540.0,0.24995347742290777,0.25001291745516235,0.25001759507908805,0.25001601004284135
7550.0,0.24995400000834392,0.2500127723848663,0.25001739730152817,0.25001583030526114
7560.0,0.24995451672321314,0.25001262896586784,0.2500172016378296,0.25001565267308895
7570.0,0.24995502763500455,0.2500124871227605,0.25001700832329493,0.2500154769189396
7580.0,0.2499555328093073,0.2500123468133818,0.25001681745404747,0.250015302923263
7590.0,0.2499560323090957,0.25001220806848773,0.25001662879118597,0.25001513083123017
7600.0,0.24995652619639225,0.2500120709371093,0.2500164420026221,0.25001496086387587
7610.0,0.24995701453452915,0.2500119353987087,0.2500162570689132,0.25001479299784846
7620.0,0.24995749738779197,0.2500118013683598,0.2500160742691531,0.25001462697469456
7630.0,0.24995797481882873,0.2500116687874574,0.2500158937732338,0.25001446262047955
7640.0,0.2499584468878162,0.2500115376563905,0.250015715491085,0.2500142999647077
7650.0,0.24995891365316952,0.25001140802251387,0.25001553911153684,0.2500141392127792
7660.0,0.2499593751736015,0.2500112799075154,0.25001536443001143,0.25001398048887113
7670.0,0.24995983150923756,0.2500111532604527,0.25001519156961216,0.2500138236606971
7680.0,0.2499602827202041,0.2500110279952236,0.2500150208273097,0.25001366845726203
7690.0,0.24996072886443974,0.2500109040722209,0.2500148523009427,0.25001351476239614
7700.0,0.24996116999721896,0.25001078152993583,0.25001468572931923,0.2500133627435254
7710.0,0.249961606173036,0.2500106604225871,0.25001452076874076,0.2500132126356356
7720.0,0.24996203744788031,0.250010540731423,0.2500143574031038,0.2500130644175924
7730.0,0.24996246387885826,0.2500104223699864,0.25001419593017327,0.2500129178209815
7740.0,0.24996288552143892,0.2500103052817828,0.25001403652103316,0.25001277267574457
7750.0,0.24996330242883472,0.25001018946127124,0.2500138791268628,0.25001262898303067
7760.0,0.24996371465217268,0.25001007496676175,0.25001372339831923,0.25001248698274575
7770.0,0.24996412224306702,0.2500099618289116,0.2500135690991626,0.2500123468288582
7780.0,0.24996452525490742,0.25000984999272097,0.2500134163829512,0.2500122083694198
7790.0,0.24996492374120224,0.2500097393665943,0.2500132655834695,0.2500120713087334
7800.0,0.24996531775311062,0.2500096299153033,0.25001311678892385,0.2500119355426616
7810.0,0.2499657073390537,0.2500095216862097,0.25001296970906073,0.25001180126567524
7820.0,0.24996609254704644,0.25000941473094734,0.25001282402365066,0.250011668698355
7830.0,0.2499664734266014,0.2500093090325302,0.25001267971813584,0.25001153782273206
7840.0,0.24996685002837246,0.25000920450820796,0.25001253708264615,0.25001140838077285
7850.0,0.24996722240157565,0.2500091010961829,0.25001239632654554,0.2500112801756953
7860.0,0.2499675905928141,0.2500089988063363,0.2500122573389529,0.25001115326189616
7870.0,0.24996795464725108,0.250008897690809,0.2500121198072327,0.25001102785470664
7880.0,0.24996831461050437,0.25000879777591506,0.25001198352562115,0.2500109040879588
7890.0,0.24996867052978497,0.2500086990097151,0.25001184864640374,0.2500107818140956
7900.0,0.2499690224524431,0.2500086013078988,0.25001171547986795,0.25001066075978945
7910.0,0.24996937042358947,0.25000850464335883,0.2500115840840437,0.2500105408490073
7920.0,0.2499697144858256,0.25000840906178884,0.2500114541873699,0.25001042226501496
7930.0,0.24997005468166383,0.25000831460509304,0.2500113255235513,0.2500103051896911
7940.0,0.24997039105489763,0.25000822125803557,0.25001119807826755,0.2500101896087986
7950.0,0.24997072365009193,0.25000812895257335,0.25001107208617934,0.25001007531115477
7960.0,0.24997105251100182,0.25000803762243323,0.25001094778666627,0.250009962079898
7970.0,0.24997137767876712,0.2500079472778438,0.250010825073972,0.25000984996941644
7980.0,0.2499716991928811,0.2500078579792008,0.25001070360674854,0.25000973922116887
7990.0,0.2499720170937392,0.2500077697449775,0.25001058322587566,0.25000962993540693
8000.0,0.24997233142330524,0.2500076825210412,0.2500104641016078,0.250009521954045
8010.0,0.2499726422233398,0.25000759623538554,0.25001034649636783,0.2500094150449061
8020.0,0.2499729495336263,0.25000751086387274,0.2500102304649172,0.250009309137583
8030.0,0.2499732533917972,0.2500074264468594,0.2500101157670205,0.25000920439432217
8040.0,0.24997355383525013,0.25000734302738775,0.25001000213929736,0.25000910099806406
8050.0,0.24997385090261404,0.2500072605943223,0.25000988955785425,0.25000899894520867
8060.0,0.2499741446335103,0.2500071790780284,0.25000977827322124,0.2500088980152394
8070.0,0.2499744350666491,0.2500070984168734,0.25000966851163725,0.25000879800483955
8080.0,0.24997472223825778,0.2500070186233274,0.2500095601645448,0.2500086989738694
8090.0,0.24997500618302304,0.25000693975764887,0.25000945289910903,0.2500086011602184
8100.0,0.24997528693657464,0.25000686183717796,0.250009346570872,0.2500085046553748
8110.0,0.24997556453609415,0.2500067848125387,0.25000924133401703,0.2500084093173494
8120.0,0.2499758390186851,0.25000670861141777,0.25000913746064196,0.25000831490925446
8130.0,0.24997611041949153,0.25000663320988553,0.25000903501361527,0.25000822135700695
8140.0,0.24997637877161644,0.2500065586484067,0.25000893375883454,0.25000812882114165
8150.0,0.24997664410774048,0.2500064849789622,0.25000883339868013,0.2500080375146165
8160.0,0.24997690646210455,0.25000641218722486,0.2500087339323564,0.2500079474183135
8170.0,0.24997716587007568,0.2500063401982928,0.25000863564172776,0.25000785828990313
8180.0,0.24997742236583143,0.2500062689581811,0.2500085387244364,0.25000776995155044
8190.0,0.24997767598116225,0.2500061984838144,0.250008443059504,0.25000768247551874
8200.0,0.24997792674657862,0.25000612883226864,0.2500083483361604,0.2500075960849916
8210.0,0.249978174693556,0.2500060600209514,0.2500082544145116,0.25000751087098044
8220.0,0.24997841985508876,0.25000599200010504,0.25000816145915067,0.2500074266856549
8230.0,0.2499786622639585,0.25000592470526767,0.250008069713221,0.25000734331755226
8240.0,0.24997890195132777,0.25000585810971576,0.25000797925884904,0.2500072606801068
8250.0,0.24997913894626553,0.25000579225514186,0.2500078898623161,0.2500071789362759
8260.0,0.24997937327741218,0.25000572719616776,0.2500078012204231,0.2500070983059964
8270.0,0.24997960497508157,0.25000566291746845,0.25000771334458033,0.250007018762869
8280.0,0.24997983407081206,0.2500055993424227,0.25000762653061265,0.2500069400561519
8290.0,0.2499800605947661,0.250005536424903,0.2500075409451253,0.250006862035205
8300.0,0.24998028457497332,0.25000547417894,0.2500074564884589,0.2500067847576271
8310.0,0.24998050603824437,0.2500054126593668,0.2500073728665895,0.2500067084357987
8320.0,0.2499807250120852,0.2500053518934418,0.2500072899004924,0.2500066331939799
8330.0,0.2499809415257724,0.25000529183460296,0.250007207744647,0.25000655889497697
8340.0,0.2499811556087828,0.2500052324062432,0.25000712670382597,0.25000648528114744
8350.0,0.24998136728864548,0.25000517358239516,0.2500070468637189,0.2500064122652399
8360.0,0.24998157659065262,0.25000511541261455,0.25000696796133126,0.25000634003540095
8370.0,0.24998178353980377,0.2500050579566927,0.2500068896754204,0.25000626882808247
8380.0,0.2499819881629687,0.2500050011992043,0.250006812022704,0.2500061986151224
8390.0,0.24998219048834677,0.2500049450604494,0.2500067353184464,0.25000612913275677
8400.0,0.24998239054273802,0.2500048894938514,0.25000665973624325,0.25000606022716665
8410.0,0.24998258835088058,0.25000483450909844,0.25000658520418617,0.2500059919358342
8420.0,0.24998278393600912,0.25000478017060934,0.2500065113900984,0.2500059245032825
8430.0,0.24998297732221628,0.2500047265125869,0.25000643808650547,0.25000585807869075
8440.0,0.24998316853565908,0.2500046734833912,0.2500063654770996,0.2500057925038494
8450.0,0.24998335760276272,0.25000462100018944,0.2500062939010305,0.2500057274960166
8460.0,0.24998354454780605,0.25000456904068796,0.2500062234317333,0.250005662979772
8470.0,0.24998372939271996,0.2500045176625688,0.2500061537747128,0.2500055991699977
8480.0,0.24998391215948543,0.2500044669219625,0.25000608463139395,0.2500055362871574
8490.0,0.2499840928719397,0.2500044168033276,0.25000601602296274,0.2500054743017693
8500.0,0.24998427155520228,0.2500043672298001,0.2500059482556863,0.2500054129593107
8510.0,0.24998444823310556,0.2500043181507485,0.2500058815301389,0.2500053520860063
8520.0,0.24998462292716123,0.2500042695876238,0.2500058157234316,0.25000529176178266
8530.0,0.249984795657862,0.2500042215992768,0.2500057505321681,0.2500052322106924
8540.0,0.24998496644655285,0.25000417421393295,0.2500056857815598,0.2500051735579537
8550.0,0.24998513531639052,0.25000412738279393,0.25000562164967305,0.25000511565114175
8560.0,0.24998530229079272,0.2500040810297696,0.2500055584493834,0.25000505823005353
8570.0,0.24998546739113386,0.2500040351389359,0.2500054962269176,0.25000500124301195
8580.0,0.24998563063661228,0.25000398976570637,0.250005434703862,0.25000494489381864
8590.0,0.2499857920467691,0.25000394495504846,0.25000537363736003,0.25000488936082166
8600.0,0.2499859516427183,0.25000390069305173,0.2500053130445535,0.2500048346196757
8610.0,0.24998610944647015,0.25000385691721283,0.25000525317258315,0.2500047804637331
8620.0,0.24998626547936262,0.2500038135709965,0.2500051942537491,0.25000472669589097
8630.0,0.2499864197603707,0.25000377067496093,0.2500051361712852,0.25000467339338234
8640.0,0.24998657230719948,0.2500037282955534,0.2500050785912936,0.25000462080595276
8650.0,0.2499867231388034,0.2500036864532024,0.2500050213806875,0.2500045690273059
8660.0,0.24998687227592004,0.25000364509545947,0.25000496473797074,0.2500045178906489
8670.0,0.24998701973910065,0.25000360416078915,0.25000490891263527,0.2500044671874741
8680.0,0.24998716554736797,0.2500035636286105,0.2500048539765291,0.25000441684749164
8690.0,0.24998730971763347,0.2500035235475274,0.25000479968751443,0.2500043670473238
8700.0,0.24998745226679076,0.2500034839708031,0.25000474576920056,0.25000431799320477
8710.0,0.24998759321336958,0.2500034448929826,0.2500046922027062,0.25000426969094075
8720.0,0.24998773257727927,0.2500034062425809,0.25000463927929406,0.2500042219008449
8730.0,0.2499878703776613,0.2500033679572776,0.2500045872622654,0.2500041744027949
8740.0,0.2499880066310716,0.25000333006093106,0.250004536024492,0.2500041272835045
8750.0,0.24998814135269892,0.2500032926282842,0.2500044851983872,0.2500040808206289
8760.0,0.24998827455917697,0.2500032556822108,0.2500044346433194,0.250004035115292
8770.0,0.24998840626914676,0.2500032191671781,0.2500043845733493,0.250003989990325
8780.0,0.24998853650107783,0.2500031830163101,0.25000433526679483,0.2500039452158164
8790.0,0.24998866527159475,0.2500031472144038,0.2500042867775583,0.25000390073644235
8800.0,0.24998879259549608,0.25000311181080825,0.2500042388609193,0.2500038567327756
8810.0,0.24998891848748417,0.25000307686241113,0.2500041912257881,0.2500038134243158
8820.0,0.24998904296410715,0.25000304235643517,0.2500041438931302,0.2500037707863267
8830.0,0.24998916604320995,0.25000300821984833,0.2500040971655867,0.2500037285713543
8840.0,0.24998928774153084,0.2500029744044938,0.25000405124346503,0.2500036866105096
8850.0,0.2499894080735329,0.2500029409365366,0.2500040059921238,0.250003644997806
8860.0,0.24998952705270636,0.25000290787868057,0.2500039611025527,0.25000360396605964
8870.0,0.2499896446937771,0.25000287525096027,0.25000391644999354,0.2500035636052683
8880.0,0.24998976101319353,0.25000284300506576,0.2500038722199135,0.2500035237618265
8890.0,0.24998987602730702,0.2500028110802094,0.25000382866626447,0.25000348422621843
8900.0,0.2499899897509247,0.2500027794574719,0.25000378586269323,0.25000344492890947
8910.0,0.2499901021969647,0.2500027481860374,0.25000374356751476,0.2500034060494824
8920.0,0.24999021337822064,0.25000271732372675,0.250003701488464,0.2500033678095879
8930.0,0.2499903233093821,0.2500026868563724,0.25000365965733357,0.25000333017691123
8940.0,0.2499904320064854,0.250002656709869,0.25000361838451624,0.25000329289912865
8950.0,0.2499905394842789,0.2500026268439446,0.2500035778354712,0.25000325583630456
8960.0,0.24999064575548813,0.25000259728070706,0.25000353789900576,0.2500032190647984
8970.0,0.24999075083192035,0.250002568078981,0.2500034982870498,0.2500031828020482
8980.0,0.2499908547262742,0.2500025392691968,0.2500034588297182,0.2500031471748102
8990.0,0.24999095745324945,0.250002510804454,0.25000341970763634,0.2500031120346595
9000.0,0.2499910590277913,0.2500024826119245,0.2500033812329764,0.2500030771273072
9010.0,0.24999115946294834,0.25000245467409105,0.2500033434765903,0.25000304238636967
9020.0,0.24999125876974296,0.25000242704753967,0.25000330616634026,0.25000300801637654
9030.0,0.24999135695922217,0.2500023997932528,0.2500032689981683,0.25000297424935614
9040.0,0.24999145404449089,0.2500023728955395,0.2500032320127143,0.25000294104725473
9050.0,0.24999155004001483,0.2500023462784546,0.2500031955311838,0.2500029081503462
9060.0,0.2499916449589587,0.25000231990137234,0.2500031597226594,0.2500028754170089
9070.0,0.2499917388125765,0.25000229377994027,0.2500031245104053,0.25000284289707736
9080.0,0.24999183161081773,0.2500022679835423,0.2500030895607643,0.2500028108448751
9090.0,0.24999192336473675,0.2500022425477726,0.2500030546807392,0.25000277940675086
9100.0,0.24999201408760388,0.25000221742105233,0.2500030200756216,0.2500027484157215
9110.0,0.24999210379302736,0.2500021925232658,0.2500029860939273,0.25000271758977893
9120.0,0.24999219249248247,0.2500021678402339,0.2500029527929119,0.2500026868743711
9130.0,0.24999228019527278,0.2500021434366748,0.25000291986633555,0.2500026565017162
9140.0,0.24999236691108256,0.25000211936874134,0.250002887035604,0.25000262668457146
9150.0,0.24999245265159364,0.25000209562097697,0.2500028543411612,0.25000259738626757
9160.0,0.2499925374298011,0.2500020721195189,0.25000282209613534,0.25000256835454404
9170.0,0.2499926212574942,0.25000204881862187,0.25000279049926155,0.2500025394246217
9180.0,0.24999270414426567,0.2500020257458895,0.2500027594187589,0.25000251069108526
9190.0,0.2499927860988547,0.2500020029653531,0.2500027285462639,0.2500024823895277
9200.0,0.24999286713112898,0.2500019805046486,0.2500026977285582,0.25000245463566356
9210.0,0.2499929472528892,0.25000195831437366,0.25000266716549213,0.25000242726724436
9220.0,0.24999302647616406,0.25000193632356477,0.2500026371656019,0.25000240003466867
9230.0,0.24999310481103432,0.2500019145226203,0.25000260776505584,0.2500023729012889
9240.0,0.24999318226559716,0.2500018929714252,0.2500025786828707,0.2500023460801063
9250.0,0.24999325884848775,0.2500018717169718,0.25000254968434515,0.25000231975019466
9260.0,0.24999333457010314,0.25000185074433234,0.2500025208090927,0.2500022938764712
9270.0,0.24999340944174944,0.2500018299935936,0.2500024923105131,0.2500022682541433
9280.0,0.24999348347411518,0.25000180941315986,0.2500024644162915,0.2500022426964329
9290.0,0.24999355667564016,0.250001789029402,0.2500024370000274,0.2500022172949299
9300.0,0.24999362905367017,0.25000176891249987,0.2500024097273605,0.25000219230646886
9310.0,0.24999370061702597,0.2500017490821528,0.2500023824853471,0.25000216781547346
9320.0,0.24999377137641438,0.2500017294855899,0.25000235549058514,0.2500021436474099
9330.0,0.24999384134229502,0.2500017100672457,0.2500023289819294,0.25000211960852925
9340.0,0.24999391052378028,0.2500016908093324,0.2500023030355702,0.25000209563131653
9350.0,0.24999397892794029,0.2500016717658224,0.25000227740058156,0.25000207190565515
9360.0,0.24999404656199498,0.25000165299358795,0.25000225179916874,0.2500020486452478
9370.0,0.24999411343506348,0.2500016344842586,0.25000222624151774,0.25000202583915965
9380.0,0.24999417955762232,0.2500016161677809,0.25000220102843446,0.2500020032461618
9390.0,0.24999424493936434,0.25000159798780014,0.2500021764118375,0.2500019806609975
9400.0,0.24999430958753222,0.25000157997356043,0.25000215225504174,0.250001958183865
9410.0,0.24999437350820208,0.25000156220191155,0.250002128195304,0.25000193609458177
9420.0,0.24999443670903995,0.2500015446957497,0.2500021041067482,0.2500019144884615
9430.0,0.24999449919982364,0.25000152739953496,0.2500020802180288,0.250001893182612
9440.0,0.24999456099014822,0.2500015102498281,0.25000205680693066,0.2500018719530924
9450.0,0.2499946220878191,0.25000149323661486,0.2500020339184874,0.25000185075707804
9460.0,0.24999468249898615,0.2500014764126542,0.25000201130601696,0.25000182978234214
9470.0,0.24999474222981677,0.2500014598375585,0.2500019886794654,0.2500018092531588
9480.0,0.2499948012885111,0.25000144349709336,0.2500019660806664,0.25000178913372856
9490.0,0.24999485968463048,0.2500014273179038,0.2500019438277544,0.25000176916971073
9500.0,0.2499949174265493,0.25000141125815106,0.2500019221058152,0.2500017492094839
9510.0,0.24999497452047387,0.2500013953494037,0.2500019007694152,0.2500017293607067
9520.0,0.24999503097187642,0.25000137965513436,0.25000187951879776,0.25000170985419085
9530.0,0.24999508678757865,0.2500013641955701,0.2500018582405855,0.25000169077626516
9540.0,0.24999514197616188,0.25000134892318,0.2500018371303264,0.25000167197033113
9550.0,0.24999519654619534,0.2500013337779256,0.2500018164522064,0.25000165322367207
9560.0,0.2499952505046356,0.25000131874833686,0.2500017962583047,0.25000163448872226
9570.0,0.24999530385673208,0.25000130388773606,0.2500017763000647,0.25000161595546666
9580.0,0.24999535660785688,0.2500012892518286,0.25000175630702903,0.25000159783328496
9590.0,0.24999540876532136,0.250001274825477,0.2500017363278516,0.2500015800813495
9600.0,0.2499954603377355,0.2500012605380913,0.25000171666960597,0.2500015624545667
9610.0,0.24999551133248782,0.25000124635448984,0.250001697485972,0.2500015448270498
9620.0,0.2499955617551216,0.2500012322970737,0.25000167867713863,0.2500015272706655
9630.0,0.24999561161025233,0.25000121842946854,0.2500016599443735,0.2500015100159051
9640.0,0.24999566090358372,0.2500012047831378,0.250001641123524,0.25000149318975395
9650.0,0.24999570964294962,0.250001191308646,0.25000162241904655,0.2500014766293573
9660.0,0.2499957578363956,0.250001177934765,0.25000160414792977,0.2500014600809091
9670.0,0.24999580549004716,0.25000116465024474,0.2500015863633278,0.25000144349637987
9680.0,0.24999585260810672,0.2500011515170099,0.2500015687794307,0.2500014270954522
9690.0,0.2499958991950756,0.2500011385937734,0.2500015511133653,0.2500014110977853
9700.0,0.24999594525758212,0.25000112586289075,0.2500015334252512,0.25000139545427535
9710.0,0.249995990803572,0.25000111325064905,0.2500015160367098,0.2500013799090686
9720.0,0.24999603583969268,0.2500011007185718,0.25000149912054226,0.25000136432119274
9730.0,0.2499960803704978,0.2500010882987035,0.25000148253310245,0.2500013487976957
9740.0,0.24999612440000765,0.25000107604987154,0.25000146599788853,0.25000133355223175
9750.0,0.24999616793324658,0.2500010640018982,0.2500014493588594,0.2500013187059953
9760.0,0.2499962109772111,0.25000105210723267,0.25000143281548487,0.2500013041000708
9770.0,0.24999625353925492,0.25000104029338416,0.25000141669190795,0.25000128947545247
9780.0,0.24999629562468192,0.2500010285553256,0.2500014010115388,0.2500012748084532
9790.0,0.24999633723691078,0.25000101695765325,0.25000138547781686,0.25000126032761855
9800.0,0.24999637838010047,0.25000100554388505,0.2500013698807062,0.2500012461953078
9810.0,0.24999641905998,0.250000994305752,0.2500013542368531,0.25000123239741434
9820.0,0.24999645928368033,0.2500009831748232,0.250001338844493,0.2500012186970029
9830.0,0.2499964990573821,0.25000097210436995,0.25000132391586694,0.25000120492238054
9840.0,0.2499965383850372,0.25000096112337905,0.2500013093231388,0.2500011911684445
9850.0,0.24999657726970287,0.25000095030210795,0.2500012947385371,0.2500011776896516
9860.0,0.24999661571577927,0.2500009396696883,0.25000128000988436,0.25000116460464755
9870.0,0.2499966537297564,0.2500009291738762,0.25000126535866934,0.2500011517376976
9880.0,0.2499966913183778,0.25000091874124153,0.25000125111431043,0.2500011388260697
9890.0,0.2499967284863038,0.2500009083668925,0.2500012373010687,0.25000112584573453
9900.0,0.24999676523624306,0.2500008981176064,0.2500012236146563,0.2500011130314937
9910.0,0.24999680157166335,0.2500008880412089,0.2500012098246695,0.2500011005624578
9920.0,0.2499968374979359,0.25000087812046706,0.2500011959892891,0.2500010883923075
9930.0,0.24999687302134993,0.2500008682943809,0.25000118237548075,0.250001076308788
9940.0,0.2499969081475307,0.25000085851371384,0.2500011692090945,0.2500010641296605
9950.0,0.24999694287985147,0.25000084880982654,0.250001156349303,0.25000105196101857
9960.0,0.2499969772207102,0.25000083925613703,0.2500011434545366,0.25000104006861573
9970.0,0.24999701117414388,0.25000082987151734,0.2500011304231261,0.2500010285312122
9980.0,0.24999704474616521,0.25000082060057516,0.2500011174915904,0.25000101716166884
9990.0,0.2499970779424697,0.2500008113894428,0.25000110489919164,0.25000100576889545
10000.0,0.2499971107674084,0.25000080222320303,0.25000109271786863,0.25000099429151945
