role,file,size_bytes,sha256
gate39_summary,runs/phase1A/day025_force_field_route_comparison/39_r2_force_field_route_coverage_and_risk_matrix/r2_force_field_route_coverage_and_risk_summary.csv,945,ff1078496005934d172ff696085e44c95f3108de66f9dc34f4123caeb0d0f7ce
gate39_environment_matrix,runs/phase1A/day025_force_field_route_comparison/39_r2_force_field_route_coverage_and_risk_matrix/r2_environment_route_coverage_and_risk_matrix.csv,26812,5db384131fd6ba5956c90888ffc065e2856aa2f50186cb99f56ad05eba61ab48
gate39_term_matrix,runs/phase1A/day025_force_field_route_comparison/39_r2_force_field_route_coverage_and_risk_matrix/r2_bonded_term_route_coverage_and_risk_matrix.csv,63862,c70edd846a3724b946a6a24e4c86efdf2a70c9baa2a83ca6b0f2579a9117508a
gate34_source_ledger,runs/phase1A/day024_chemical_end_rim_design/34_r2_primary_source_provenance_correction/r2_corrected_primary_source_ledger.csv,3950,70a40df9f89024ce6ac0be5b5bcbd3c6c64ca2a6040b0b8e5e5439059bf47d3c
gate34_domain_coverage,runs/phase1A/day024_chemical_end_rim_design/34_r2_primary_source_provenance_correction/r2_corrected_candidate_model_domain_coverage.csv,12637,df9806004f051a338706f423bca00eb1c251c058cda5fbd14e76275b9867f5fe
gate34_model_decisions,runs/phase1A/day024_chemical_end_rim_design/34_r2_primary_source_provenance_correction/r2_corrected_preliminary_model_decisions.csv,1395,f168735a5e8229b327f18f575a8725d41d32c41c41f7ca8498ac90900e1347a7
gate34_prioritized_artifacts,runs/phase1A/day024_chemical_end_rim_design/34_r2_primary_source_provenance_correction/r2_prioritized_source_artifact_retrieval.csv,4068,4b4a89b7e11de8670a4e6937cc489477c14fece92848e446fbe636a913a9f6d5
gate35_retrieval_ledger,runs/phase1A/day024_chemical_end_rim_design/35_r2_p1_source_artifact_retrieval/r2_p1_artifact_retrieval_ledger.csv,3280,28a7ff3bb9c31cbd7973011f3df16352b458286668796b548ed6f5d96c59edef
gate35_file_inventory,runs/phase1A/day024_chemical_end_rim_design/35_r2_p1_source_artifact_retrieval/r2_p1_retrieved_file_inventory.csv,1768,944f37d99092191102f0a07fdeaa2f16956f209524b761485ecf4f0dc0007336
