frame,relative_time_ps,matched_frozen_absolute_time_ps,mobile_absolute_stage08_time_ps,mobile_lumen_water_count,matched_frozen_lumen_water_count,mobile_minus_frozen_lumen_water_count,mobile_lumen_number_density_nm-3,matched_frozen_lumen_number_density_nm-3,mobile_minus_frozen_lumen_number_density_nm-3,mobile_mean_normalized_radial_position,matched_frozen_mean_normalized_radial_position,mobile_minus_frozen_mean_normalized_radial_position,mobile_wall_radius_nm,matched_frozen_wall_radius_nm,mobile_minus_frozen_wall_radius_nm,mobile_lumen_length_nm,matched_frozen_lumen_length_nm,mobile_minus_frozen_lumen_length_nm,mobile_PYR1_waterO_within_35pm,matched_frozen_PYR1_waterO_within_35pm,mobile_minus_frozen_PYR1_waterO_within_35pm,mobile_PYR1_waterO_within_50pm,matched_frozen_PYR1_waterO_within_50pm,mobile_minus_frozen_PYR1_waterO_within_50pm,mobile_PYR2_waterO_within_35pm,matched_frozen_PYR2_waterO_within_35pm,mobile_minus_frozen_PYR2_waterO_within_35pm,mobile_PYR2_waterO_within_50pm,matched_frozen_PYR2_waterO_within_50pm,mobile_minus_frozen_PYR2_waterO_within_50pm,mobile_PYR3_waterO_within_35pm,matched_frozen_PYR3_waterO_within_35pm,mobile_minus_frozen_PYR3_waterO_within_35pm,mobile_PYR3_waterO_within_50pm,matched_frozen_PYR3_waterO_within_50pm,mobile_minus_frozen_PYR3_waterO_within_50pm,mobile_PYR4_waterO_within_35pm,matched_frozen_PYR4_waterO_within_35pm,mobile_minus_frozen_PYR4_waterO_within_35pm,mobile_PYR4_waterO_within_50pm,matched_frozen_PYR4_waterO_within_50pm,mobile_minus_frozen_PYR4_waterO_within_50pm
0,0.0,44.0,0.0,0.0,0.0,0.0,0.0,0.0,0.0,nan,nan,nan,1.207059543373774,1.1992089205718037,0.007850622801970353,6.057968714285627,6.0199973555997115,0.03797135868591539,5.0,8.0,-3.0,25.0,31.0,-6.0,5.0,7.0,-2.0,17.0,24.0,-7.0,4.0,7.0,-3.0,24.0,23.0,1.0,4.0,8.0,-4.0,22.0,27.0,-5.0
1,0.5,44.5,0.5,2.0,0.0,2.0,0.07191075456525242,0.0,0.07191075456525242,0.5273203959341715,nan,nan,1.2091493101438813,1.1992089205718037,0.009940389572077546,6.055170999656991,6.0199973555997115,0.03517364405727985,6.0,6.0,0.0,22.0,31.0,-9.0,2.0,8.0,-6.0,17.0,24.0,-7.0,4.0,8.0,-4.0,24.0,24.0,0.0,4.0,8.0,-4.0,22.0,30.0,-8.0
2,1.0,45.0,1.0,1.0,0.0,1.0,0.03564436170463298,0.0,0.03564436170463298,0.7678897709129786,nan,nan,1.21376079702452,1.1992089205718037,0.014551876452716384,6.061680933490566,6.0199973555997115,0.041683577890854195,5.0,7.0,-2.0,20.0,31.0,-11.0,3.0,3.0,0.0,23.0,26.0,-3.0,2.0,4.0,-2.0,19.0,23.0,-4.0,4.0,7.0,-3.0,20.0,33.0,-13.0
3,1.5,45.5,1.5,0.0,0.0,0.0,0.0,0.0,0.0,nan,nan,nan,1.2149548628272964,1.1992089205718037,0.01574594225549264,6.06068181883534,6.0199973555997115,0.04068446323562824,2.0,4.0,-2.0,21.0,30.0,-9.0,4.0,5.0,-1.0,18.0,25.0,-7.0,3.0,7.0,-4.0,26.0,24.0,2.0,5.0,6.0,-1.0,22.0,30.0,-8.0
4,2.0,46.0,2.0,0.0,0.0,0.0,0.0,0.0,0.0,nan,nan,nan,1.2112787186777316,1.1992089205718037,0.012069798105927898,6.060739925923931,6.0199973555997115,0.040742570324219685,4.0,7.0,-3.0,21.0,33.0,-12.0,4.0,4.0,0.0,13.0,29.0,-16.0,2.0,5.0,-3.0,24.0,21.0,3.0,5.0,5.0,0.0,24.0,28.0,-4.0
5,2.5,46.5,2.5,3.0,0.0,3.0,0.10754165507015481,0.0,0.10754165507015481,0.5896964396861509,nan,nan,1.2106272704194152,1.1992089205718037,0.011418349847611475,6.058620652574321,6.0199973555997115,0.038623296974609644,3.0,5.0,-2.0,24.0,32.0,-8.0,5.0,6.0,-1.0,18.0,30.0,-12.0,3.0,2.0,1.0,26.0,21.0,5.0,6.0,7.0,-1.0,26.0,28.0,-2.0
6,3.0,47.0,3.0,2.0,0.0,2.0,0.07163586474976681,0.0,0.07163586474976681,0.5188877199212955,nan,nan,1.2110077253011187,1.1992089205718037,0.011798804729314938,6.059765077015317,6.0199973555997115,0.039767721415605806,7.0,3.0,4.0,27.0,32.0,-5.0,4.0,6.0,-2.0,20.0,31.0,-11.0,4.0,3.0,1.0,25.0,23.0,2.0,2.0,3.0,-1.0,26.0,33.0,-7.0
7,3.5,47.5,3.5,0.0,0.0,0.0,0.0,0.0,0.0,nan,nan,nan,1.2097505196680407,1.1992089205718037,0.010541599096236975,6.060329230868495,6.0199973555997115,0.04033187526878379,5.0,5.0,0.0,25.0,35.0,-10.0,5.0,5.0,0.0,20.0,26.0,-6.0,5.0,3.0,2.0,22.0,17.0,5.0,6.0,7.0,-1.0,27.0,33.0,-6.0
8,4.0,48.0,4.0,0.0,0.0,0.0,0.0,0.0,0.0,nan,nan,nan,1.21169579787232,1.1992089205718037,0.01248687730051623,6.056210342790346,6.0199973555997115,0.03621298719063493,3.0,3.0,0.0,25.0,35.0,-10.0,2.0,3.0,-1.0,21.0,30.0,-9.0,1.0,3.0,-2.0,19.0,24.0,-5.0,3.0,8.0,-5.0,24.0,32.0,-8.0
9,4.5,48.5,4.5,3.0,0.0,3.0,0.10774795661784202,0.0,0.10774795661784202,0.5413200100810938,nan,nan,1.209431916353986,1.1992089205718037,0.01022299578218222,6.058979579045884,6.0199973555997115,0.038982223446172526,6.0,4.0,2.0,22.0,35.0,-13.0,5.0,2.0,3.0,22.0,25.0,-3.0,1.0,1.0,0.0,26.0,22.0,4.0,4.0,5.0,-1.0,21.0,30.0,-9.0
10,5.0,49.0,5.0,0.0,0.0,0.0,0.0,0.0,0.0,nan,nan,nan,1.2134255450671487,1.1992089205718037,0.014216624495344998,6.061031071595227,6.0199973555997115,0.04103371599551586,4.0,5.0,-1.0,22.0,29.0,-7.0,5.0,8.0,-3.0,18.0,22.0,-4.0,3.0,2.0,1.0,22.0,20.0,2.0,7.0,7.0,0.0,25.0,33.0,-8.0
11,5.5,49.5,5.5,0.0,0.0,0.0,0.0,0.0,0.0,nan,nan,nan,1.208123287268493,1.1992089205718037,0.008914366696689324,6.058027456956499,6.0199973555997115,0.03803010135678786,2.0,3.0,-1.0,22.0,32.0,-10.0,3.0,3.0,0.0,20.0,24.0,-4.0,4.0,3.0,1.0,26.0,25.0,1.0,7.0,5.0,2.0,31.0,34.0,-3.0
12,6.0,50.0,6.0,0.0,0.0,0.0,0.0,0.0,0.0,nan,nan,nan,1.2104665591224577,1.1992089205718037,0.011257638550653981,6.056353704325326,6.0199973555997115,0.03635634872561422,2.0,5.0,-3.0,23.0,31.0,-8.0,5.0,11.0,-6.0,24.0,24.0,0.0,2.0,7.0,-5.0,29.0,30.0,-1.0,4.0,6.0,-2.0,25.0,31.0,-6.0
13,6.5,50.5,6.5,1.0,0.0,1.0,0.03580395484717533,0.0,0.03580395484717533,0.7294194394628083,nan,nan,1.211105371673507,1.1992089205718037,0.011896451101703232,6.061153263183476,6.0199973555997115,0.04115590758376442,5.0,6.0,-1.0,24.0,28.0,-4.0,9.0,4.0,5.0,23.0,25.0,-2.0,4.0,3.0,1.0,24.0,23.0,1.0,4.0,6.0,-2.0,25.0,30.0,-5.0
14,7.0,51.0,7.0,1.0,0.0,1.0,0.035888230487684934,0.0,0.035888230487684934,0.5301290897280364,nan,nan,1.2092748822044768,1.1992089205718037,0.010065961632673037,6.065240375424512,6.0199973555997115,0.04524301982480061,2.0,5.0,-3.0,27.0,28.0,-1.0,6.0,5.0,1.0,25.0,24.0,1.0,2.0,5.0,-3.0,24.0,18.0,6.0,7.0,7.0,0.0,22.0,34.0,-12.0
15,7.5,51.5,7.5,1.0,0.0,1.0,0.03580355188394545,0.0,0.03580355188394545,0.3284179857366636,nan,nan,1.211124410137348,1.1992089205718037,0.011915489565544224,6.0610309213077205,6.0199973555997115,0.04103356570800898,5.0,5.0,0.0,26.0,27.0,-1.0,9.0,6.0,3.0,21.0,23.0,-2.0,2.0,3.0,-1.0,27.0,22.0,5.0,7.0,9.0,-2.0,23.0,31.0,-8.0
16,8.0,52.0,8.0,0.0,0.0,0.0,0.0,0.0,0.0,nan,nan,nan,1.2121843577796847,1.1992089205718037,0.012975437207880969,6.062608197647666,6.0199973555997115,0.04261084204795473,5.0,5.0,0.0,27.0,26.0,1.0,7.0,6.0,1.0,25.0,24.0,1.0,4.0,4.0,0.0,28.0,24.0,4.0,3.0,9.0,-6.0,21.0,30.0,-9.0
17,8.5,52.5,8.5,0.0,0.0,0.0,0.0,0.0,0.0,nan,nan,nan,1.212336922270798,1.1992089205718037,0.013128001698994307,6.061094369062082,6.0199973555997115,0.04109701346237049,4.0,5.0,-1.0,28.0,26.0,2.0,7.0,5.0,2.0,24.0,25.0,-1.0,2.0,7.0,-5.0,23.0,26.0,-3.0,3.0,7.0,-4.0,22.0,33.0,-11.0
18,9.0,53.0,9.0,0.0,0.0,0.0,0.0,0.0,0.0,nan,nan,nan,1.2088181793906603,1.1992089205718037,0.009609258818856548,6.055134278368385,6.0199973555997115,0.03513692276867353,4.0,10.0,-6.0,24.0,28.0,-4.0,4.0,5.0,-1.0,24.0,27.0,-3.0,5.0,7.0,-2.0,27.0,29.0,-2.0,5.0,8.0,-3.0,25.0,32.0,-7.0
19,9.5,53.5,9.5,0.0,0.0,0.0,0.0,0.0,0.0,nan,nan,nan,1.2102275514547287,1.1992089205718037,0.011018630882924985,6.0618721657867445,6.0199973555997115,0.041874810187032985,5.0,4.0,1.0,25.0,27.0,-2.0,4.0,6.0,-2.0,21.0,25.0,-4.0,4.0,6.0,-2.0,26.0,27.0,-1.0,7.0,6.0,1.0,23.0,32.0,-9.0
20,10.0,54.0,10.0,0.0,0.0,0.0,0.0,0.0,0.0,nan,nan,nan,1.2117283857838275,1.1992089205718037,0.01251946521202374,6.052992967225675,6.0199973555997115,0.03299561162596376,6.0,5.0,1.0,23.0,28.0,-5.0,3.0,3.0,0.0,21.0,24.0,-3.0,3.0,5.0,-2.0,29.0,27.0,2.0,5.0,8.0,-3.0,27.0,32.0,-5.0
21,10.5,54.5,10.5,1.0,1.0,0.0,0.035848903967114834,0.036767502102870324,-0.0009185981357554898,0.652543381659117,0.6330709824276559,0.019472399231461046,1.2106832311239462,1.1992089205718037,0.01147431055214243,6.057775728192558,6.0199973555997115,0.037778372592846665,2.0,4.0,-2.0,23.0,29.0,-6.0,6.0,6.0,0.0,25.0,28.0,-3.0,4.0,6.0,-2.0,25.0,29.0,-4.0,9.0,6.0,3.0,24.0,35.0,-11.0
22,11.0,55.0,11.0,2.0,0.0,2.0,0.07130353073675862,0.0,0.07130353073675862,0.7535565907349531,nan,nan,1.2143163384364168,1.1992089205718037,0.015107417864613115,6.054878192913014,6.0199973555997115,0.03488083731330249,5.0,5.0,0.0,28.0,28.0,0.0,4.0,4.0,0.0,23.0,30.0,-7.0,5.0,7.0,-2.0,23.0,33.0,-10.0,2.0,10.0,-8.0,27.0,32.0,-5.0
23,11.5,55.5,11.5,2.0,1.0,1.0,0.07162725949399386,0.036767502102870324,0.034859757391123534,0.7869298118789831,0.7092209214180536,0.07770889046092955,1.2119833889802796,1.1992089205718037,0.012774468408475848,6.050739456619544,6.0199973555997115,0.030742101019832546,6.0,9.0,-3.0,24.0,27.0,-3.0,5.0,5.0,0.0,19.0,29.0,-10.0,4.0,6.0,-2.0,28.0,28.0,0.0,5.0,5.0,0.0,28.0,34.0,-6.0
24,12.0,56.0,12.0,2.0,1.0,1.0,0.07173547301466864,0.036767502102870324,0.03496797091179831,0.7066397412229262,0.7518514598678308,-0.045211718644904586,1.2109220959542188,1.1992089205718037,0.01171317538241512,6.052206655143435,6.0199973555997115,0.03220929954372309,5.0,2.0,3.0,25.0,29.0,-4.0,2.0,8.0,-6.0,22.0,28.0,-6.0,6.0,4.0,2.0,26.0,29.0,-3.0,6.0,9.0,-3.0,30.0,36.0,-6.0
25,12.5,56.5,12.5,0.0,1.0,-1.0,0.0,0.036767502102870324,-0.036767502102870324,nan,0.7053183154448257,nan,1.2136519658908869,1.1992089205718037,0.014443045319083136,6.051034116908145,6.0199973555997115,0.03103676130843347,2.0,3.0,-1.0,27.0,29.0,-2.0,5.0,3.0,2.0,23.0,27.0,-4.0,6.0,3.0,3.0,24.0,29.0,-5.0,3.0,11.0,-8.0,30.0,32.0,-2.0
26,13.0,57.0,13.0,2.0,1.0,1.0,0.0715228419551244,0.036767502102870324,0.034755339852254076,0.51535793034183,0.6939105517810571,-0.17855262143922712,1.2126906490391578,1.1992089205718037,0.01348172846735407,6.0525070311786155,6.0199973555997115,0.03250967557890405,6.0,4.0,2.0,25.0,26.0,-1.0,5.0,5.0,0.0,22.0,24.0,-2.0,5.0,8.0,-3.0,25.0,24.0,1.0,3.0,10.0,-7.0,26.0,38.0,-12.0
27,13.5,57.5,13.5,0.0,0.0,0.0,0.0,0.0,0.0,nan,nan,nan,1.2114193674301483,1.1992089205718037,0.012210446858344604,6.053731535416618,6.0199973555997115,0.033734179816906185,5.0,3.0,2.0,26.0,26.0,0.0,6.0,5.0,1.0,21.0,24.0,-3.0,5.0,6.0,-1.0,27.0,26.0,1.0,3.0,8.0,-5.0,23.0,37.0,-14.0
28,14.0,58.0,14.0,0.0,0.0,0.0,0.0,0.0,0.0,nan,nan,nan,1.2138409058781958,1.1992089205718037,0.014631985306392092,6.049302859670526,6.0199973555997115,0.029305504070814337,4.0,5.0,-1.0,22.0,27.0,-5.0,6.0,2.0,4.0,24.0,25.0,-1.0,5.0,5.0,0.0,28.0,26.0,2.0,7.0,7.0,0.0,21.0,37.0,-16.0
29,14.5,58.5,14.5,2.0,0.0,2.0,0.07164479251401619,0.0,0.07164479251401619,0.44717932447184094,nan,nan,1.2125357487918613,1.1992089205718037,0.013326828220057596,6.043748594638206,6.0199973555997115,0.02375123903849463,6.0,3.0,3.0,24.0,24.0,0.0,3.0,6.0,-3.0,25.0,28.0,-3.0,8.0,4.0,4.0,24.0,29.0,-5.0,5.0,9.0,-4.0,22.0,33.0,-11.0
30,15.0,59.0,15.0,1.0,0.0,1.0,0.03575364373706845,0.0,0.03575364373706845,0.46953371625734414,nan,nan,1.211729087152916,1.1992089205718037,0.012520166581112324,6.063435369111004,6.0199973555997115,0.04343801351129262,8.0,7.0,1.0,25.0,22.0,3.0,4.0,5.0,-1.0,23.0,26.0,-3.0,5.0,4.0,1.0,27.0,30.0,-3.0,3.0,4.0,-1.0,21.0,33.0,-12.0
31,15.5,59.5,15.5,1.0,1.0,0.0,0.03577360724715235,0.036767502102870324,-0.0009938948557179708,0.66254408108157,0.5608149705667194,0.10172911051485067,1.212152543050752,1.1992089205718037,0.012943622478948313,6.0558183381648805,6.0199973555997115,0.03582098256516897,6.0,6.0,0.0,27.0,28.0,-1.0,6.0,4.0,2.0,22.0,23.0,-1.0,6.0,3.0,3.0,29.0,22.0,7.0,6.0,4.0,2.0,22.0,36.0,-14.0
32,16.0,60.0,16.0,0.0,0.0,0.0,0.0,0.0,0.0,nan,nan,nan,1.2098660203643035,1.1992089205718037,0.010657099792499736,6.048304796697021,6.0199973555997115,0.02830744109730965,3.0,5.0,-2.0,26.0,30.0,-4.0,4.0,4.0,0.0,20.0,25.0,-5.0,7.0,4.0,3.0,31.0,20.0,11.0,4.0,7.0,-3.0,22.0,36.0,-14.0
33,16.5,60.5,16.5,1.0,0.0,1.0,0.03573419195702028,0.0,0.03573419195702028,0.5977030855338309,nan,nan,1.2129035454452992,1.1992089205718037,0.013694624873495487,6.054992787981133,6.0199973555997115,0.034995432381421665,4.0,4.0,0.0,25.0,25.0,0.0,5.0,3.0,2.0,19.0,21.0,-2.0,3.0,5.0,-2.0,29.0,25.0,4.0,3.0,9.0,-6.0,26.0,40.0,-14.0
34,17.0,61.0,17.0,1.0,0.0,1.0,0.03571536871491237,0.0,0.03571536871491237,0.7077511477992834,nan,nan,1.213073909819708,1.1992089205718037,0.013864989247904358,6.056482473907428,6.0199973555997115,0.03648511830771639,6.0,4.0,2.0,29.0,27.0,2.0,4.0,6.0,-2.0,21.0,23.0,-2.0,3.0,4.0,-1.0,28.0,22.0,6.0,3.0,12.0,-9.0,24.0,36.0,-12.0
35,17.5,61.5,17.5,2.0,0.0,2.0,0.07146307139448134,0.0,0.07146307139448134,0.7006929268215945,nan,nan,1.2129622784223126,1.1992089205718037,0.013753357850508907,6.054856504009749,6.0199973555997115,0.03485914841003712,4.0,4.0,0.0,26.0,28.0,-2.0,5.0,4.0,1.0,21.0,27.0,-6.0,5.0,3.0,2.0,23.0,20.0,3.0,2.0,5.0,-3.0,25.0,36.0,-11.0
36,18.0,62.0,18.0,2.0,0.0,2.0,0.07182079305176584,0.0,0.07182079305176584,0.5961573827524249,nan,nan,1.2105393239810227,1.1992089205718037,0.011330403409218981,6.048840359395999,6.0199973555997115,0.028843003796287903,4.0,6.0,-2.0,23.0,26.0,-3.0,5.0,7.0,-2.0,24.0,26.0,-2.0,5.0,5.0,0.0,20.0,24.0,-4.0,5.0,6.0,-1.0,26.0,35.0,-9.0
37,18.5,62.5,18.5,1.0,0.0,1.0,0.03569110888313494,0.0,0.03569110888313494,0.5459217462119349,nan,nan,1.213274000868414,1.1992089205718037,0.014065080296610244,6.058600322109584,6.0199973555997115,0.03860296650987216,4.0,7.0,-3.0,21.0,25.0,-4.0,7.0,2.0,5.0,26.0,25.0,1.0,4.0,6.0,-2.0,24.0,25.0,-1.0,2.0,8.0,-6.0,29.0,34.0,-5.0
38,19.0,63.0,19.0,1.0,0.0,1.0,0.03562109230600826,0.0,0.03562109230600826,0.44405105855152116,nan,nan,1.2142087507157884,1.1992089205718037,0.01499983014398465,6.061165988270174,6.0199973555997115,0.04116863267046256,5.0,3.0,2.0,23.0,28.0,-5.0,5.0,5.0,0.0,22.0,23.0,-1.0,4.0,3.0,1.0,26.0,26.0,0.0,4.0,9.0,-5.0,29.0,37.0,-8.0
39,19.5,63.5,19.5,1.0,0.0,1.0,0.03606055949432397,0.0,0.03606055949432397,0.8612636376331148,nan,nan,1.2073914164214736,1.1992089205718037,0.008182495849669902,6.055102490208758,6.0199973555997115,0.035105134609046296,5.0,4.0,1.0,26.0,25.0,1.0,6.0,3.0,3.0,25.0,23.0,2.0,4.0,4.0,0.0,20.0,23.0,-3.0,5.0,7.0,-2.0,28.0,38.0,-10.0
40,20.0,64.0,20.0,1.0,0.0,1.0,0.03570485685240136,0.0,0.03570485685240136,0.7627626727092716,nan,nan,1.2128460519599313,1.1992089205718037,0.01363713138812761,6.0605421134129145,6.0199973555997115,0.04054475781320299,5.0,4.0,1.0,20.0,26.0,-6.0,3.0,5.0,-2.0,25.0,25.0,0.0,2.0,5.0,-3.0,23.0,24.0,-1.0,3.0,5.0,-2.0,29.0,36.0,-7.0
41,20.5,64.5,20.5,1.0,0.0,1.0,0.03575471020720249,0.0,0.03575471020720249,0.7261883804557194,nan,nan,1.2130307290875968,1.1992089205718037,0.013821808515793066,6.050249150407494,6.0199973555997115,0.030251794807782062,4.0,1.0,3.0,22.0,24.0,-2.0,5.0,9.0,-4.0,26.0,26.0,0.0,2.0,2.0,0.0,29.0,21.0,8.0,6.0,4.0,2.0,27.0,27.0,0.0
42,21.0,65.0,21.0,1.0,0.0,1.0,0.035843861647827206,0.0,0.035843861647827206,0.6993136681179972,nan,nan,1.210087751441834,1.1992089205718037,0.010878830870030276,6.064592226764903,6.0199973555997115,0.04459487116519156,6.0,3.0,3.0,24.0,20.0,4.0,5.0,5.0,0.0,25.0,25.0,0.0,4.0,5.0,-1.0,23.0,22.0,1.0,5.0,12.0,-7.0,27.0,31.0,-4.0
43,21.5,65.5,21.5,1.0,0.0,1.0,0.035818012208158445,0.0,0.035818012208158445,0.5972378566207955,nan,nan,1.2105189362166882,1.1992089205718037,0.01131001564488443,6.064646229182204,6.0199973555997115,0.04464887358249214,6.0,5.0,1.0,22.0,19.0,3.0,4.0,8.0,-4.0,27.0,28.0,-1.0,5.0,3.0,2.0,26.0,24.0,2.0,5.0,8.0,-3.0,25.0,34.0,-9.0
44,22.0,66.0,22.0,1.0,0.0,1.0,0.03583860361116915,0.0,0.03583860361116915,0.2196451629319237,nan,nan,1.2109729102499571,1.1992089205718037,0.011763989678153397,6.056618120358685,6.0199973555997115,0.03662076475897358,5.0,6.0,-1.0,19.0,23.0,-4.0,5.0,6.0,-1.0,27.0,30.0,-3.0,6.0,5.0,1.0,22.0,23.0,-1.0,4.0,7.0,-3.0,23.0,34.0,-11.0
45,22.5,66.5,22.5,1.0,0.0,1.0,0.035799695339521355,0.0,0.035799695339521355,0.7165576609227643,nan,nan,1.2114295848024264,1.1992089205718037,0.012220664230622624,6.0586302023380085,6.0199973555997115,0.03863284673829703,5.0,5.0,0.0,19.0,20.0,-1.0,5.0,2.0,3.0,26.0,29.0,-3.0,4.0,7.0,-3.0,21.0,22.0,-1.0,7.0,7.0,0.0,19.0,32.0,-13.0
46,23.0,67.0,23.0,1.0,0.0,1.0,0.035705435143350395,0.0,0.035705435143350395,0.6144257490238139,nan,nan,1.2126553146794237,1.1992089205718037,0.013446394107619941,6.0623505875621735,6.0199973555997115,0.04235323196246199,4.0,3.0,1.0,21.0,24.0,-3.0,5.0,2.0,3.0,25.0,29.0,-4.0,3.0,6.0,-3.0,19.0,23.0,-4.0,2.0,6.0,-4.0,22.0,30.0,-8.0
47,23.5,67.5,23.5,1.0,0.0,1.0,0.03577800596045479,0.0,0.03577800596045479,0.30236264700875637,nan,nan,1.211691680189038,1.1992089205718037,0.01248275961723433,6.059680737816593,6.0199973555997115,0.03968338221688139,6.0,2.0,4.0,23.0,23.0,0.0,5.0,6.0,-1.0,26.0,32.0,-6.0,6.0,5.0,1.0,20.0,22.0,-2.0,3.0,5.0,-2.0,19.0,33.0,-14.0
48,24.0,68.0,24.0,0.0,0.0,0.0,0.0,0.0,0.0,nan,nan,nan,1.2102728829399272,1.1992089205718037,0.011063962368123459,6.055275750826782,6.0199973555997115,0.03527839522707055,5.0,3.0,2.0,23.0,23.0,0.0,2.0,4.0,-2.0,24.0,27.0,-3.0,3.0,4.0,-1.0,20.0,22.0,-2.0,5.0,6.0,-1.0,20.0,31.0,-11.0
49,24.5,68.5,24.5,1.0,0.0,1.0,0.035775300195749114,0.0,0.035775300195749114,0.745927549488348,nan,nan,1.2116525174967399,1.1992089205718037,0.012443596924936129,6.060530799364541,6.0199973555997115,0.04053344376482926,5.0,3.0,2.0,22.0,19.0,3.0,3.0,3.0,0.0,26.0,25.0,1.0,4.0,2.0,2.0,22.0,22.0,0.0,4.0,5.0,-1.0,21.0,32.0,-11.0
50,25.0,69.0,25.0,0.0,0.0,0.0,0.0,0.0,0.0,nan,nan,nan,1.21461033480406,1.1992089205718037,0.015401414232256272,6.060243149269867,6.0199973555997115,0.040245793670155905,5.0,4.0,1.0,25.0,25.0,0.0,4.0,3.0,1.0,23.0,26.0,-3.0,3.0,5.0,-2.0,23.0,21.0,2.0,7.0,7.0,0.0,26.0,33.0,-7.0
51,25.5,69.5,25.5,0.0,0.0,0.0,0.0,0.0,0.0,nan,nan,nan,1.212332772570691,1.1992089205718037,0.013123851998887215,6.059948029487982,6.0199973555997115,0.03995067388827067,3.0,3.0,0.0,24.0,19.0,5.0,5.0,5.0,0.0,23.0,25.0,-2.0,2.0,4.0,-2.0,20.0,18.0,2.0,3.0,5.0,-2.0,21.0,29.0,-8.0
52,26.0,70.0,26.0,1.0,0.0,1.0,0.035813770578698355,0.0,0.035813770578698355,0.7804609550151175,nan,nan,1.2109698939607778,1.1992089205718037,0.011760973388974083,6.060847932105165,6.0199973555997115,0.04085057650545387,5.0,4.0,1.0,25.0,24.0,1.0,5.0,4.0,1.0,23.0,27.0,-4.0,4.0,4.0,0.0,20.0,22.0,-2.0,4.0,7.0,-3.0,19.0,31.0,-12.0
53,26.5,70.5,26.5,0.0,0.0,0.0,0.0,0.0,0.0,nan,nan,nan,1.211312755473589,1.1992089205718037,0.012103834901785238,6.066022976168368,6.0199973555997115,0.04602562056865622,6.0,4.0,2.0,27.0,28.0,-1.0,9.0,6.0,3.0,23.0,27.0,-4.0,4.0,5.0,-1.0,26.0,20.0,6.0,2.0,6.0,-4.0,23.0,27.0,-4.0
54,27.0,71.0,27.0,0.0,0.0,0.0,0.0,0.0,0.0,nan,nan,nan,1.2116194597872714,1.1992089205718037,0.012410539215467642,6.060951196398633,6.0199973555997115,0.04095384079892117,7.0,8.0,-1.0,22.0,26.0,-4.0,7.0,5.0,2.0,23.0,32.0,-9.0,6.0,3.0,3.0,24.0,27.0,-3.0,5.0,5.0,0.0,21.0,27.0,-6.0
55,27.5,71.5,27.5,1.0,0.0,1.0,0.03598948591554699,0.0,0.03598948591554699,0.6661211691166686,nan,nan,1.208636699248879,1.1992089205718037,0.009427778677075338,6.054564776670551,6.0199973555997115,0.034567421070839544,3.0,6.0,-3.0,26.0,26.0,0.0,7.0,7.0,0.0,22.0,31.0,-9.0,7.0,4.0,3.0,23.0,27.0,-4.0,5.0,5.0,0.0,25.0,26.0,-1.0
56,28.0,72.0,28.0,0.0,0.0,0.0,0.0,0.0,0.0,nan,nan,nan,1.213622223621956,1.1992089205718037,0.014413303050152315,6.062468170099172,6.0199973555997115,0.04247081449946055,6.0,7.0,-1.0,23.0,24.0,-1.0,6.0,5.0,1.0,24.0,31.0,-7.0,3.0,6.0,-3.0,22.0,29.0,-7.0,3.0,4.0,-1.0,22.0,30.0,-8.0
57,28.5,72.5,28.5,0.0,0.0,0.0,0.0,0.0,0.0,nan,nan,nan,1.209554597146003,1.1992089205718037,0.01034567657419938,6.056691845374306,6.0199973555997115,0.036694489774594885,3.0,8.0,-5.0,28.0,22.0,6.0,5.0,4.0,1.0,25.0,28.0,-3.0,6.0,5.0,1.0,25.0,28.0,-3.0,6.0,7.0,-1.0,24.0,30.0,-6.0
58,29.0,73.0,29.0,1.0,0.0,1.0,0.035990922300085854,0.0,0.035990922300085854,0.37792482347896966,nan,nan,1.2082793163398593,1.1992089205718037,0.009070395768055572,6.057905146751516,6.0199973555997115,0.037907791151804204,8.0,5.0,3.0,27.0,20.0,7.0,6.0,7.0,-1.0,25.0,26.0,-1.0,6.0,4.0,2.0,23.0,27.0,-4.0,5.0,6.0,-1.0,18.0,29.0,-11.0
59,29.5,73.5,29.5,0.0,0.0,0.0,0.0,0.0,0.0,nan,nan,nan,1.211959546271111,1.1992089205718037,0.012750625699307294,6.062976227370546,6.0199973555997115,0.042978871770834814,3.0,6.0,-3.0,26.0,24.0,2.0,3.0,5.0,-2.0,23.0,27.0,-4.0,4.0,6.0,-2.0,25.0,27.0,-2.0,3.0,5.0,-2.0,19.0,29.0,-10.0
60,30.0,74.0,30.0,1.0,0.0,1.0,0.03578523657257693,0.0,0.03578523657257693,0.5998554340530502,nan,nan,1.2118256628947244,1.1992089205718037,0.012616742322920649,6.057116740189569,6.0199973555997115,0.03711938458985742,4.0,7.0,-3.0,30.0,22.0,8.0,3.0,10.0,-7.0,22.0,24.0,-2.0,4.0,7.0,-3.0,23.0,27.0,-4.0,6.0,5.0,1.0,23.0,28.0,-5.0
61,30.5,74.5,30.5,3.0,1.0,2.0,0.10757776300412601,0.036767502102870324,0.0708102609012557,0.6679213064814338,0.6630000256578676,0.004921280823566132,1.2112519181679857,1.1992089205718037,0.012042997596181992,6.050341902552948,6.0199973555997115,0.03034454695323685,5.0,6.0,-1.0,29.0,21.0,8.0,6.0,7.0,-1.0,25.0,26.0,-1.0,3.0,2.0,1.0,22.0,24.0,-2.0,3.0,7.0,-4.0,22.0,28.0,-6.0
62,31.0,75.0,31.0,4.0,0.0,4.0,0.1426870386702894,0.0,0.1426870386702894,0.40631620643560873,nan,nan,1.213726176736164,1.1992089205718037,0.014517256164360282,6.057370759653095,6.0199973555997115,0.0373734040533833,6.0,5.0,1.0,31.0,23.0,8.0,5.0,6.0,-1.0,21.0,25.0,-4.0,5.0,3.0,2.0,20.0,27.0,-7.0,3.0,9.0,-6.0,17.0,30.0,-13.0
63,31.5,75.5,31.5,1.0,0.0,1.0,0.03582026324218909,0.0,0.03582026324218909,0.6189077158293943,nan,nan,1.2106457676448459,1.1992089205718037,0.011436847073042156,6.062994551677351,6.0199973555997115,0.04299719607763919,3.0,3.0,0.0,26.0,25.0,1.0,3.0,9.0,-6.0,21.0,24.0,-3.0,6.0,5.0,1.0,25.0,27.0,-2.0,4.0,6.0,-2.0,19.0,29.0,-10.0
64,32.0,76.0,32.0,3.0,0.0,3.0,0.10748036929808083,0.0,0.10748036929808083,0.5693021422026566,nan,nan,1.2118270213855706,1.1992089205718037,0.012618100813766908,6.050077914711385,6.0199973555997115,0.03008055911167329,6.0,5.0,1.0,26.0,24.0,2.0,4.0,6.0,-2.0,23.0,23.0,0.0,6.0,9.0,-3.0,27.0,28.0,-1.0,6.0,2.0,4.0,19.0,27.0,-8.0
65,32.5,76.5,32.5,1.0,0.0,1.0,0.03576458216695671,0.0,0.03576458216695671,0.6762538173626191,nan,nan,1.2117786069898886,1.1992089205718037,0.012569686418084869,6.0610854878842275,6.0199973555997115,0.04108813228451602,5.0,3.0,2.0,24.0,23.0,1.0,5.0,8.0,-3.0,24.0,26.0,-2.0,5.0,3.0,2.0,21.0,21.0,0.0,5.0,4.0,1.0,19.0,25.0,-6.0
66,33.0,77.0,33.0,2.0,0.0,2.0,0.07160254045154214,0.0,0.07160254045154214,0.5486265743933324,nan,nan,1.2105287528643545,1.1992089205718037,0.011319832292550736,6.067383872663514,6.0199973555997115,0.04738651706380281,7.0,6.0,1.0,25.0,27.0,-2.0,3.0,9.0,-6.0,27.0,23.0,4.0,6.0,4.0,2.0,24.0,26.0,-2.0,4.0,6.0,-2.0,19.0,27.0,-8.0
67,33.5,77.5,33.5,1.0,0.0,1.0,0.0357649953308932,0.0,0.0357649953308932,0.5312885507847129,nan,nan,1.2113441833325145,1.1992089205718037,0.012135262760710752,6.065363565504715,6.0199973555997115,0.045366209905003174,6.0,2.0,4.0,26.0,30.0,-4.0,6.0,7.0,-1.0,26.0,28.0,-2.0,7.0,4.0,3.0,24.0,29.0,-5.0,4.0,6.0,-2.0,20.0,26.0,-6.0
68,34.0,78.0,34.0,3.0,0.0,3.0,0.10773017264997205,0.0,0.10773017264997205,0.5824590710193008,nan,nan,1.210395452893347,1.1992089205718037,0.011186532321543208,6.050335522102291,6.0199973555997115,0.030338166502579256,4.0,3.0,1.0,28.0,28.0,0.0,5.0,6.0,-1.0,25.0,25.0,0.0,3.0,4.0,-1.0,27.0,25.0,2.0,6.0,4.0,2.0,20.0,27.0,-7.0
69,34.5,78.5,34.5,1.0,2.0,-1.0,0.035705429635037936,0.07353500420574065,-0.03782957457070271,0.5420666014087092,0.38293991346839257,0.15912668794031665,1.213663682856437,1.1992089205718037,0.014454762284633382,6.052281941054971,6.0199973555997115,0.03228458545525914,5.0,4.0,1.0,28.0,27.0,1.0,7.0,4.0,3.0,22.0,20.0,2.0,9.0,5.0,4.0,27.0,25.0,2.0,6.0,5.0,1.0,22.0,27.0,-5.0
70,35.0,79.0,35.0,2.0,2.0,0.0,0.07146249277066861,0.07353500420574065,-0.002072511435072033,0.7542937131137772,0.4262376434783224,0.32805606963545486,1.2124377044181094,1.1992089205718037,0.013228783846305658,6.060146100869308,6.0199973555997115,0.04014874526959655,5.0,6.0,-1.0,23.0,28.0,-5.0,7.0,6.0,1.0,24.0,22.0,2.0,4.0,5.0,-1.0,30.0,24.0,6.0,3.0,3.0,0.0,22.0,28.0,-6.0
71,35.5,79.5,35.5,0.0,0.0,0.0,0.0,0.0,0.0,nan,nan,nan,1.2124758805966989,1.1992089205718037,0.013266960024895136,6.06205660452607,6.0199973555997115,0.042059248926358705,5.0,4.0,1.0,25.0,31.0,-6.0,5.0,5.0,0.0,22.0,24.0,-2.0,5.0,4.0,1.0,31.0,23.0,8.0,4.0,7.0,-3.0,20.0,32.0,-12.0
72,36.0,80.0,36.0,0.0,0.0,0.0,0.0,0.0,0.0,nan,nan,nan,1.2126144157372802,1.1992089205718037,0.013405495165476511,6.05869496433843,6.0199973555997115,0.03869760873871808,2.0,6.0,-4.0,22.0,29.0,-7.0,3.0,6.0,-3.0,21.0,26.0,-5.0,4.0,4.0,0.0,29.0,27.0,2.0,6.0,1.0,5.0,25.0,31.0,-6.0
73,36.5,80.5,36.5,1.0,3.0,-2.0,0.03582604168887519,0.11030250630861098,-0.07447646461973578,0.029770557099079258,0.39620376026517207,-0.3664332031660928,1.210650933521923,1.1992089205718037,0.011442012950119373,6.061964906948182,6.0199973555997115,0.04196755134847052,3.0,8.0,-5.0,24.0,31.0,-7.0,5.0,5.0,0.0,19.0,24.0,-5.0,2.0,4.0,-2.0,27.0,23.0,4.0,6.0,6.0,0.0,25.0,30.0,-5.0
74,37.0,81.0,37.0,1.0,2.0,-1.0,0.03579807106115243,0.07353500420574065,-0.03773693314458822,0.030880172433043824,0.39394894426648785,-0.36306877183344405,1.2116235733582108,1.1992089205718037,0.012414652786407077,6.056965120353597,6.0199973555997115,0.036967764753885746,4.0,7.0,-3.0,28.0,28.0,0.0,6.0,6.0,0.0,20.0,23.0,-3.0,3.0,5.0,-2.0,22.0,26.0,-4.0,4.0,10.0,-6.0,23.0,30.0,-7.0
75,37.5,81.5,37.5,1.0,1.0,0.0,0.035811542143014,0.036767502102870324,-0.0009559599598563256,0.03297332657270673,0.4161460830889503,-0.38317275651624355,1.211485385686112,1.1992089205718037,0.012276465114308355,6.056068026838547,6.0199973555997115,0.03607067123883567,7.0,6.0,1.0,27.0,29.0,-2.0,4.0,5.0,-1.0,23.0,20.0,3.0,5.0,7.0,-2.0,21.0,27.0,-6.0,6.0,3.0,3.0,24.0,30.0,-6.0
76,38.0,82.0,38.0,0.0,0.0,0.0,0.0,0.0,0.0,nan,nan,nan,1.2124048314132387,1.1992089205718037,0.01319591084143501,6.0610155432051265,6.0199973555997115,0.04101818760541498,5.0,6.0,-1.0,28.0,28.0,0.0,3.0,4.0,-1.0,24.0,19.0,5.0,4.0,3.0,1.0,26.0,21.0,5.0,9.0,9.0,0.0,24.0,30.0,-6.0
77,38.5,82.5,38.5,1.0,0.0,1.0,0.03591286640107571,0.0,0.03591286640107571,0.24141388401843247,nan,nan,1.2097556577263129,1.1992089205718037,0.010546737154509156,6.05626309792525,6.0199973555997115,0.03626574232553814,4.0,5.0,-1.0,26.0,30.0,-4.0,3.0,3.0,0.0,26.0,21.0,5.0,4.0,6.0,-2.0,23.0,24.0,-1.0,6.0,10.0,-4.0,27.0,34.0,-7.0
78,39.0,83.0,39.0,3.0,0.0,3.0,0.10709671135614332,0.0,0.10709671135614332,0.5902684515083132,nan,nan,1.2128200691019249,1.1992089205718037,0.013611148530121131,6.061812477670532,6.0199973555997115,0.04181512207082072,6.0,5.0,1.0,29.0,30.0,-1.0,5.0,4.0,1.0,25.0,25.0,0.0,5.0,5.0,0.0,23.0,23.0,0.0,6.0,7.0,-1.0,28.0,30.0,-2.0
79,39.5,83.5,39.5,5.0,1.0,4.0,0.1788420010831273,0.036767502102870324,0.14207449898025698,0.6352784453555,0.5449031848294088,0.09037526052609124,1.2113195239854748,1.1992089205718037,0.012110603413671095,6.065033117374519,6.0199973555997115,0.04503576177480717,4.0,7.0,-3.0,31.0,30.0,1.0,3.0,3.0,0.0,21.0,24.0,-3.0,7.0,4.0,3.0,20.0,21.0,-1.0,5.0,9.0,-4.0,27.0,28.0,-1.0
80,40.0,84.0,40.0,1.0,3.0,-2.0,0.03582180870047325,0.11030250630861098,-0.07448069760813772,0.8043242370969806,0.4618301114142623,0.34249412568271836,1.2108843809380159,1.1992089205718037,0.011675460366212143,6.060343803226214,6.0199973555997115,0.040346447626502524,3.0,8.0,-5.0,28.0,31.0,-3.0,6.0,5.0,1.0,23.0,22.0,1.0,5.0,3.0,2.0,20.0,21.0,-1.0,4.0,6.0,-2.0,25.0,27.0,-2.0
81,40.5,84.5,40.5,1.0,3.0,-2.0,0.03580169362708715,0.11030250630861098,-0.07450081268152384,0.48358780853919525,0.48182736087105305,0.0017604476681422065,1.211474677938834,1.1992089205718037,0.012265757367030172,6.05784104582172,6.0199973555997115,0.037843690222008064,5.0,11.0,-6.0,23.0,27.0,-4.0,5.0,3.0,2.0,27.0,23.0,4.0,2.0,4.0,-2.0,21.0,17.0,4.0,7.0,7.0,0.0,24.0,27.0,-3.0
82,41.0,85.0,41.0,0.0,1.0,-1.0,0.0,0.036767502102870324,-0.036767502102870324,nan,0.6150920380003302,nan,1.2129418151111344,1.1992089205718037,0.013732894539330687,6.065209602107014,6.0199973555997115,0.04521224650730282,4.0,5.0,-1.0,26.0,27.0,-1.0,3.0,2.0,1.0,26.0,23.0,3.0,5.0,5.0,0.0,26.0,21.0,5.0,3.0,7.0,-4.0,22.0,27.0,-5.0
83,41.5,85.5,41.5,0.0,3.0,-3.0,0.0,0.11030250630861098,-0.11030250630861098,nan,0.5416882900536123,nan,1.2099197571975453,1.1992089205718037,0.010710836625741571,6.058170963137996,6.0199973555997115,0.03817360753828414,5.0,6.0,-1.0,26.0,30.0,-4.0,5.0,3.0,2.0,27.0,21.0,6.0,6.0,5.0,1.0,23.0,22.0,1.0,6.0,4.0,2.0,23.0,33.0,-10.0
84,42.0,86.0,42.0,2.0,1.0,1.0,0.07164194864885355,0.036767502102870324,0.03487444654598323,0.4906347542297792,0.6486187339004431,-0.1579839796706639,1.2108036786019176,1.1992089205718037,0.011594758030113894,6.061292878794564,6.0199973555997115,0.041295523194852635,7.0,3.0,4.0,27.0,29.0,-2.0,2.0,3.0,-1.0,27.0,23.0,4.0,3.0,4.0,-1.0,30.0,22.0,8.0,4.0,4.0,0.0,23.0,31.0,-8.0
85,42.5,86.5,42.5,4.0,3.0,1.0,0.1428105969788555,0.11030250630861098,0.03250809067024453,0.5901964669107324,0.5496240201079519,0.04057244680278049,1.2121766393970437,1.1992089205718037,0.012967718825239949,6.0676128670911,6.0199973555997115,0.04761551149138832,4.0,5.0,-1.0,22.0,28.0,-6.0,2.0,4.0,-2.0,21.0,25.0,-4.0,3.0,5.0,-2.0,25.0,22.0,3.0,3.0,5.0,-2.0,20.0,31.0,-11.0
86,43.0,87.0,43.0,7.0,2.0,5.0,0.24979199091565796,0.07353500420574065,0.1762569867099173,0.5599492848519066,0.42468344791236134,0.1352658369395453,1.212891192041976,1.1992089205718037,0.013682271470172314,6.063536181432989,6.0199973555997115,0.04353882583327717,9.0,4.0,5.0,24.0,28.0,-4.0,5.0,4.0,1.0,24.0,23.0,1.0,5.0,6.0,-1.0,22.0,27.0,-5.0,4.0,6.0,-2.0,20.0,28.0,-8.0
87,43.5,87.5,43.5,4.0,3.0,1.0,0.14306748093682659,0.11030250630861098,0.03276497462821561,0.5604970878282904,0.4996895962052155,0.060807491623074916,1.21192693343618,1.1992089205718037,0.012718012864376238,6.059214316084284,6.0199973555997115,0.03921696048457246,4.0,6.0,-2.0,21.0,22.0,-1.0,5.0,3.0,2.0,23.0,21.0,2.0,5.0,6.0,-1.0,27.0,23.0,4.0,2.0,7.0,-5.0,22.0,30.0,-8.0
88,44.0,88.0,44.0,3.0,2.0,1.0,0.10784141211187714,0.07353500420574065,0.034306407906136496,0.5918480273436112,0.5263046615867052,0.065543365756906,1.2086145127519305,1.1992089205718037,0.00940559218012682,6.0619200792683685,6.0199973555997115,0.041922723668657014,4.0,9.0,-5.0,26.0,24.0,2.0,3.0,5.0,-2.0,27.0,21.0,6.0,6.0,5.0,1.0,29.0,26.0,3.0,6.0,6.0,0.0,24.0,27.0,-3.0
89,44.5,88.5,44.5,1.0,0.0,1.0,0.035784408916030234,0.0,0.035784408916030234,0.8088083379617812,nan,nan,1.2114374886515398,1.1992089205718037,0.012228568079736046,6.061139243876724,6.0199973555997115,0.041141888277012484,6.0,8.0,-2.0,26.0,25.0,1.0,4.0,5.0,-1.0,29.0,23.0,6.0,7.0,4.0,3.0,27.0,26.0,1.0,6.0,3.0,3.0,25.0,28.0,-3.0
90,45.0,89.0,45.0,1.0,1.0,0.0,0.0357313267513015,0.036767502102870324,-0.001036175351568823,0.4489207492368006,0.7328553400939017,-0.28393459085710115,1.2128337588241793,1.1992089205718037,0.013624838252375593,6.056175208865925,6.0199973555997115,0.03617785326621359,9.0,2.0,7.0,27.0,27.0,0.0,5.0,4.0,1.0,32.0,23.0,9.0,6.0,4.0,2.0,26.0,24.0,2.0,4.0,4.0,0.0,23.0,29.0,-6.0
91,45.5,89.5,45.5,1.0,1.0,0.0,0.03589322220051764,0.036767502102870324,-0.0008742799023526843,0.6167618385114886,0.23692729826790343,0.37983454024358515,1.2100168581526103,1.1992089205718037,0.01080793758080656,6.056961843253626,6.0199973555997115,0.0369644876539148,7.0,4.0,3.0,23.0,26.0,-3.0,4.0,3.0,1.0,25.0,25.0,0.0,8.0,4.0,4.0,23.0,29.0,-6.0,6.0,7.0,-1.0,25.0,32.0,-7.0
92,46.0,90.0,46.0,1.0,2.0,-1.0,0.03580627316260251,0.07353500420574065,-0.03772873104313814,0.6231690645910133,0.43125588739587006,0.19191317719514323,1.210966523992107,1.1992089205718037,0.011757603420303298,6.062150743268823,6.0199973555997115,0.04215338766911181,8.0,3.0,5.0,26.0,25.0,1.0,3.0,5.0,-2.0,23.0,26.0,-3.0,5.0,4.0,1.0,24.0,28.0,-4.0,7.0,4.0,3.0,24.0,30.0,-6.0
93,46.5,90.5,46.5,2.0,0.0,2.0,0.07134957577383423,0.0,0.07134957577383423,0.5918364004548547,nan,nan,1.2133520834438514,1.1992089205718037,0.014143162872047643,6.06059198737816,6.0199973555997115,0.04059463177844869,6.0,5.0,1.0,28.0,32.0,-4.0,6.0,4.0,2.0,23.0,21.0,2.0,5.0,4.0,1.0,20.0,31.0,-11.0,4.0,4.0,0.0,22.0,35.0,-13.0
94,47.0,91.0,47.0,1.0,0.0,1.0,0.03563640157491348,0.0,0.03563640157491348,0.5154258116611719,nan,nan,1.2135412982285612,1.1992089205718037,0.014332377656757433,6.065228432086352,6.0199973555997115,0.045231076486640376,6.0,4.0,2.0,22.0,30.0,-8.0,5.0,8.0,-3.0,24.0,23.0,1.0,7.0,4.0,3.0,17.0,29.0,-12.0,7.0,8.0,-1.0,20.0,35.0,-15.0
95,47.5,91.5,47.5,1.0,0.0,1.0,0.03578485840264626,0.0,0.03578485840264626,0.5150905821282388,nan,nan,1.2110428463619578,1.1992089205718037,0.011833925790154076,6.065013989563868,6.0199973555997115,0.04501663396415623,8.0,4.0,4.0,27.0,31.0,-4.0,7.0,2.0,5.0,25.0,17.0,8.0,4.0,8.0,-4.0,23.0,30.0,-7.0,4.0,8.0,-4.0,26.0,35.0,-9.0
96,48.0,92.0,48.0,2.0,0.0,2.0,0.07172912425183119,0.0,0.07172912425183119,0.37469743585903714,nan,nan,1.2110080298741552,1.1992089205718037,0.011799109302351507,6.051883354864621,6.0199973555997115,0.03188599926490987,6.0,6.0,0.0,23.0,31.0,-8.0,6.0,3.0,3.0,21.0,22.0,-1.0,4.0,6.0,-2.0,23.0,27.0,-4.0,3.0,10.0,-7.0,20.0,35.0,-15.0
97,48.5,92.5,48.5,3.0,0.0,3.0,0.10701083694769302,0.0,0.10701083694769302,0.3377447061168848,nan,nan,1.2141184412388357,1.1992089205718037,0.014909520667031995,6.053708571249068,6.0199973555997115,0.03371121564935642,6.0,8.0,-2.0,26.0,29.0,-3.0,5.0,6.0,-1.0,21.0,21.0,0.0,5.0,2.0,3.0,23.0,27.0,-4.0,4.0,8.0,-4.0,19.0,32.0,-13.0
98,49.0,93.0,49.0,1.0,0.0,1.0,0.035638837661257215,0.0,0.035638837661257215,0.14703373358165397,nan,nan,1.2138962718314015,1.1992089205718037,0.014687351259597747,6.061267356870918,6.0199973555997115,0.04127000127120617,2.0,3.0,-1.0,23.0,31.0,-8.0,4.0,7.0,-3.0,21.0,20.0,1.0,4.0,4.0,0.0,23.0,29.0,-6.0,4.0,8.0,-4.0,22.0,33.0,-11.0
99,49.5,93.5,49.5,1.0,0.0,1.0,0.035842228385284176,0.0,0.035842228385284176,0.25929764802939687,nan,nan,1.210680612315929,1.1992089205718037,0.011471691744125323,6.058930195216165,6.0199973555997115,0.03893283961645366,4.0,6.0,-2.0,24.0,31.0,-7.0,7.0,5.0,2.0,23.0,21.0,2.0,7.0,5.0,2.0,23.0,32.0,-9.0,5.0,6.0,-1.0,23.0,35.0,-12.0
100,50.0,94.0,50.0,3.0,0.0,3.0,0.10724273864473119,0.0,0.10724273864473119,0.5164392445228724,nan,nan,1.2122101766060154,1.1992089205718037,0.01300125603421165,6.059651316659959,6.0199973555997115,0.03965396106024777,2.0,7.0,-5.0,26.0,28.0,-2.0,6.0,3.0,3.0,22.0,22.0,0.0,6.0,5.0,1.0,24.0,30.0,-6.0,6.0,7.0,-1.0,20.0,34.0,-14.0
101,50.5,94.5,50.5,6.0,0.0,6.0,0.21463725588931004,0.0,0.21463725588931004,0.5343923797400671,nan,nan,1.2121480907531774,1.1992089205718037,0.012939170181373694,6.055986618414103,6.0199973555997115,0.03598926281439141,3.0,2.0,1.0,27.0,27.0,0.0,5.0,7.0,-2.0,21.0,24.0,-3.0,5.0,4.0,1.0,24.0,32.0,-8.0,6.0,6.0,0.0,19.0,30.0,-11.0
102,51.0,95.0,51.0,10.0,0.0,10.0,0.3594825051672326,0.0,0.3594825051672326,0.39241009108912456,nan,nan,1.2093157200467846,1.1992089205718037,0.010106799474980832,6.05470476209029,6.0199973555997115,0.03470740649057813,1.0,6.0,-5.0,25.0,29.0,-4.0,3.0,3.0,0.0,23.0,24.0,-1.0,3.0,3.0,0.0,24.0,29.0,-5.0,1.0,7.0,-6.0,21.0,33.0,-12.0
103,51.5,95.5,51.5,6.0,0.0,6.0,0.21432810988697526,0.0,0.21432810988697526,0.3774881852911638,nan,nan,1.2130549068113925,1.1992089205718037,0.01384598623958877,6.055657804132341,6.0199973555997115,0.03566044853262973,4.0,5.0,-1.0,26.0,29.0,-3.0,5.0,7.0,-2.0,23.0,25.0,-2.0,3.0,8.0,-5.0,22.0,28.0,-6.0,6.0,5.0,1.0,20.0,32.0,-12.0
104,52.0,96.0,52.0,11.0,1.0,10.0,0.3945219377926153,0.036767502102870324,0.35775443568974497,0.42563398952857606,0.7310335819261247,-0.3053995923975486,1.2100904882457433,1.1992089205718037,0.010881567673939552,6.060883836848377,6.0199973555997115,0.04088648124866534,4.0,3.0,1.0,21.0,29.0,-8.0,4.0,5.0,-1.0,22.0,26.0,-4.0,2.0,5.0,-3.0,26.0,26.0,0.0,6.0,7.0,-1.0,19.0,35.0,-16.0
105,52.5,96.5,52.5,10.0,1.0,9.0,0.3602746380545949,0.036767502102870324,0.3235071359517246,0.4260093428561559,0.7128157439454086,-0.2868064010892527,1.2080108895567594,1.1992089205718037,0.008801968984955666,6.054450576201673,6.0199973555997115,0.034453220601961654,6.0,5.0,1.0,22.0,31.0,-9.0,6.0,6.0,0.0,27.0,27.0,0.0,5.0,10.0,-5.0,23.0,32.0,-9.0,4.0,6.0,-2.0,18.0,34.0,-16.0
106,53.0,97.0,53.0,9.0,0.0,9.0,0.3230845722098478,0.0,0.3230845722098478,0.39563813575308016,nan,nan,1.210707807242525,1.1992089205718037,0.011498886670721298,6.049197033858473,6.0199973555997115,0.029199678258761352,6.0,6.0,0.0,27.0,28.0,-1.0,3.0,6.0,-3.0,24.0,28.0,-4.0,4.0,6.0,-2.0,22.0,30.0,-8.0,4.0,5.0,-1.0,19.0,35.0,-16.0
107,53.5,97.5,53.5,7.0,1.0,6.0,0.25062272683695314,0.036767502102870324,0.2138552247340828,0.38773445732236084,0.7480914771403876,-0.36035701981802676,1.2117141296848835,1.1992089205718037,0.01250520911307973,6.055184381682864,6.0199973555997115,0.03518702608315216,4.0,8.0,-4.0,27.0,24.0,3.0,8.0,5.0,3.0,23.0,25.0,-2.0,10.0,6.0,4.0,22.0,28.0,-6.0,5.0,5.0,0.0,18.0,35.0,-17.0
108,54.0,98.0,54.0,8.0,1.0,7.0,0.28591027206439323,0.036767502102870324,0.2491427699615229,0.3681284818641137,0.7394229720328345,-0.3712944901687208,1.2122949215170746,1.1992089205718037,0.013086000945270904,6.060295261995774,6.0199973555997115,0.0402979063960629,3.0,5.0,-2.0,21.0,25.0,-4.0,5.0,6.0,-1.0,22.0,27.0,-5.0,5.0,4.0,1.0,22.0,25.0,-3.0,4.0,4.0,0.0,16.0,34.0,-18.0
109,54.5,98.5,54.5,9.0,0.0,9.0,0.3221603076945996,0.0,0.3221603076945996,0.39603593013290256,nan,nan,1.2110341666995132,1.1992089205718037,0.011825246127709521,6.063282640260291,6.0199973555997115,0.04328528466057957,5.0,6.0,-1.0,22.0,31.0,-9.0,6.0,7.0,-1.0,25.0,28.0,-3.0,4.0,4.0,0.0,23.0,25.0,-2.0,7.0,4.0,3.0,19.0,36.0,-17.0
110,55.0,99.0,55.0,3.0,0.0,3.0,0.10700145385845206,0.0,0.10700145385845206,0.35533681069981665,nan,nan,1.2142986143492496,1.1992089205718037,0.015089693777445845,6.052442950653581,6.0199973555997115,0.03244559505386935,7.0,5.0,2.0,22.0,31.0,-9.0,3.0,4.0,-1.0,23.0,28.0,-5.0,6.0,5.0,1.0,25.0,28.0,-3.0,3.0,6.0,-3.0,19.0,31.0,-12.0
111,55.5,99.5,55.5,5.0,0.0,5.0,0.17968470661513047,0.0,0.17968470661513047,0.32012525953755666,nan,nan,1.2097730235529873,1.1992089205718037,0.010564102981183598,6.052032125431273,6.0199973555997115,0.032034769831561505,7.0,5.0,2.0,21.0,31.0,-10.0,6.0,5.0,1.0,24.0,29.0,-5.0,2.0,5.0,-3.0,24.0,29.0,-5.0,3.0,5.0,-2.0,18.0,32.0,-14.0
112,56.0,100.0,56.0,7.0,0.0,7.0,0.2510511595715952,0.0,0.2510511595715952,0.3978544868357283,nan,nan,1.2103450697142004,1.1992089205718037,0.01113614914239669,6.058533655505165,6.0199973555997115,0.03853629990545393,3.0,9.0,-6.0,21.0,30.0,-9.0,3.0,7.0,-4.0,25.0,25.0,0.0,6.0,4.0,2.0,25.0,28.0,-3.0,3.0,1.0,2.0,22.0,33.0,-11.0
113,56.5,100.5,56.5,3.0,0.0,3.0,0.10765232637420208,0.0,0.10765232637420208,0.45258207125271327,nan,nan,1.2098021457699566,1.1992089205718037,0.010593225198152867,6.060650799647949,6.0199973555997115,0.04065344404823712,5.0,4.0,1.0,23.0,27.0,-4.0,4.0,6.0,-2.0,28.0,28.0,0.0,3.0,2.0,1.0,21.0,32.0,-11.0,5.0,7.0,-2.0,16.0,32.0,-16.0
114,57.0,101.0,57.0,6.0,0.0,6.0,0.21427813157614656,0.0,0.21427813157614656,0.4958951278816619,nan,nan,1.2132426497635866,1.1992089205718037,0.014033729191782918,6.055195773192626,6.0199973555997115,0.03519841759291431,2.0,4.0,-2.0,16.0,24.0,-8.0,4.0,7.0,-3.0,28.0,24.0,4.0,2.0,5.0,-3.0,24.0,25.0,-1.0,7.0,4.0,3.0,22.0,32.0,-10.0
115,57.5,101.5,57.5,4.0,0.0,4.0,0.14366173632542723,0.0,0.14366173632542723,0.31632433291110723,nan,nan,1.210613736891502,1.1992089205718037,0.011404816319698252,6.047248457350872,6.0199973555997115,0.02725110175116008,2.0,5.0,-3.0,23.0,24.0,-1.0,5.0,5.0,0.0,26.0,23.0,3.0,4.0,6.0,-2.0,24.0,27.0,-3.0,6.0,3.0,3.0,19.0,35.0,-16.0
116,58.0,102.0,58.0,6.0,0.0,6.0,0.2146569244139459,0.0,0.2146569244139459,0.4524597294219969,nan,nan,1.2114376385233312,1.1992089205718037,0.012228717951527468,6.0625362669198175,6.0199973555997115,0.04253891132010601,4.0,3.0,1.0,21.0,22.0,-1.0,4.0,6.0,-2.0,30.0,29.0,1.0,6.0,8.0,-2.0,25.0,29.0,-4.0,4.0,8.0,-4.0,20.0,36.0,-16.0
117,58.5,102.5,58.5,3.0,0.0,3.0,0.107351621427579,0.0,0.107351621427579,0.42522529411516213,nan,nan,1.2104530453671836,1.1992089205718037,0.01124412479537984,6.07109290484564,6.0199973555997115,0.05109554924592885,3.0,6.0,-3.0,27.0,27.0,0.0,4.0,6.0,-2.0,24.0,25.0,-1.0,3.0,5.0,-2.0,25.0,26.0,-1.0,4.0,7.0,-3.0,24.0,34.0,-10.0
118,59.0,103.0,59.0,3.0,0.0,3.0,0.10753642777272991,0.0,0.10753642777272991,0.486678740788505,nan,nan,1.2108004348110075,1.1992089205718037,0.011591514239203793,6.057182234137187,6.0199973555997115,0.03718487853747554,4.0,4.0,0.0,27.0,31.0,-4.0,4.0,4.0,0.0,28.0,23.0,5.0,8.0,3.0,5.0,21.0,27.0,-6.0,5.0,12.0,-7.0,22.0,35.0,-13.0
119,59.5,103.5,59.5,2.0,0.0,2.0,0.0714981366093043,0.0,0.0714981366093043,0.43232144070234946,nan,nan,1.2121729481377694,1.1992089205718037,0.012964027565965708,6.059771165139747,6.0199973555997115,0.03977380954003529,4.0,5.0,-1.0,24.0,30.0,-6.0,4.0,4.0,0.0,26.0,29.0,-3.0,4.0,5.0,-1.0,23.0,27.0,-4.0,3.0,5.0,-2.0,19.0,33.0,-14.0
120,60.0,104.0,60.0,1.0,1.0,0.0,0.03562691756513289,0.036767502102870324,-0.001140584537737431,0.739968677433028,0.5719296259542485,0.1680390514787795,1.2146374007719767,1.1992089205718037,0.015428480200172956,6.055898381907785,6.0199973555997115,0.0359010263080739,5.0,4.0,1.0,23.0,29.0,-6.0,4.0,6.0,-2.0,24.0,28.0,-4.0,6.0,7.0,-1.0,23.0,24.0,-1.0,4.0,4.0,0.0,20.0,32.0,-12.0
121,60.5,104.5,60.5,0.0,0.0,0.0,0.0,0.0,0.0,nan,nan,nan,1.2119735172514816,1.1992089205718037,0.012764596679677886,6.0556384982337566,6.0199973555997115,0.03564114263404505,5.0,7.0,-2.0,24.0,31.0,-7.0,7.0,3.0,4.0,22.0,28.0,-6.0,6.0,4.0,2.0,22.0,26.0,-4.0,2.0,7.0,-5.0,21.0,34.0,-13.0
122,61.0,105.0,61.0,1.0,0.0,1.0,0.03587603187859617,0.0,0.03587603187859617,0.7799485012576188,nan,nan,1.210228769196922,1.1992089205718037,0.01101984862511829,6.057742112279851,6.0199973555997115,0.03774475668013988,5.0,6.0,-1.0,22.0,33.0,-11.0,3.0,6.0,-3.0,24.0,26.0,-2.0,3.0,5.0,-2.0,27.0,27.0,0.0,2.0,6.0,-4.0,21.0,33.0,-12.0
123,61.5,105.5,61.5,1.0,0.0,1.0,0.035752983473625356,0.0,0.035752983473625356,0.3977464757663323,nan,nan,1.2117125048715853,1.1992089205718037,0.0125035842997816,6.063713305176549,6.0199973555997115,0.04371594957683733,3.0,5.0,-2.0,22.0,28.0,-6.0,4.0,3.0,1.0,21.0,27.0,-6.0,2.0,4.0,-2.0,21.0,27.0,-6.0,2.0,8.0,-6.0,20.0,31.0,-11.0
124,62.0,106.0,62.0,2.0,0.0,2.0,0.0715030505840816,0.0,0.0715030505840816,0.5495824059088817,nan,nan,1.2116089181279608,1.1992089205718037,0.01239999755615706,6.064997546503254,6.0199973555997115,0.04500019090354268,5.0,5.0,0.0,18.0,27.0,-9.0,4.0,4.0,0.0,29.0,25.0,4.0,2.0,5.0,-3.0,20.0,29.0,-9.0,5.0,8.0,-3.0,19.0,35.0,-16.0
125,62.5,106.5,62.5,0.0,0.0,0.0,0.0,0.0,0.0,nan,nan,nan,1.209283496249772,1.1992089205718037,0.010074575677968323,6.060589357225204,6.0199973555997115,0.04059200162549281,1.0,5.0,-4.0,20.0,28.0,-8.0,5.0,2.0,3.0,24.0,28.0,-4.0,4.0,5.0,-1.0,26.0,31.0,-5.0,8.0,5.0,3.0,24.0,34.0,-10.0
126,63.0,107.0,63.0,0.0,0.0,0.0,0.0,0.0,0.0,nan,nan,nan,1.2121829492027867,1.1992089205718037,0.012974028630982959,6.0513297372664825,6.0199973555997115,0.03133238166677099,4.0,3.0,1.0,21.0,30.0,-9.0,6.0,7.0,-1.0,27.0,24.0,3.0,3.0,8.0,-5.0,24.0,25.0,-1.0,1.0,3.0,-2.0,26.0,33.0,-7.0
127,63.5,107.5,63.5,1.0,0.0,1.0,0.03567661583975087,0.0,0.03567661583975087,0.4923929901061065,nan,nan,1.2132033141230885,1.1992089205718037,0.013994393551284734,6.0617678403116955,6.0199973555997115,0.04177048471198397,3.0,4.0,-1.0,19.0,25.0,-6.0,5.0,6.0,-1.0,23.0,27.0,-4.0,3.0,5.0,-2.0,25.0,29.0,-4.0,7.0,2.0,5.0,21.0,30.0,-9.0
128,64.0,108.0,64.0,4.0,0.0,4.0,0.1433087740088828,0.0,0.1433087740088828,0.47014846980495384,nan,nan,1.2099248566120355,1.1992089205718037,0.0107159360402318,6.069047549412257,6.0199973555997115,0.04905019381254583,6.0,4.0,2.0,19.0,26.0,-7.0,2.0,2.0,0.0,23.0,27.0,-4.0,7.0,4.0,3.0,22.0,29.0,-7.0,4.0,4.0,0.0,25.0,35.0,-10.0
129,64.5,108.5,64.5,2.0,0.0,2.0,0.07115652869667706,0.0,0.07115652869667706,0.7587079046874516,nan,nan,1.215436764627447,1.1992089205718037,0.01622784405564337,6.056205902073238,6.0199973555997115,0.036208546473526226,4.0,3.0,1.0,23.0,25.0,-2.0,3.0,4.0,-1.0,25.0,25.0,0.0,6.0,5.0,1.0,21.0,27.0,-6.0,4.0,5.0,-1.0,24.0,33.0,-9.0
130,65.0,109.0,65.0,3.0,0.0,3.0,0.1073267412583011,0.0,0.1073267412583011,0.5401543945468753,nan,nan,1.212387827101514,1.1992089205718037,0.013178906529710321,6.053134227434841,6.0199973555997115,0.033136871835129256,4.0,4.0,0.0,22.0,26.0,-4.0,4.0,6.0,-2.0,26.0,31.0,-5.0,5.0,7.0,-2.0,22.0,25.0,-3.0,6.0,6.0,0.0,26.0,36.0,-10.0
131,65.5,109.5,65.5,4.0,0.0,4.0,0.1435737192219326,0.0,0.1435737192219326,0.5030311628541893,nan,nan,1.2095559362197719,1.1992089205718037,0.010347015647968139,6.061543880437394,6.0199973555997115,0.041546524837682064,4.0,4.0,0.0,22.0,30.0,-8.0,8.0,3.0,5.0,26.0,28.0,-2.0,8.0,6.0,2.0,19.0,23.0,-4.0,1.0,6.0,-5.0,27.0,34.0,-7.0
132,66.0,110.0,66.0,0.0,0.0,0.0,0.0,0.0,0.0,nan,nan,nan,1.213939867362054,1.1992089205718037,0.014730946790250332,6.0616864566059405,6.0199973555997115,0.041689101006229023,4.0,3.0,1.0,26.0,28.0,-2.0,4.0,4.0,0.0,23.0,30.0,-7.0,6.0,7.0,-1.0,19.0,25.0,-6.0,6.0,7.0,-1.0,23.0,31.0,-8.0
133,66.5,110.5,66.5,3.0,0.0,3.0,0.10750475465090348,0.0,0.10750475465090348,0.4969925144062974,nan,nan,1.2103482098042502,1.1992089205718037,0.011139289232446448,6.0634953006229715,6.0199973555997115,0.04349794502325999,5.0,3.0,2.0,26.0,28.0,-2.0,6.0,3.0,3.0,25.0,30.0,-5.0,5.0,7.0,-2.0,23.0,23.0,0.0,5.0,3.0,2.0,26.0,32.0,-6.0
134,67.0,111.0,67.0,4.0,0.0,4.0,0.14355098874426223,0.0,0.14355098874426223,0.4813073952047553,nan,nan,1.2097821390376748,1.1992089205718037,0.010573218465871115,6.060236791811559,6.0199973555997115,0.04023943621184767,6.0,6.0,0.0,30.0,26.0,4.0,4.0,4.0,0.0,22.0,27.0,-5.0,4.0,7.0,-3.0,23.0,26.0,-3.0,3.0,5.0,-2.0,24.0,31.0,-7.0
135,67.5,111.5,67.5,3.0,0.0,3.0,0.1064989489246532,0.0,0.1064989489246532,0.4903010031901884,nan,nan,1.216698923588304,1.1992089205718037,0.017490003016500166,6.057031228318929,6.0199973555997115,0.037033872719217875,5.0,5.0,0.0,27.0,29.0,-2.0,3.0,5.0,-2.0,21.0,30.0,-9.0,5.0,5.0,0.0,21.0,26.0,-5.0,5.0,8.0,-3.0,25.0,29.0,-4.0
136,68.0,112.0,68.0,5.0,0.0,5.0,0.17947603986520347,0.0,0.17947603986520347,0.5053034329517653,nan,nan,1.2094124054439166,1.1992089205718037,0.010203484872112867,6.062682364453308,6.0199973555997115,0.04268500885359661,3.0,6.0,-3.0,22.0,27.0,-5.0,5.0,3.0,2.0,22.0,25.0,-3.0,2.0,3.0,-1.0,24.0,25.0,-1.0,4.0,9.0,-5.0,24.0,31.0,-7.0
137,68.5,112.5,68.5,5.0,0.0,5.0,0.17903520533986805,0.0,0.17903520533986805,0.45703789567036035,nan,nan,1.2111209009817214,1.1992089205718037,0.0119119804099177,6.06047542938059,6.0199973555997115,0.04047807378087853,6.0,2.0,4.0,21.0,28.0,-7.0,4.0,3.0,1.0,23.0,28.0,-5.0,1.0,5.0,-4.0,22.0,26.0,-4.0,3.0,11.0,-8.0,26.0,34.0,-8.0
138,69.0,113.0,69.0,3.0,0.0,3.0,0.10812388220159919,0.0,0.10812388220159919,0.5384499790159686,nan,nan,1.2070947384579556,1.1992089205718037,0.007885817886151836,6.061317555499418,6.0199973555997115,0.04132019989970637,4.0,6.0,-2.0,22.0,28.0,-6.0,4.0,8.0,-4.0,24.0,31.0,-7.0,5.0,3.0,2.0,24.0,30.0,-6.0,2.0,6.0,-4.0,26.0,29.0,-3.0
139,69.5,113.5,69.5,3.0,0.0,3.0,0.10875486505420896,0.0,0.10875486505420896,0.5830475422558816,nan,nan,1.204657793559225,1.1992089205718037,0.00544887298742136,6.050556195615442,6.0199973555997115,0.030558840015730837,4.0,5.0,-1.0,20.0,27.0,-7.0,4.0,7.0,-3.0,21.0,30.0,-9.0,7.0,4.0,3.0,25.0,26.0,-1.0,6.0,3.0,3.0,23.0,29.0,-6.0
140,70.0,114.0,70.0,4.0,0.0,4.0,0.14433211826174552,0.0,0.14433211826174552,0.46481250770909566,nan,nan,1.207396403460284,1.1992089205718037,0.008187482888480258,6.051281792959093,6.0199973555997115,0.03128443735938191,8.0,2.0,6.0,22.0,24.0,-2.0,6.0,5.0,1.0,22.0,30.0,-8.0,5.0,5.0,0.0,26.0,28.0,-2.0,6.0,7.0,-1.0,25.0,30.0,-5.0
141,70.5,114.5,70.5,5.0,0.0,5.0,0.17977435753019844,0.0,0.17977435753019844,0.4463099278468471,nan,nan,1.208897851306895,1.1992089205718037,0.009688930735091361,6.057775507192413,6.0199973555997115,0.03777815159270137,4.0,5.0,-1.0,21.0,29.0,-8.0,4.0,6.0,-2.0,21.0,30.0,-9.0,5.0,7.0,-2.0,26.0,28.0,-2.0,4.0,6.0,-2.0,24.0,31.0,-7.0
142,71.0,115.0,71.0,4.0,0.0,4.0,0.14343215400535617,0.0,0.14343215400535617,0.5924525262280552,nan,nan,1.210416766861984,1.1992089205718037,0.011207846290180346,6.058899323434176,6.0199973555997115,0.0389019678344642,6.0,4.0,2.0,20.0,27.0,-7.0,7.0,3.0,4.0,23.0,30.0,-7.0,9.0,7.0,2.0,24.0,28.0,-4.0,3.0,6.0,-3.0,22.0,31.0,-9.0
143,71.5,115.5,71.5,4.0,0.0,4.0,0.14257429478157901,0.0,0.14257429478157901,0.48475453761576703,nan,nan,1.2137734631733532,1.1992089205718037,0.01456454260154949,6.061688431681244,6.0199973555997115,0.04169107608153233,4.0,4.0,0.0,23.0,32.0,-9.0,5.0,7.0,-2.0,25.0,28.0,-3.0,5.0,5.0,0.0,20.0,28.0,-8.0,5.0,5.0,0.0,22.0,30.0,-8.0
144,72.0,116.0,72.0,8.0,0.0,8.0,0.2855884040354999,0.0,0.2855884040354999,0.554073273481885,nan,nan,1.213271435520798,1.1992089205718037,0.014062514948994354,6.057362978369615,6.0199973555997115,0.03736562276990352,5.0,3.0,2.0,28.0,30.0,-2.0,7.0,6.0,1.0,24.0,31.0,-7.0,4.0,5.0,-1.0,24.0,27.0,-3.0,3.0,6.0,-3.0,23.0,30.0,-7.0
145,72.5,116.5,72.5,7.0,0.0,7.0,0.2507487279713257,0.0,0.2507487279713257,0.5199136437762831,nan,nan,1.2111023939864236,1.1992089205718037,0.011893473414619882,6.0582571503266145,6.0199973555997115,0.038259794726902996,7.0,4.0,3.0,26.0,33.0,-7.0,5.0,6.0,-1.0,24.0,28.0,-4.0,4.0,3.0,1.0,21.0,29.0,-8.0,3.0,5.0,-2.0,22.0,30.0,-8.0
146,73.0,117.0,73.0,3.0,0.0,3.0,0.10780700857427995,0.0,0.10780700857427995,0.48971937320065795,nan,nan,1.2090364088671082,1.1992089205718037,0.009827488295304443,6.0596233140703095,6.0199973555997115,0.03962595847059802,7.0,3.0,4.0,23.0,33.0,-10.0,5.0,3.0,2.0,20.0,24.0,-4.0,3.0,5.0,-2.0,24.0,34.0,-10.0,6.0,6.0,0.0,23.0,32.0,-9.0
147,73.5,117.5,73.5,3.0,0.0,3.0,0.10741019765131687,0.0,0.10741019765131687,0.4190552145103365,nan,nan,1.2118387776600321,1.1992089205718037,0.012629857088228391,6.053913000425231,6.0199973555997115,0.033915644825519564,6.0,4.0,2.0,23.0,33.0,-10.0,7.0,3.0,4.0,21.0,24.0,-3.0,5.0,5.0,0.0,25.0,32.0,-7.0,6.0,5.0,1.0,23.0,31.0,-8.0
148,74.0,118.0,74.0,3.0,0.0,3.0,0.1069631166500114,0.0,0.1069631166500114,0.4914955053139692,nan,nan,1.2131765241055754,1.1992089205718037,0.013967603533771689,6.06581747191807,6.0199973555997115,0.04582011631835847,8.0,4.0,4.0,22.0,32.0,-10.0,4.0,4.0,0.0,25.0,28.0,-3.0,3.0,4.0,-1.0,28.0,33.0,-5.0,3.0,6.0,-3.0,21.0,36.0,-15.0
149,74.5,118.5,74.5,2.0,0.0,2.0,0.07182521418590644,0.0,0.07182521418590644,0.6059740160773466,nan,nan,1.2095954846918633,1.1992089205718037,0.01038656412005956,6.057910869843053,6.0199973555997115,0.03791351424334177,4.0,3.0,1.0,23.0,31.0,-8.0,8.0,6.0,2.0,23.0,27.0,-4.0,5.0,6.0,-1.0,27.0,29.0,-2.0,3.0,5.0,-2.0,24.0,33.0,-9.0
150,75.0,119.0,75.0,3.0,0.0,3.0,0.10747291186642956,0.0,0.10747291186642956,0.592329154493719,nan,nan,1.2103828333331403,1.1992089205718037,0.011173912761336613,6.064944837402436,6.0199973555997115,0.044947481802724454,5.0,3.0,2.0,25.0,30.0,-5.0,4.0,7.0,-3.0,26.0,27.0,-1.0,8.0,6.0,2.0,23.0,30.0,-7.0,1.0,9.0,-8.0,21.0,33.0,-12.0
151,75.5,119.5,75.5,1.0,0.0,1.0,0.03595158994587539,0.0,0.03595158994587539,0.44615645451136293,nan,nan,1.2090303350773453,1.1992089205718037,0.009821414505541526,6.0570007911868045,6.0199973555997115,0.03700343558709296,4.0,7.0,-3.0,22.0,28.0,-6.0,6.0,5.0,1.0,23.0,24.0,-1.0,3.0,4.0,-1.0,24.0,30.0,-6.0,5.0,6.0,-1.0,22.0,35.0,-13.0
152,76.0,120.0,76.0,1.0,0.0,1.0,0.035666493907060975,0.0,0.035666493907060975,0.2895182520215999,nan,nan,1.2129428059464238,1.1992089205718037,0.013733885374620058,6.066092967807292,6.0199973555997115,0.04609561220758085,3.0,3.0,0.0,26.0,31.0,-5.0,7.0,5.0,2.0,27.0,22.0,5.0,5.0,3.0,2.0,27.0,30.0,-3.0,3.0,7.0,-4.0,22.0,38.0,-16.0
153,76.5,120.5,76.5,3.0,0.0,3.0,0.10696630885966948,0.0,0.10696630885966948,0.5340826612636279,nan,nan,1.2139926159964283,1.1992089205718037,0.014783695424624543,6.057484088154473,6.0199973555997115,0.037486732554761204,5.0,4.0,1.0,24.0,28.0,-4.0,3.0,5.0,-2.0,24.0,24.0,0.0,4.0,6.0,-2.0,29.0,32.0,-3.0,3.0,6.0,-3.0,25.0,40.0,-15.0
154,77.0,121.0,77.0,4.0,1.0,3.0,0.14348445170371035,0.036767502102870324,0.10671694960084002,0.3587890240305858,0.6459287553274455,-0.2871397312968597,1.210303427312922,1.1992089205718037,0.011094506741118337,6.057825372927055,6.0199973555997115,0.03782801732734331,6.0,4.0,2.0,24.0,28.0,-4.0,3.0,5.0,-2.0,21.0,29.0,-8.0,6.0,5.0,1.0,28.0,26.0,2.0,3.0,10.0,-7.0,23.0,37.0,-14.0
155,77.5,121.5,77.5,2.0,1.0,1.0,0.07164314813838672,0.036767502102870324,0.0348756460355164,0.3937721351509921,0.63535772167194,-0.24158558652094797,1.210401773328148,1.1992089205718037,0.011192852756344296,6.065217216236059,6.0199973555997115,0.04521986063634742,7.0,6.0,1.0,25.0,27.0,-2.0,3.0,5.0,-2.0,23.0,29.0,-6.0,5.0,5.0,0.0,25.0,27.0,-2.0,3.0,10.0,-7.0,20.0,39.0,-19.0
156,78.0,122.0,78.0,1.0,1.0,0.0,0.035726936603749745,0.036767502102870324,-0.0010405654991205784,0.7443481902087163,0.5949346918665649,0.14941349834215145,1.2127759255814403,1.1992089205718037,0.01356700500963659,6.057497077714336,6.0199973555997115,0.03749972211462449,4.0,4.0,0.0,25.0,23.0,2.0,3.0,4.0,-1.0,19.0,31.0,-12.0,6.0,4.0,2.0,28.0,23.0,5.0,3.0,9.0,-6.0,22.0,37.0,-15.0
157,78.5,122.5,78.5,1.0,1.0,0.0,0.035815227952737144,0.036767502102870324,-0.0009522741501331797,0.8084922776757281,0.6913481971900599,0.11714408048566816,1.211449403957031,1.1992089205718037,0.012240483385227208,6.05580450152717,6.0199973555997115,0.035807145927458706,5.0,4.0,1.0,23.0,27.0,-4.0,5.0,5.0,0.0,25.0,32.0,-7.0,7.0,3.0,4.0,24.0,26.0,-2.0,2.0,6.0,-4.0,21.0,38.0,-17.0
158,79.0,123.0,79.0,6.0,2.0,4.0,0.21645471918328765,0.07353500420574065,0.14291971497754702,0.3785991395464985,0.5301238017179792,-0.15152466217148075,1.2071547983229554,1.1992089205718037,0.007945877751151631,6.054919713190666,6.0199973555997115,0.03492235759095408,5.0,5.0,0.0,25.0,26.0,-1.0,3.0,7.0,-4.0,20.0,32.0,-12.0,8.0,3.0,5.0,25.0,27.0,-2.0,4.0,9.0,-5.0,22.0,38.0,-16.0
159,79.5,123.5,79.5,3.0,0.0,3.0,0.10718633200077214,0.0,0.10718633200077214,0.6953089823668069,nan,nan,1.21198654683249,1.1992089205718037,0.012777626260686237,6.065077776027486,6.0199973555997115,0.045080420427774825,2.0,6.0,-4.0,23.0,27.0,-4.0,5.0,3.0,2.0,20.0,31.0,-11.0,10.0,3.0,7.0,28.0,27.0,1.0,5.0,10.0,-5.0,26.0,37.0,-11.0
160,80.0,124.0,80.0,4.0,0.0,4.0,0.14292086088699074,0.0,0.14292086088699074,0.5059624970907777,nan,nan,1.2120767220419055,1.1992089205718037,0.012867801470101803,6.063931318919174,6.0199973555997115,0.04393396331946242,3.0,6.0,-3.0,21.0,27.0,-6.0,3.0,3.0,0.0,21.0,25.0,-4.0,9.0,5.0,4.0,25.0,22.0,3.0,7.0,7.0,0.0,23.0,32.0,-9.0
161,80.5,124.5,80.5,4.0,1.0,3.0,0.14279496337313086,0.036767502102870324,0.10602746127026053,0.5887951118847906,0.4917414622859807,0.09705364959880991,1.2129853327905582,1.1992089205718037,0.013776412218754475,6.060188462684115,6.0199973555997115,0.040191107084403654,2.0,3.0,-1.0,26.0,29.0,-3.0,3.0,5.0,-2.0,23.0,25.0,-2.0,7.0,5.0,2.0,24.0,29.0,-5.0,6.0,5.0,1.0,24.0,37.0,-13.0
162,81.0,125.0,81.0,3.0,2.0,1.0,0.10730658752539031,0.07353500420574065,0.03377158331964966,0.5646356350751655,0.5650288425523788,-0.00039320747721338645,1.2124037597091124,1.1992089205718037,0.013194839137308678,6.054111972403469,6.0199973555997115,0.03411461680375716,3.0,5.0,-2.0,25.0,26.0,-1.0,6.0,5.0,1.0,25.0,29.0,-4.0,3.0,2.0,1.0,21.0,26.0,-5.0,4.0,6.0,-2.0,25.0,35.0,-10.0
163,81.5,125.5,81.5,3.0,2.0,1.0,0.10722198427172473,0.07353500420574065,0.033686980065984085,0.5328922171986878,0.6322080847667467,-0.09931586756805888,1.2120459698661001,1.1992089205718037,0.01283704929429641,6.062466589920395,6.0199973555997115,0.04246923432068339,2.0,6.0,-4.0,25.0,27.0,-2.0,8.0,7.0,1.0,25.0,27.0,-2.0,6.0,4.0,2.0,26.0,25.0,1.0,9.0,9.0,0.0,24.0,39.0,-15.0
164,82.0,126.0,82.0,2.0,2.0,0.0,0.07186924293781581,0.07353500420574065,-0.0016657612679248368,0.516376370104834,0.6506297287729184,-0.1342533586680844,1.2092180607691063,1.1992089205718037,0.01000914019730259,6.057979545501726,6.0199973555997115,0.03798218990201452,3.0,9.0,-6.0,27.0,29.0,-2.0,2.0,2.0,0.0,23.0,27.0,-4.0,6.0,4.0,2.0,24.0,26.0,-2.0,4.0,9.0,-5.0,22.0,39.0,-17.0
165,82.5,126.5,82.5,0.0,0.0,0.0,0.0,0.0,0.0,nan,nan,nan,1.212414888901301,1.1992089205718037,0.013205968329497164,6.055173529801426,6.0199973555997115,0.03517617420171426,6.0,7.0,-1.0,27.0,29.0,-2.0,5.0,5.0,0.0,24.0,27.0,-3.0,3.0,5.0,-2.0,21.0,30.0,-9.0,3.0,9.0,-6.0,23.0,35.0,-12.0
166,83.0,127.0,83.0,0.0,2.0,-2.0,0.0,0.07353500420574065,-0.07353500420574065,nan,0.5779504138187339,nan,1.2110596946500976,1.1992089205718037,0.011850774078293824,6.061967088797243,6.0199973555997115,0.041969733197531944,6.0,5.0,1.0,28.0,27.0,1.0,6.0,6.0,0.0,26.0,28.0,-2.0,4.0,5.0,-1.0,22.0,32.0,-10.0,7.0,10.0,-3.0,22.0,34.0,-12.0
167,83.5,127.5,83.5,0.0,3.0,-3.0,0.0,0.11030250630861098,-0.11030250630861098,nan,0.5885079590244838,nan,1.2101063706106134,1.1992089205718037,0.010897450038809708,6.062624287814761,6.0199973555997115,0.04262693221504943,6.0,4.0,2.0,26.0,30.0,-4.0,3.0,4.0,-1.0,22.0,30.0,-8.0,4.0,3.0,1.0,21.0,27.0,-6.0,5.0,9.0,-4.0,25.0,36.0,-11.0
168,84.0,128.0,84.0,1.0,3.0,-2.0,0.03593959613448236,0.11030250630861098,-0.07436291017412862,0.4859096268805278,0.6528512493743185,-0.1669416224937907,1.2093305131827665,1.1992089205718037,0.010121592610962793,6.056014593354961,6.0199973555997115,0.036017237755249454,4.0,5.0,-1.0,22.0,28.0,-6.0,4.0,4.0,0.0,32.0,29.0,3.0,4.0,8.0,-4.0,22.0,27.0,-5.0,8.0,4.0,4.0,27.0,34.0,-7.0
169,84.5,128.5,84.5,2.0,3.0,-1.0,0.07136561999916323,0.11030250630861098,-0.03893688630944775,0.5567626146410966,0.5614731191187935,-0.004710504477696942,1.2134724212060783,1.1992089205718037,0.014263500634274617,6.058027756472235,6.0199973555997115,0.03803040087252363,7.0,4.0,3.0,23.0,25.0,-2.0,9.0,4.0,5.0,31.0,31.0,0.0,5.0,5.0,0.0,22.0,26.0,-4.0,3.0,7.0,-4.0,25.0,35.0,-10.0
170,85.0,129.0,85.0,1.0,2.0,-1.0,0.035860712167081615,0.07353500420574065,-0.03767429203865903,0.5719672973544179,0.4511664534501879,0.12080084390422996,1.2098967830148106,1.1992089205718037,0.010687862443006901,6.063656252552026,6.0199973555997115,0.04365889695231484,4.0,3.0,1.0,21.0,27.0,-6.0,5.0,7.0,-2.0,28.0,30.0,-2.0,4.0,6.0,-2.0,26.0,31.0,-5.0,4.0,8.0,-4.0,26.0,33.0,-7.0
171,85.5,129.5,85.5,1.0,0.0,1.0,0.0358174674884496,0.0,0.0358174674884496,0.4427119957823505,nan,nan,1.2106965787326942,1.1992089205718037,0.01148765816089048,6.062958864023784,6.0199973555997115,0.04296150842407265,4.0,9.0,-5.0,25.0,27.0,-2.0,3.0,8.0,-5.0,26.0,32.0,-6.0,6.0,6.0,0.0,31.0,25.0,6.0,3.0,9.0,-6.0,20.0,35.0,-15.0
172,86.0,130.0,86.0,5.0,0.0,5.0,0.17870507350411124,0.0,0.17870507350411124,0.5447703529776959,nan,nan,1.2122956637686082,1.1992089205718037,0.013086743196804473,6.059909602081652,6.0199973555997115,0.039912246481940805,6.0,6.0,0.0,25.0,29.0,-4.0,5.0,6.0,-1.0,27.0,31.0,-4.0,2.0,4.0,-2.0,22.0,25.0,-3.0,4.0,7.0,-3.0,22.0,33.0,-11.0
173,86.5,130.5,86.5,4.0,0.0,4.0,0.1432908355322641,0.0,0.1432908355322641,0.6033780824080033,nan,nan,1.2109186370189784,1.1992089205718037,0.011709716447174667,6.059848641199897,6.0199973555997115,0.039851285600185804,5.0,5.0,0.0,25.0,30.0,-5.0,4.0,4.0,0.0,29.0,28.0,1.0,5.0,4.0,1.0,27.0,25.0,2.0,2.0,10.0,-8.0,26.0,37.0,-11.0
174,87.0,131.0,87.0,0.0,0.0,0.0,0.0,0.0,0.0,nan,nan,nan,1.2098389816090611,1.1992089205718037,0.010630061037257388,6.057382689493946,6.0199973555997115,0.037385333894234485,4.0,6.0,-2.0,20.0,29.0,-9.0,8.0,4.0,4.0,24.0,29.0,-5.0,5.0,6.0,-1.0,27.0,30.0,-3.0,4.0,6.0,-2.0,26.0,37.0,-11.0
175,87.5,131.5,87.5,0.0,0.0,0.0,0.0,0.0,0.0,nan,nan,nan,1.2085763861463175,1.1992089205718037,0.009367465574513734,6.061508248340383,6.0199973555997115,0.041510892740671324,4.0,6.0,-2.0,19.0,27.0,-8.0,7.0,4.0,3.0,31.0,28.0,3.0,5.0,4.0,1.0,26.0,30.0,-4.0,4.0,9.0,-5.0,22.0,33.0,-11.0
176,88.0,132.0,88.0,0.0,1.0,-1.0,0.0,0.036767502102870324,-0.036767502102870324,nan,0.5449494005782343,nan,1.2108443636198172,1.1992089205718037,0.01163544304801345,6.054096086145218,6.0199973555997115,0.03409873054550694,6.0,6.0,0.0,23.0,30.0,-7.0,6.0,6.0,0.0,32.0,29.0,3.0,5.0,4.0,1.0,25.0,28.0,-3.0,7.0,6.0,1.0,28.0,35.0,-7.0
177,88.5,132.5,88.5,0.0,1.0,-1.0,0.0,0.036767502102870324,-0.036767502102870324,nan,0.3980280367944354,nan,1.210728692211947,1.1992089205718037,0.011519771640143173,6.047058673785978,6.0199973555997115,0.027061318186266448,6.0,2.0,4.0,25.0,29.0,-4.0,4.0,7.0,-3.0,27.0,30.0,-3.0,8.0,6.0,2.0,26.0,27.0,-1.0,7.0,7.0,0.0,26.0,38.0,-12.0
178,89.0,133.0,89.0,0.0,2.0,-2.0,0.0,0.07353500420574065,-0.07353500420574065,nan,0.5575629752292415,nan,1.2115331330189147,1.1992089205718037,0.012324212447111016,6.058158518185495,6.0199973555997115,0.038161162585783615,5.0,3.0,2.0,24.0,29.0,-5.0,5.0,7.0,-2.0,32.0,31.0,1.0,5.0,6.0,-1.0,25.0,28.0,-3.0,4.0,6.0,-2.0,27.0,33.0,-6.0
179,89.5,133.5,89.5,0.0,2.0,-2.0,0.0,0.07353500420574065,-0.07353500420574065,nan,0.4485761975719068,nan,1.2080903374969276,1.1992089205718037,0.008881416925123897,6.0606912052453445,6.0199973555997115,0.04069384964563305,3.0,6.0,-3.0,26.0,33.0,-7.0,9.0,10.0,-1.0,32.0,31.0,1.0,4.0,4.0,0.0,24.0,32.0,-8.0,2.0,14.0,-12.0,25.0,36.0,-11.0
180,90.0,134.0,90.0,0.0,1.0,-1.0,0.0,0.036767502102870324,-0.036767502102870324,nan,0.5386944783890532,nan,1.2080031889636715,1.1992089205718037,0.00879426839186781,6.056356268411301,6.0199973555997115,0.03635891281158976,5.0,4.0,1.0,25.0,26.0,-1.0,8.0,6.0,2.0,32.0,28.0,4.0,3.0,4.0,-1.0,19.0,31.0,-12.0,2.0,10.0,-8.0,26.0,38.0,-12.0
181,90.5,134.5,90.5,0.0,0.0,0.0,0.0,0.0,0.0,nan,nan,nan,1.2110928630687612,1.1992089205718037,0.011883942496957456,6.055437138531735,6.0199973555997115,0.035439782932023434,7.0,10.0,-3.0,24.0,29.0,-5.0,10.0,4.0,6.0,34.0,29.0,5.0,5.0,4.0,1.0,20.0,31.0,-11.0,4.0,10.0,-6.0,26.0,36.0,-10.0
182,91.0,135.0,91.0,0.0,0.0,0.0,0.0,0.0,0.0,nan,nan,nan,1.2121279819538628,1.1992089205718037,0.012919061382059116,6.06228635492465,6.0199973555997115,0.04228899932493846,3.0,9.0,-6.0,24.0,31.0,-7.0,9.0,5.0,4.0,31.0,30.0,1.0,6.0,5.0,1.0,19.0,29.0,-10.0,6.0,7.0,-1.0,25.0,33.0,-8.0
183,91.5,135.5,91.5,0.0,0.0,0.0,0.0,0.0,0.0,nan,nan,nan,1.21222618851648,1.1992089205718037,0.01301726794467628,6.067251039193053,6.0199973555997115,0.04725368359334148,2.0,4.0,-2.0,25.0,30.0,-5.0,4.0,4.0,0.0,30.0,27.0,3.0,5.0,6.0,-1.0,25.0,28.0,-3.0,6.0,8.0,-2.0,25.0,34.0,-9.0
184,92.0,136.0,92.0,0.0,0.0,0.0,0.0,0.0,0.0,nan,nan,nan,1.2182624787143292,1.1992089205718037,0.019053558142525517,6.059323120841153,6.0199973555997115,0.0393257652414416,5.0,3.0,2.0,25.0,31.0,-6.0,6.0,4.0,2.0,26.0,27.0,-1.0,3.0,4.0,-1.0,25.0,33.0,-8.0,6.0,8.0,-2.0,26.0,37.0,-11.0
185,92.5,136.5,92.5,0.0,0.0,0.0,0.0,0.0,0.0,nan,nan,nan,1.2112923693707995,1.1992089205718037,0.01208344879899581,6.048790958379469,6.0199973555997115,0.028793602779757066,5.0,6.0,-1.0,21.0,26.0,-5.0,7.0,6.0,1.0,30.0,30.0,0.0,8.0,3.0,5.0,25.0,31.0,-6.0,4.0,7.0,-3.0,21.0,32.0,-11.0
186,93.0,137.0,93.0,0.0,0.0,0.0,0.0,0.0,0.0,nan,nan,nan,1.2085162720285356,1.1992089205718037,0.009307351456731894,6.055871496429243,6.0199973555997115,0.035874140829531775,5.0,4.0,1.0,26.0,31.0,-5.0,4.0,5.0,-1.0,33.0,24.0,9.0,4.0,5.0,-1.0,24.0,31.0,-7.0,5.0,8.0,-3.0,21.0,35.0,-14.0
187,93.5,137.5,93.5,0.0,0.0,0.0,0.0,0.0,0.0,nan,nan,nan,1.2139605553972954,1.1992089205718037,0.014751634825491688,6.06199146016686,6.0199973555997115,0.04199410456714858,6.0,6.0,0.0,25.0,29.0,-4.0,9.0,8.0,1.0,30.0,27.0,3.0,4.0,7.0,-3.0,23.0,34.0,-11.0,3.0,9.0,-6.0,20.0,33.0,-13.0
188,94.0,138.0,94.0,0.0,0.0,0.0,0.0,0.0,0.0,nan,nan,nan,1.210382835236396,1.1992089205718037,0.011173914664592166,6.061479801003847,6.0199973555997115,0.04148244540413515,7.0,3.0,4.0,25.0,31.0,-6.0,10.0,7.0,3.0,32.0,25.0,7.0,5.0,8.0,-3.0,25.0,28.0,-3.0,3.0,6.0,-3.0,20.0,35.0,-15.0
189,94.5,138.5,94.5,0.0,1.0,-1.0,0.0,0.036767502102870324,-0.036767502102870324,nan,0.4914392422546482,nan,1.2094303208159634,1.1992089205718037,0.010221400244159629,6.057670841896659,6.0199973555997115,0.037673486296947445,6.0,2.0,4.0,28.0,31.0,-3.0,8.0,5.0,3.0,32.0,21.0,11.0,3.0,7.0,-4.0,21.0,32.0,-11.0,4.0,8.0,-4.0,22.0,34.0,-12.0
190,95.0,139.0,95.0,0.0,0.0,0.0,0.0,0.0,0.0,nan,nan,nan,1.2154497849414552,1.1992089205718037,0.016240864369651442,6.06293930001341,6.0199973555997115,0.04294194441369825,9.0,7.0,2.0,27.0,30.0,-3.0,9.0,2.0,7.0,28.0,27.0,1.0,5.0,4.0,1.0,25.0,28.0,-3.0,4.0,10.0,-6.0,25.0,36.0,-11.0
191,95.5,139.5,95.5,0.0,0.0,0.0,0.0,0.0,0.0,nan,nan,nan,1.211359719727794,1.1992089205718037,0.012150799155990377,6.058731910788129,6.0199973555997115,0.03873455518841773,8.0,5.0,3.0,29.0,29.0,0.0,10.0,2.0,8.0,33.0,25.0,8.0,3.0,5.0,-2.0,27.0,27.0,0.0,5.0,9.0,-4.0,23.0,35.0,-12.0
192,96.0,140.0,96.0,0.0,2.0,-2.0,0.0,0.07353500420574065,-0.07353500420574065,nan,0.3852243197652535,nan,1.2063780127340455,1.1992089205718037,0.007169092162241819,6.060586780538226,6.0199973555997115,0.04058942493851436,5.0,4.0,1.0,28.0,33.0,-5.0,12.0,1.0,11.0,34.0,26.0,8.0,3.0,5.0,-2.0,27.0,27.0,0.0,5.0,7.0,-2.0,25.0,34.0,-9.0
193,96.5,140.5,96.5,0.0,3.0,-3.0,0.0,0.11030250630861098,-0.11030250630861098,nan,0.2730197097395526,nan,1.2108719977263465,1.1992089205718037,0.011663077154542734,6.059922189146391,6.0199973555997115,0.03992483354667975,3.0,7.0,-4.0,27.0,26.0,1.0,9.0,4.0,5.0,32.0,26.0,6.0,4.0,7.0,-3.0,24.0,29.0,-5.0,2.0,7.0,-5.0,23.0,36.0,-13.0
194,97.0,141.0,97.0,0.0,1.0,-1.0,0.0,0.036767502102870324,-0.036767502102870324,nan,0.39431965105268857,nan,1.2107455692942959,1.1992089205718037,0.01153664872249216,6.058629252326188,6.0199973555997115,0.03863189672647671,6.0,8.0,-2.0,27.0,30.0,-3.0,9.0,4.0,5.0,28.0,24.0,4.0,2.0,5.0,-3.0,23.0,28.0,-5.0,4.0,4.0,0.0,26.0,32.0,-6.0
195,97.5,141.5,97.5,0.0,1.0,-1.0,0.0,0.036767502102870324,-0.036767502102870324,nan,0.41790030291054947,nan,1.214171979514354,1.1992089205718037,0.014963058942550234,6.065299995564969,6.0199973555997115,0.045302639965257185,2.0,5.0,-3.0,32.0,29.0,3.0,5.0,3.0,2.0,30.0,25.0,5.0,3.0,7.0,-4.0,23.0,27.0,-4.0,4.0,5.0,-1.0,24.0,33.0,-9.0
196,98.0,142.0,98.0,0.0,1.0,-1.0,0.0,0.036767502102870324,-0.036767502102870324,nan,0.21610885408453145,nan,1.2106344461821847,1.1992089205718037,0.011425525610381015,6.0649774231414195,6.0199973555997115,0.044980067541708024,6.0,6.0,0.0,28.0,23.0,5.0,6.0,5.0,1.0,31.0,24.0,7.0,5.0,2.0,3.0,22.0,28.0,-6.0,5.0,10.0,-5.0,25.0,37.0,-12.0
197,98.5,142.5,98.5,0.0,1.0,-1.0,0.0,0.036767502102870324,-0.036767502102870324,nan,0.41476398697213845,nan,1.2083876473312403,1.1992089205718037,0.00917872675943654,6.054892250449184,6.0199973555997115,0.03489489484947228,4.0,6.0,-2.0,24.0,26.0,-2.0,6.0,2.0,4.0,33.0,21.0,12.0,4.0,6.0,-2.0,20.0,31.0,-11.0,6.0,7.0,-1.0,28.0,37.0,-9.0
198,99.0,143.0,99.0,0.0,0.0,0.0,0.0,0.0,0.0,nan,nan,nan,1.213709951194284,1.1992089205718037,0.014501030622480204,6.060471986924024,6.0199973555997115,0.040474631324312504,5.0,5.0,0.0,27.0,25.0,2.0,11.0,7.0,4.0,35.0,22.0,13.0,5.0,6.0,-1.0,25.0,28.0,-3.0,5.0,7.0,-2.0,23.0,38.0,-15.0
199,99.5,143.5,99.5,0.0,0.0,0.0,0.0,0.0,0.0,nan,nan,nan,1.211482350630132,1.1992089205718037,0.01227343005832826,6.061090798735,6.0199973555997115,0.04109344313528851,6.0,4.0,2.0,29.0,26.0,3.0,11.0,3.0,8.0,36.0,25.0,11.0,6.0,5.0,1.0,21.0,27.0,-6.0,5.0,6.0,-1.0,24.0,35.0,-11.0
200,100.0,144.0,100.0,0.0,1.0,-1.0,0.0,0.036767502102870324,-0.036767502102870324,nan,0.36266625635712296,nan,1.2102555018444932,1.1992089205718037,0.011046581272689426,6.058004932879481,6.0199973555997115,0.03800757727976922,4.0,2.0,2.0,25.0,25.0,0.0,10.0,5.0,5.0,34.0,28.0,6.0,3.0,5.0,-2.0,23.0,33.0,-10.0,4.0,8.0,-4.0,22.0,36.0,-14.0
