atom,name,r_ref_nm,r_cur_nm,delta_r_nm
1,B0001,1.23774,1.18133,-0.05640
2,N0002,1.20674,1.14672,-0.06002
3,B0003,1.23786,1.25446,0.01660
4,N0004,1.20727,1.16072,-0.04655
5,B0005,1.23746,1.09192,-0.14554
6,N0006,1.20700,1.10711,-0.09989
7,B0007,1.23597,1.16183,-0.07414
8,N0008,1.20737,1.13458,-0.07279
9,B0009,1.23662,1.26359,0.02697
10,N0010,1.20688,1.19907,-0.00782
11,B0011,1.23752,1.28210,0.04458
12,N0012,1.20750,1.22552,0.01802
13,B0013,1.23836,1.27483,0.03646
14,N0014,1.20674,1.22656,0.01981
15,B0015,1.23755,1.22874,-0.00881
16,N0016,1.20641,1.21790,0.01149
17,B0017,1.23750,1.26170,0.02419
18,N0018,1.20736,1.23480,0.02744
19,B0019,1.23822,1.32968,0.09146
20,N0020,1.20660,1.27605,0.06945
21,B0021,1.23728,1.32889,0.09161
22,N0022,1.20727,1.28461,0.07734
23,B0023,1.23630,1.30835,0.07205
24,N0024,1.20657,1.28395,0.07738
25,B0025,1.23779,1.36778,0.12999
26,N0026,1.20699,1.30309,0.09611
27,B0027,1.23612,1.38697,0.15085
28,N0028,1.20657,1.30527,0.09870
29,B0029,1.23838,1.38683,0.14845
30,N0030,1.20681,1.30147,0.09465
31,B0031,1.23727,1.36266,0.12539
32,N0032,1.20727,1.27804,0.07077
33,B0033,1.23828,1.28843,0.05015
34,N0034,1.20651,1.23135,0.02485
35,B0035,1.23592,1.17779,-0.05814
36,N0036,1.20729,1.17683,-0.03046
37,B0037,1.23752,1.23811,0.00060
38,N0038,1.20671,1.18739,-0.01932
39,B0039,1.23670,1.28004,0.04334
40,N0040,1.20696,1.21674,0.00978
41,B0041,1.23601,1.30018,0.06417
42,N0042,1.20686,1.24380,0.03694
43,B0043,1.23682,1.26346,0.02664
44,N0044,1.20646,1.24922,0.04276
45,B0045,1.23704,1.35664,0.11961
46,N0046,1.20689,1.28609,0.07920
47,B0047,1.23709,1.40317,0.16608
48,N0048,1.20694,1.31308,0.10614
49,B0049,1.23792,1.32560,0.08769
50,N0050,1.20630,1.27431,0.06802
51,B0051,1.23711,1.20791,-0.02920
52,N0052,1.20709,1.20898,0.00189
53,B0053,1.23701,1.30042,0.06341
54,N0054,1.20728,1.22517,0.01790
55,B0055,1.23628,1.28128,0.04500
56,N0056,1.20687,1.21766,0.01079
57,B0057,1.23767,1.24110,0.00342
58,N0058,1.20681,1.19002,-0.01679
59,B0059,1.23679,1.20671,-0.03008
60,N0060,1.20717,1.16305,-0.04412
61,B0061,1.20034,1.13879,-0.06155
62,N0062,1.20034,1.11878,-0.08156
63,B0063,1.20137,1.12340,-0.07797
64,N0064,1.20042,1.11981,-0.08061
65,B0065,1.20030,1.11924,-0.08107
66,N0066,1.20167,1.13485,-0.06683
67,B0067,1.19982,1.15490,-0.04492
68,N0068,1.20124,1.15524,-0.04599
69,B0069,1.20097,1.20036,-0.00061
70,N0070,1.20156,1.18832,-0.01324
71,B0071,1.20070,1.21130,0.01059
72,N0072,1.20162,1.20416,0.00255
73,B0073,1.20001,1.21355,0.01354
74,N0074,1.20120,1.21478,0.01358
75,B0075,1.20074,1.21803,0.01729
76,N0076,1.20174,1.22421,0.02247
77,B0077,1.19991,1.24513,0.04522
78,N0078,1.20089,1.24755,0.04666
79,B0079,1.20143,1.27537,0.07395
80,N0080,1.20143,1.27310,0.07168
81,B0081,1.20128,1.27243,0.07115
82,N0082,1.20128,1.27381,0.07253
83,B0083,1.19947,1.28472,0.08525
84,N0084,1.20089,1.27511,0.07422
85,B0085,1.20040,1.28412,0.08373
86,N0086,1.20126,1.27128,0.07002
87,B0087,1.20123,1.28203,0.08080
88,N0088,1.20123,1.25507,0.05384
89,B0089,1.20087,1.26204,0.06117
90,N0090,1.20087,1.23117,0.03030
91,B0091,1.20082,1.23365,0.03283
92,N0092,1.20082,1.20768,0.00687
93,B0093,1.20078,1.19161,-0.00917
94,N0094,1.20078,1.18805,-0.01273
95,B0095,1.20103,1.16740,-0.03363
96,N0096,1.20103,1.17398,-0.02705
97,B0097,1.19990,1.18366,-0.01625
98,N0098,1.20131,1.18575,-0.01557
99,B0099,1.19951,1.21281,0.01330
100,N0100,1.20090,1.20771,0.00681
101,B0101,1.20100,1.24460,0.04360
102,N0102,1.20191,1.24116,0.03925
103,B0103,1.19945,1.25423,0.05478
104,N0104,1.20064,1.25048,0.04984
105,B0105,1.20027,1.28374,0.08348
106,N0106,1.20027,1.25955,0.05929
107,B0107,1.19955,1.28500,0.08545
108,N0108,1.19955,1.26139,0.06184
109,B0109,1.20119,1.23079,0.02960
110,N0110,1.20210,1.22615,0.02405
111,B0111,1.20000,1.20142,0.00141
112,N0112,1.20140,1.19612,-0.00528
113,B0113,1.20018,1.20298,0.00280
114,N0114,1.20159,1.18450,-0.01708
115,B0115,1.20057,1.19282,-0.00775
116,N0116,1.20057,1.19128,-0.00928
117,B0117,1.20058,1.16446,-0.03612
118,N0118,1.20153,1.16407,-0.03746
119,B0119,1.20029,1.13999,-0.06030
120,N0120,1.20029,1.13007,-0.07022
121,B0121,1.20217,1.11706,-0.08511
122,N0122,1.20511,1.12534,-0.07977
123,B0123,1.20162,1.13216,-0.06946
124,N0124,1.20568,1.14862,-0.05706
125,B0125,1.20237,1.14741,-0.05496
126,N0126,1.20597,1.16025,-0.04572
127,B0127,1.20116,1.16932,-0.03184
128,N0128,1.20547,1.17781,-0.02766
129,B0129,1.20167,1.19418,-0.00749
130,N0130,1.20527,1.19834,-0.00693
131,B0131,1.20168,1.20854,0.00686
132,N0132,1.20579,1.22061,0.01482
133,B0133,1.20233,1.22333,0.02100
134,N0134,1.20542,1.23879,0.03338
135,B0135,1.20228,1.23953,0.03725
136,N0136,1.20526,1.25232,0.04706
137,B0137,1.20248,1.26321,0.06073
138,N0138,1.20469,1.27372,0.06902
139,B0139,1.20144,1.28079,0.07936
140,N0140,1.20590,1.28540,0.07950
141,B0141,1.20159,1.27320,0.07161
142,N0142,1.20583,1.28245,0.07663
143,B0143,1.20199,1.27063,0.06864
144,N0144,1.20559,1.27032,0.06473
145,B0145,1.20210,1.25409,0.05199
146,N0146,1.20566,1.24449,0.03883
147,B0147,1.20171,1.23294,0.03122
148,N0148,1.20465,1.22034,0.01569
149,B0149,1.20127,1.20860,0.00734
150,N0150,1.20527,1.19545,-0.00981
151,B0151,1.20043,1.19208,-0.00835
152,N0152,1.20455,1.19092,-0.01363
153,B0153,1.20191,1.18478,-0.01713
154,N0154,1.20638,1.18957,-0.01681
155,B0155,1.20171,1.18135,-0.02036
156,N0156,1.20531,1.18592,-0.01939
157,B0157,1.20057,1.19791,-0.00266
158,N0158,1.20555,1.20394,-0.00161
159,B0159,1.20239,1.22038,0.01799
160,N0160,1.20599,1.22537,0.01938
161,B0161,1.20204,1.25252,0.05048
162,N0162,1.20520,1.25151,0.04631
163,B0163,1.20192,1.25454,0.05263
164,N0164,1.20490,1.25015,0.04525
165,B0165,1.20186,1.25088,0.04902
166,N0166,1.20594,1.23292,0.02698
167,B0167,1.20218,1.23734,0.03516
168,N0168,1.20439,1.21996,0.01556
169,B0169,1.20213,1.20495,0.00282
170,N0170,1.20573,1.20922,0.00349
171,B0171,1.20089,1.18658,-0.01431
172,N0172,1.20512,1.20408,-0.00104
173,B0173,1.20187,1.19160,-0.01027
174,N0174,1.20547,1.20586,0.00039
175,B0175,1.20143,1.18425,-0.01717
176,N0176,1.20589,1.19158,-0.01431
177,B0177,1.20208,1.14581,-0.05627
178,N0178,1.20620,1.15644,-0.04975
179,B0179,1.20274,1.12005,-0.08268
180,N0180,1.20574,1.12255,-0.08318
181,B0181,1.20579,1.14205,-0.06374
182,N0182,1.20769,1.15366,-0.05403
183,B0183,1.20527,1.16086,-0.04441
184,N0184,1.20750,1.16399,-0.04351
185,B0185,1.20547,1.17164,-0.03383
186,N0186,1.20755,1.17603,-0.03153
187,B0187,1.20597,1.18602,-0.01995
188,N0188,1.20737,1.18960,-0.01777
189,B0189,1.20608,1.20555,-0.00053
190,N0190,1.20700,1.22078,0.01378
191,B0191,1.20629,1.23496,0.02867
192,N0192,1.20825,1.24375,0.03550
193,B0193,1.20674,1.25388,0.04714
194,N0194,1.20774,1.26407,0.05633
195,B0195,1.20599,1.27264,0.06665
196,N0196,1.20815,1.28304,0.07488
197,B0197,1.20589,1.28438,0.07848
198,N0198,1.20772,1.29131,0.08359
199,B0199,1.20628,1.28794,0.08166
200,N0200,1.20768,1.28543,0.07775
201,B0201,1.20512,1.27722,0.07210
202,N0202,1.20728,1.27532,0.06804
203,B0203,1.20623,1.25405,0.04783
204,N0204,1.20709,1.25347,0.04637
205,B0205,1.20630,1.22978,0.02349
206,N0206,1.20756,1.23150,0.02394
207,B0207,1.20694,1.20564,-0.00129
208,N0208,1.20694,1.21144,0.00451
209,B0209,1.20689,1.18872,-0.01817
210,N0210,1.20689,1.20174,-0.00515
211,B0211,1.20615,1.19493,-0.01122
212,N0212,1.20836,1.20457,-0.00379
213,B0213,1.20549,1.18704,-0.01845
214,N0214,1.20772,1.20020,-0.00753
215,B0215,1.20555,1.19596,-0.00959
216,N0216,1.20696,1.20780,0.00083
217,B0217,1.20590,1.21729,0.01139
218,N0218,1.20671,1.22487,0.01816
219,B0219,1.20638,1.23825,0.03187
220,N0220,1.20770,1.24497,0.03727
221,B0221,1.20455,1.25474,0.05019
222,N0222,1.20671,1.24465,0.03793
223,B0223,1.20527,1.23280,0.02754
224,N0224,1.20627,1.21979,0.01352
225,B0225,1.20465,1.21536,0.01072
226,N0226,1.20563,1.19848,-0.00715
227,B0227,1.20566,1.21514,0.00949
228,N0228,1.20748,1.19594,-0.01154
229,B0229,1.20640,1.20094,-0.00546
230,N0230,1.20780,1.19891,-0.00888
231,B0231,1.20583,1.21475,0.00893
232,N0232,1.20798,1.22558,0.01760
233,B0233,1.20503,1.20645,0.00141
234,N0234,1.20727,1.21859,0.01132
235,B0235,1.20565,1.17622,-0.02943
236,N0236,1.20786,1.18662,-0.02123
237,B0237,1.20636,1.13842,-0.06794
238,N0238,1.20736,1.14674,-0.06062
239,B0239,1.20641,1.12774,-0.07867
240,N0240,1.20740,1.14274,-0.06467
241,B0241,1.20700,1.16415,-0.04285
242,N0242,1.20700,1.16764,-0.03936
243,B0243,1.20737,1.17774,-0.02963
244,N0244,1.20737,1.17912,-0.02825
245,B0245,1.20614,1.17992,-0.02622
246,N0246,1.20688,1.18205,-0.02483
247,B0247,1.20663,1.20694,0.00030
248,N0248,1.20750,1.20943,0.00193
249,B0249,1.20674,1.23249,0.02575
250,N0250,1.20800,1.23992,0.03191
251,B0251,1.20740,1.25315,0.04575
252,N0252,1.20641,1.25663,0.05022
253,B0253,1.20736,1.28114,0.07379
254,N0254,1.20636,1.28507,0.07871
255,B0255,1.20660,1.28503,0.07843
256,N0256,1.20755,1.28826,0.08071
257,B0257,1.20640,1.28978,0.08338
258,N0258,1.20727,1.28905,0.08179
259,B0259,1.20657,1.27866,0.07209
260,N0260,1.20798,1.28552,0.07754
261,B0261,1.20699,1.26728,0.06029
262,N0262,1.20699,1.26220,0.05522
263,B0263,1.20657,1.23526,0.02869
264,N0264,1.20748,1.23768,0.03020
265,B0265,1.20681,1.21757,0.01075
266,N0266,1.20660,1.21380,0.00719
267,B0267,1.20727,1.20107,-0.00620
268,N0268,1.20627,1.20728,0.00102
269,B0269,1.20651,1.20588,-0.00063
270,N0270,1.20651,1.20872,0.00221
271,B0271,1.20638,1.20309,-0.00329
272,N0272,1.20729,1.21325,0.00596
273,B0273,1.20671,1.20268,-0.00403
274,N0274,1.20671,1.21243,0.00572
275,B0275,1.20622,1.21258,0.00636
276,N0276,1.20696,1.21639,0.00943
277,B0277,1.20686,1.23504,0.02818
278,N0278,1.20686,1.22589,0.01903
279,B0279,1.20741,1.24287,0.03546
280,N0280,1.20741,1.22986,0.02245
281,B0281,1.20788,1.22659,0.01871
282,N0282,1.20689,1.20427,-0.00261
283,B0283,1.20694,1.19694,-0.00999
284,N0284,1.20694,1.18292,-0.02402
285,B0285,1.20630,1.19374,-0.01256
286,N0286,1.20756,1.18132,-0.02624
287,B0287,1.20709,1.19022,-0.01687
288,N0288,1.20709,1.18231,-0.02478
289,B0289,1.20587,1.20812,0.00225
290,N0290,1.20728,1.20245,-0.00483
291,B0291,1.20687,1.22242,0.01555
292,N0292,1.20768,1.21695,0.00927
293,B0293,1.20681,1.20727,0.00046
294,N0294,1.20681,1.20949,0.00268
295,B0295,1.20717,1.16962,-0.03755
296,N0296,1.20717,1.18095,-0.02622
297,B0297,1.20774,1.14693,-0.06081
298,N0298,1.20774,1.15334,-0.05439
299,B0299,1.20727,1.15493,-0.05234
300,N0300,1.20727,1.15439,-0.05288
301,B0301,1.20613,1.17466,-0.03148
302,N0302,1.20663,1.16972,-0.03692
303,B0303,1.20547,1.17866,-0.02681
304,N0304,1.20688,1.17849,-0.02840
305,B0305,1.20656,1.19472,-0.01183
306,N0306,1.20737,1.19831,-0.00906
307,B0307,1.20608,1.23112,0.02504
308,N0308,1.20700,1.23695,0.02995
309,B0309,1.20727,1.25296,0.04568
310,N0310,1.20727,1.26175,0.05448
311,B0311,1.20674,1.27672,0.06998
312,N0312,1.20774,1.27903,0.07130
313,B0313,1.20599,1.29396,0.08798
314,N0314,1.20717,1.29151,0.08433
315,B0315,1.20589,1.28531,0.07941
316,N0316,1.20681,1.28185,0.07504
317,B0317,1.20628,1.29259,0.08631
318,N0318,1.20687,1.28701,0.08014
319,B0319,1.20512,1.27004,0.06492
320,N0320,1.20654,1.27946,0.07292
321,B0321,1.20623,1.25112,0.04489
322,N0322,1.20709,1.25014,0.04305
323,B0323,1.20630,1.22295,0.01665
324,N0324,1.20756,1.22962,0.02207
325,B0325,1.20694,1.20706,0.00012
326,N0326,1.20694,1.21384,0.00691
327,B0327,1.20689,1.21085,0.00397
328,N0328,1.20689,1.21192,0.00503
329,B0329,1.20615,1.21405,0.00790
330,N0330,1.20741,1.22469,0.01728
331,B0331,1.20686,1.22060,0.01374
332,N0332,1.20686,1.23208,0.02522
333,B0333,1.20555,1.21800,0.01245
334,N0334,1.20696,1.22545,0.01848
335,B0335,1.20590,1.21686,0.01096
336,N0336,1.20671,1.21678,0.01007
337,B0337,1.20638,1.21937,0.01299
338,N0338,1.20729,1.20399,-0.00330
339,B0339,1.20671,1.20618,-0.00053
340,N0340,1.20553,1.18893,-0.01660
341,B0341,1.20627,1.18344,-0.02282
342,N0342,1.20727,1.16633,-0.04094
343,B0343,1.20563,1.17462,-0.03100
344,N0344,1.20563,1.16473,-0.04090
345,B0345,1.20657,1.17131,-0.03526
346,N0346,1.20657,1.17630,-0.03027
347,B0347,1.20640,1.18721,-0.01919
348,N0348,1.20640,1.19275,-0.01365
349,B0349,1.20583,1.20979,0.00397
350,N0350,1.20724,1.21243,0.00519
351,B0351,1.20640,1.21375,0.00735
352,N0352,1.20727,1.20936,0.00209
353,B0353,1.20660,1.20082,-0.00578
354,N0354,1.20786,1.20288,-0.00498
355,B0355,1.20636,1.16863,-0.03773
356,N0356,1.20736,1.17756,-0.02980
357,B0357,1.20641,1.15575,-0.05066
358,N0358,1.20641,1.16578,-0.04063
359,B0359,1.20674,1.16258,-0.04416
360,N0360,1.20769,1.16693,-0.04076
361,B0361,1.20597,1.17454,-0.03143
362,N0362,1.20737,1.18037,-0.02700
363,B0363,1.20547,1.18771,-0.01776
364,N0364,1.20688,1.19051,-0.01637
365,B0365,1.20613,1.21332,0.00718
366,N0366,1.20663,1.21637,0.00974
367,B0367,1.20579,1.25331,0.04752
368,N0368,1.20674,1.25053,0.04379
369,B0369,1.20641,1.27355,0.06714
370,N0370,1.20542,1.27196,0.06654
371,B0371,1.20636,1.28489,0.07853
372,N0372,1.20636,1.28386,0.07750
373,B0373,1.20565,1.28457,0.07893
374,N0374,1.20660,1.27884,0.07224
375,B0375,1.20590,1.27728,0.07138
376,N0376,1.20640,1.27292,0.06652
377,B0377,1.20583,1.28147,0.07564
378,N0378,1.20724,1.27556,0.06832
379,B0379,1.20640,1.26413,0.05773
380,N0380,1.20640,1.25984,0.05345
381,B0381,1.20657,1.23722,0.03065
382,N0382,1.20657,1.24188,0.03531
383,B0383,1.20563,1.22215,0.01652
384,N0384,1.20563,1.22881,0.02318
385,B0385,1.20627,1.20981,0.00354
386,N0386,1.20627,1.21419,0.00792
387,B0387,1.20553,1.22246,0.01693
388,N0388,1.20553,1.22032,0.01479
389,B0389,1.20638,1.23081,0.02443
390,N0390,1.20638,1.23190,0.02552
391,B0391,1.20590,1.23330,0.02740
392,N0392,1.20671,1.23142,0.02471
393,B0393,1.20555,1.22082,0.01527
394,N0394,1.20696,1.22466,0.01770
395,B0395,1.20599,1.20546,-0.00053
396,N0396,1.20686,1.20732,0.00046
397,B0397,1.20615,1.18908,-0.01707
398,N0398,1.20741,1.18190,-0.02551
399,B0399,1.20689,1.17128,-0.03560
400,N0400,1.20689,1.15576,-0.05113
401,B0401,1.20694,1.16174,-0.04520
402,N0402,1.20694,1.15466,-0.05228
403,B0403,1.20630,1.16615,-0.04014
404,N0404,1.20725,1.16634,-0.04090
405,B0405,1.20623,1.18873,-0.01750
406,N0406,1.20709,1.18269,-0.02441
407,B0407,1.20512,1.20509,-0.00003
408,N0408,1.20654,1.20357,-0.00296
409,B0409,1.20628,1.20812,0.00184
410,N0410,1.20628,1.20266,-0.00363
411,B0411,1.20589,1.20063,-0.00526
412,N0412,1.20681,1.18545,-0.02136
413,B0413,1.20717,1.18858,-0.01860
414,N0414,1.20717,1.17946,-0.02771
415,B0415,1.20774,1.17132,-0.03641
416,N0416,1.20674,1.16966,-0.03707
417,B0417,1.20706,1.16999,-0.03707
418,N0418,1.20727,1.18176,-0.02552
419,B0419,1.20608,1.16925,-0.03684
420,N0420,1.20700,1.17651,-0.03048
421,B0421,1.20547,1.18602,-0.01945
422,N0422,1.20688,1.19944,-0.00744
423,B0423,1.20597,1.20663,0.00066
424,N0424,1.20737,1.21483,0.00746
425,B0425,1.20608,1.23482,0.02873
426,N0426,1.20700,1.23170,0.02470
427,B0427,1.20609,1.26152,0.05543
428,N0428,1.20727,1.26564,0.05837
429,B0429,1.20674,1.28252,0.07579
430,N0430,1.20774,1.28668,0.07895
431,B0431,1.20599,1.28375,0.07777
432,N0432,1.20717,1.28221,0.07504
433,B0433,1.20589,1.27398,0.06809
434,N0434,1.20681,1.26865,0.06184
435,B0435,1.20628,1.27463,0.06835
436,N0436,1.20687,1.26500,0.05813
437,B0437,1.20512,1.26717,0.06205
438,N0438,1.20654,1.26663,0.06009
439,B0439,1.20623,1.25179,0.04556
440,N0440,1.20709,1.25021,0.04311
441,B0441,1.20630,1.23450,0.02821
442,N0442,1.20756,1.23135,0.02379
443,B0443,1.20594,1.21966,0.01372
444,N0444,1.20694,1.22913,0.02219
445,B0445,1.20589,1.21901,0.01312
446,N0446,1.20689,1.22012,0.01323
447,B0447,1.20615,1.22283,0.01668
448,N0448,1.20741,1.21490,0.00749
449,B0449,1.20599,1.22761,0.02161
450,N0450,1.20686,1.22204,0.01518
451,B0451,1.20555,1.22681,0.02126
452,N0452,1.20696,1.22931,0.02234
453,B0453,1.20590,1.21667,0.01076
454,N0454,1.20671,1.22515,0.01844
455,B0455,1.20638,1.19545,-0.01093
456,N0456,1.20638,1.20933,0.00295
457,B0457,1.20553,1.16117,-0.04436
458,N0458,1.20553,1.17826,-0.02727
459,B0459,1.20627,1.15403,-0.05223
460,N0460,1.20627,1.16097,-0.04530
461,B0461,1.20563,1.15715,-0.04848
462,N0462,1.20563,1.16014,-0.04549
463,B0463,1.20657,1.17395,-0.03262
464,N0464,1.20657,1.17490,-0.03167
465,B0465,1.20640,1.19618,-0.01022
466,N0466,1.20640,1.19270,-0.01370
467,B0467,1.20583,1.19986,-0.00596
468,N0468,1.20724,1.20104,-0.00620
469,B0469,1.20590,1.19305,-0.01285
470,N0470,1.20640,1.18416,-0.02224
471,B0471,1.20565,1.17879,-0.02686
472,N0472,1.20660,1.17284,-0.03376
473,B0473,1.20636,1.16747,-0.03889
474,N0474,1.20636,1.17219,-0.03417
475,B0475,1.20641,1.17892,-0.02749
476,N0476,1.20641,1.18308,-0.02333
477,B0477,1.20579,1.18651,-0.01928
478,N0478,1.20674,1.20198,-0.00476
479,B0479,1.20527,1.18223,-0.02304
480,N0480,1.20663,1.19878,-0.00785
481,B0481,1.20547,1.21462,0.00915
482,N0482,1.20688,1.22601,0.01913
483,B0483,1.20527,1.22388,0.01862
484,N0484,1.20613,1.24082,0.03468
485,B0485,1.20579,1.25036,0.04457
486,N0486,1.20674,1.26228,0.05553
487,B0487,1.20641,1.28174,0.07533
488,N0488,1.20641,1.28741,0.08099
489,B0489,1.20636,1.28578,0.07942
490,N0490,1.20636,1.29178,0.08541
491,B0491,1.20565,1.27382,0.06817
492,N0492,1.20660,1.27830,0.07171
493,B0493,1.20590,1.26618,0.06028
494,N0494,1.20640,1.26237,0.05597
495,B0495,1.20583,1.26516,0.05934
496,N0496,1.20724,1.26320,0.05596
497,B0497,1.20640,1.25198,0.04558
498,N0498,1.20640,1.24763,0.04123
499,B0499,1.20657,1.23573,0.02916
500,N0500,1.20657,1.23403,0.02746
501,B0501,1.20465,1.23215,0.02750
502,N0502,1.20563,1.22924,0.02361
503,B0503,1.20627,1.22380,0.01754
504,N0504,1.20627,1.21815,0.01189
505,B0505,1.20553,1.21386,0.00833
506,N0506,1.20553,1.21061,0.00508
507,B0507,1.20638,1.21227,0.00590
508,N0508,1.20638,1.21297,0.00659
509,B0509,1.20590,1.22593,0.02003
510,N0510,1.20671,1.22677,0.02006
511,B0511,1.20555,1.22979,0.02424
512,N0512,1.20696,1.23069,0.02373
513,B0513,1.20599,1.22103,0.01504
514,N0514,1.20686,1.22166,0.01480
515,B0515,1.20615,1.19800,-0.00815
516,N0516,1.20741,1.20382,-0.00359
517,B0517,1.20689,1.17541,-0.03148
518,N0518,1.20689,1.18656,-0.02032
519,B0519,1.20594,1.16271,-0.04323
520,N0520,1.20694,1.17371,-0.03323
521,B0521,1.20630,1.16261,-0.04369
522,N0522,1.20756,1.16495,-0.04260
523,B0523,1.20623,1.18611,-0.02012
524,N0524,1.20709,1.17614,-0.03095
525,B0525,1.20512,1.19766,-0.00746
526,N0526,1.20654,1.18581,-0.02072
527,B0527,1.20628,1.18895,-0.01733
528,N0528,1.20628,1.17499,-0.03129
529,B0529,1.20589,1.16956,-0.03634
530,N0530,1.20681,1.15942,-0.04738
531,B0531,1.20620,1.16926,-0.03694
532,N0532,1.20717,1.16942,-0.03775
533,B0533,1.20674,1.17353,-0.03321
534,N0534,1.20774,1.18012,-0.02762
535,B0535,1.20609,1.20127,-0.00482
536,N0536,1.20727,1.20788,0.00061
537,B0537,1.20608,1.20792,0.00183
538,N0538,1.20700,1.21935,0.01235
539,B0539,1.20597,1.20592,-0.00005
540,N0540,1.20737,1.21503,0.00766
541,B0541,1.20597,1.23085,0.02488
542,N0542,1.20656,1.22739,0.02083
543,B0543,1.20608,1.25323,0.04715
544,N0544,1.20700,1.25648,0.04948
545,B0545,1.20727,1.27684,0.06956
546,N0546,1.20727,1.28153,0.07426
547,B0547,1.20674,1.29338,0.08665
548,N0548,1.20674,1.29566,0.08892
549,B0549,1.20717,1.28974,0.08257
550,N0550,1.20717,1.28954,0.08236
551,B0551,1.20589,1.27382,0.06792
552,N0552,1.20681,1.28241,0.07560
553,B0553,1.20628,1.25849,0.05221
554,N0554,1.20628,1.25792,0.05164
555,B0555,1.20512,1.25329,0.04817
556,N0556,1.20654,1.24559,0.03905
557,B0557,1.20623,1.23284,0.02661
558,N0558,1.20709,1.23503,0.02794
559,B0559,1.20630,1.23584,0.02955
560,N0560,1.20725,1.24163,0.03438
561,B0561,1.20694,1.22138,0.01444
562,N0562,1.20694,1.23375,0.02681
563,B0563,1.20689,1.21537,0.00848
564,N0564,1.20689,1.22553,0.01864
565,B0565,1.20615,1.21077,0.00462
566,N0566,1.20741,1.20881,0.00140
567,B0567,1.20599,1.22112,0.01513
568,N0568,1.20686,1.20796,0.00110
569,B0569,1.20555,1.22516,0.01961
570,N0570,1.20696,1.22212,0.01516
571,B0571,1.20590,1.22017,0.01427
572,N0572,1.20590,1.22369,0.01779
573,B0573,1.20638,1.21347,0.00710
574,N0574,1.20638,1.20765,0.00127
575,B0575,1.20553,1.19055,-0.01497
576,N0576,1.20553,1.18893,-0.01660
577,B0577,1.20627,1.18317,-0.02310
578,N0578,1.20627,1.18574,-0.02052
579,B0579,1.20563,1.17135,-0.03428
580,N0580,1.20563,1.17468,-0.03095
581,B0581,1.20657,1.16947,-0.03710
582,N0582,1.20657,1.17228,-0.03429
583,B0583,1.20640,1.17905,-0.02735
584,N0584,1.20640,1.18018,-0.02622
585,B0585,1.20583,1.17659,-0.02924
586,N0586,1.20657,1.17633,-0.03024
587,B0587,1.20590,1.16614,-0.03976
588,N0588,1.20640,1.17013,-0.03627
589,B0589,1.20565,1.16233,-0.04331
590,N0590,1.20660,1.15963,-0.04697
591,B0591,1.20636,1.17158,-0.03479
592,N0592,1.20537,1.17266,-0.03270
593,B0593,1.20641,1.19939,-0.00702
594,N0594,1.20542,1.20756,0.00215
595,B0595,1.20579,1.21745,0.01166
596,N0596,1.20674,1.23467,0.02793
597,B0597,1.20613,1.22421,0.01808
598,N0598,1.20663,1.23984,0.03320
599,B0599,1.20547,1.21883,0.01335
600,N0600,1.20688,1.22339,0.01650
601,B0601,1.20527,1.23916,0.03389
602,N0602,1.20663,1.23420,0.02757
603,B0603,1.20674,1.26473,0.05799
604,N0604,1.20769,1.25419,0.04650
605,B0605,1.20641,1.29033,0.08392
606,N0606,1.20740,1.28562,0.07822
607,B0607,1.20636,1.29074,0.08438
608,N0608,1.20736,1.29374,0.08638
609,B0609,1.20565,1.29260,0.08695
610,N0610,1.20755,1.30161,0.09407
611,B0611,1.20590,1.26895,0.06305
612,N0612,1.20640,1.27186,0.06546
613,B0613,1.20583,1.24954,0.04371
614,N0614,1.20724,1.25732,0.05008
615,B0615,1.20559,1.24132,0.03573
616,N0616,1.20640,1.24833,0.04193
617,B0617,1.20566,1.24018,0.03452
618,N0618,1.20657,1.24452,0.03795
619,B0619,1.20563,1.24233,0.03670
620,N0620,1.20563,1.24806,0.04243
621,B0621,1.20627,1.23417,0.02790
622,N0622,1.20627,1.24169,0.03543
623,B0623,1.20553,1.21718,0.01165
624,N0624,1.20553,1.22196,0.01643
625,B0625,1.20638,1.20040,-0.00597
626,N0626,1.20638,1.19962,-0.00676
627,B0627,1.20590,1.20702,0.00112
628,N0628,1.20671,1.20787,0.00116
629,B0629,1.20555,1.22217,0.01662
630,N0630,1.20696,1.21232,0.00536
631,B0631,1.20599,1.21556,0.00957
632,N0632,1.20686,1.20619,-0.00067
633,B0633,1.20615,1.19532,-0.01083
634,N0634,1.20741,1.18145,-0.02596
635,B0635,1.20689,1.18608,-0.02081
636,N0636,1.20689,1.17080,-0.03609
637,B0637,1.20694,1.17552,-0.03142
638,N0638,1.20694,1.16350,-0.04344
639,B0639,1.20630,1.17220,-0.03410
640,N0640,1.20756,1.16691,-0.04064
641,B0641,1.20573,1.17398,-0.03175
642,N0642,1.20709,1.17337,-0.03372
643,B0643,1.20512,1.17870,-0.02642
644,N0644,1.20654,1.17447,-0.03207
645,B0645,1.20547,1.17136,-0.03411
646,N0646,1.20628,1.16676,-0.03952
647,B0647,1.20589,1.15808,-0.04781
648,N0648,1.20681,1.15250,-0.05431
649,B0649,1.20620,1.16835,-0.03785
650,N0650,1.20717,1.17013,-0.03704
651,B0651,1.20574,1.19044,-0.01529
652,N0652,1.20674,1.20328,-0.00345
653,B0653,1.20609,1.23078,0.02469
654,N0654,1.20727,1.24039,0.03312
655,B0655,1.20608,1.24258,0.03649
656,N0656,1.20700,1.25300,0.04600
657,B0657,1.20597,1.24058,0.03461
658,N0658,1.20737,1.25139,0.04402
659,B0659,1.20547,1.21897,0.01350
660,N0660,1.20688,1.22677,0.01988
661,B0661,1.20608,1.23739,0.03131
662,N0662,1.20700,1.23612,0.02912
663,B0663,1.20727,1.26277,0.05550
664,N0664,1.20727,1.26115,0.05388
665,B0665,1.20674,1.28471,0.07797
666,N0666,1.20774,1.28291,0.07518
667,B0667,1.20717,1.29918,0.09201
668,N0668,1.20717,1.29112,0.08395
669,B0669,1.20589,1.28726,0.08137
670,N0670,1.20681,1.28572,0.07891
671,B0671,1.20628,1.26095,0.05467
672,N0672,1.20628,1.25952,0.05323
673,B0673,1.20512,1.24787,0.04275
674,N0674,1.20654,1.24441,0.03787
675,B0675,1.20623,1.24845,0.04222
676,N0676,1.20709,1.25232,0.04522
677,B0677,1.20630,1.24966,0.04336
678,N0678,1.20756,1.25859,0.05104
679,B0679,1.20694,1.25321,0.04628
680,N0680,1.20694,1.26899,0.06205
681,B0681,1.20689,1.23796,0.03107
682,N0682,1.20689,1.25010,0.04321
683,B0683,1.20615,1.21364,0.00749
684,N0684,1.20741,1.22223,0.01482
685,B0685,1.20599,1.20156,-0.00443
686,N0686,1.20686,1.20143,-0.00543
687,B0687,1.20555,1.20332,-0.00223
688,N0688,1.20696,1.19863,-0.00833
689,B0689,1.20590,1.20387,-0.00203
690,N0690,1.20671,1.19185,-0.01486
691,B0691,1.20638,1.18817,-0.01821
692,N0692,1.20729,1.18372,-0.02357
693,B0693,1.20553,1.16270,-0.04283
694,N0694,1.20651,1.14092,-0.06559
695,B0695,1.20627,1.15633,-0.04993
696,N0696,1.20627,1.13572,-0.07054
697,B0697,1.20660,1.15113,-0.05547
698,N0698,1.20563,1.14553,-0.06009
699,B0699,1.20657,1.16676,-0.03981
700,N0700,1.20657,1.15947,-0.04710
701,B0701,1.20640,1.17420,-0.03220
702,N0702,1.20640,1.17350,-0.03290
703,B0703,1.20657,1.16887,-0.03770
704,N0704,1.20724,1.17147,-0.03577
705,B0705,1.20503,1.16188,-0.04315
706,N0706,1.20640,1.16792,-0.03848
707,B0707,1.20565,1.15618,-0.04947
708,N0708,1.20660,1.16676,-0.03983
709,B0709,1.20537,1.19168,-0.01368
710,N0710,1.20636,1.19891,-0.00745
711,B0711,1.20542,1.22087,0.01546
712,N0712,1.20641,1.22500,0.01859
713,B0713,1.20579,1.25189,0.04610
714,N0714,1.20674,1.25166,0.04492
715,B0715,1.20613,1.25639,0.05025
716,N0716,1.20663,1.26220,0.05556
717,B0717,1.20547,1.24339,0.03791
718,N0718,1.20688,1.24936,0.04247
719,B0719,1.20597,1.22909,0.02312
720,N0720,1.20737,1.23082,0.02345
721,B0721,1.20579,1.24774,0.04195
722,N0722,1.20674,1.25600,0.04925
723,B0723,1.20542,1.27209,0.06668
724,N0724,1.20641,1.26935,0.06294
725,B0725,1.20537,1.28474,0.07937
726,N0726,1.20636,1.27374,0.06738
727,B0727,1.20565,1.28514,0.07949
728,N0728,1.20660,1.26925,0.06265
729,B0729,1.20590,1.27109,0.06519
730,N0730,1.20640,1.25901,0.05261
731,B0731,1.20583,1.24419,0.03836
732,N0732,1.20657,1.24506,0.03849
733,B0733,1.20640,1.24974,0.04334
734,N0734,1.20640,1.25392,0.04753
735,B0735,1.20657,1.25746,0.05089
736,N0736,1.20657,1.25715,0.05058
737,B0737,1.20563,1.26748,0.06185
738,N0738,1.20563,1.27111,0.06548
739,B0739,1.20627,1.26778,0.06152
740,N0740,1.20627,1.26644,0.06017
741,B0741,1.20553,1.24050,0.03497
742,N0742,1.20553,1.24445,0.03892
743,B0743,1.20638,1.21014,0.00376
744,N0744,1.20638,1.20964,0.00326
745,B0745,1.20590,1.19487,-0.01103
746,N0746,1.20671,1.19397,-0.01274
747,B0747,1.20555,1.19308,-0.01247
748,N0748,1.20696,1.19776,-0.00921
749,B0749,1.20599,1.18512,-0.02088
750,N0750,1.20686,1.17842,-0.02844
751,B0751,1.20615,1.15238,-0.05377
752,N0752,1.20741,1.15238,-0.05503
753,B0753,1.20689,1.12618,-0.08071
754,N0754,1.20689,1.11599,-0.09090
755,B0755,1.20694,1.13041,-0.07652
756,N0756,1.20694,1.10942,-0.09752
757,B0757,1.20630,1.14284,-0.06345
758,N0758,1.20725,1.13054,-0.07670
759,B0759,1.20573,1.16442,-0.04131
760,N0760,1.20709,1.15219,-0.05490
761,B0761,1.20512,1.16968,-0.03545
762,N0762,1.20654,1.16533,-0.04121
763,B0763,1.20628,1.17141,-0.03487
764,N0764,1.20628,1.17560,-0.03068
765,B0765,1.20589,1.16919,-0.03670
766,N0766,1.20681,1.18294,-0.02387
767,B0767,1.20599,1.18666,-0.01933
768,N0768,1.20717,1.19525,-0.01193
769,B0769,1.20574,1.21471,0.00898
770,N0770,1.20674,1.22148,0.01474
771,B0771,1.20609,1.23988,0.03379
772,N0772,1.20727,1.24527,0.03800
773,B0773,1.20608,1.25951,0.05342
774,N0774,1.20608,1.26302,0.05693
775,B0775,1.20656,1.25605,0.04949
776,N0776,1.20737,1.25245,0.04508
777,B0777,1.20547,1.24383,0.03836
778,N0778,1.20688,1.24169,0.03481
779,B0779,1.20613,1.23286,0.02673
780,N0780,1.20613,1.24177,0.03564
781,B0781,1.20609,1.25917,0.05308
782,N0782,1.20727,1.25881,0.05153
783,B0783,1.20674,1.27247,0.06573
784,N0784,1.20774,1.27744,0.06971
785,B0785,1.20599,1.26556,0.05957
786,N0786,1.20717,1.27362,0.06644
787,B0787,1.20589,1.26330,0.05741
788,N0788,1.20681,1.26646,0.05965
789,B0789,1.20547,1.25106,0.04558
790,N0790,1.20628,1.25505,0.04877
791,B0791,1.20512,1.24899,0.04387
792,N0792,1.20654,1.25422,0.04769
793,B0793,1.20573,1.25962,0.05389
794,N0794,1.20709,1.26069,0.05360
795,B0795,1.20630,1.26439,0.05810
796,N0796,1.20725,1.26306,0.05582
797,B0797,1.20594,1.27150,0.06555
798,N0798,1.20694,1.26622,0.05928
799,B0799,1.20589,1.25755,0.05165
800,N0800,1.20689,1.24563,0.03874
801,B0801,1.20520,1.22644,0.02124
802,N0802,1.20615,1.22473,0.01858
803,B0803,1.20599,1.20201,-0.00398
804,N0804,1.20686,1.21712,0.01027
805,B0805,1.20555,1.19522,-0.01033
806,N0806,1.20696,1.20888,0.00192
807,B0807,1.20531,1.18834,-0.01698
808,N0808,1.20590,1.19401,-0.01189
809,B0809,1.20638,1.16673,-0.03965
810,N0810,1.20638,1.16614,-0.04024
811,B0811,1.20553,1.13155,-0.07398
812,N0812,1.20553,1.12932,-0.07621
813,B0813,1.20627,1.10373,-0.10253
814,N0814,1.20627,1.10261,-0.10365
815,B0815,1.20563,1.11179,-0.09383
816,N0816,1.20563,1.10393,-0.10169
817,B0817,1.20566,1.13259,-0.07307
818,N0818,1.20657,1.12376,-0.08281
819,B0819,1.20559,1.15501,-0.05058
820,N0820,1.20640,1.14714,-0.05926
821,B0821,1.20583,1.16693,-0.03890
822,N0822,1.20657,1.16401,-0.04256
823,B0823,1.20590,1.17867,-0.02723
824,N0824,1.20640,1.17342,-0.03298
825,B0825,1.20565,1.18893,-0.01671
826,N0826,1.20660,1.19030,-0.01630
827,B0827,1.20537,1.20522,-0.00015
828,N0828,1.20636,1.21479,0.00843
829,B0829,1.20542,1.23838,0.03296
830,N0830,1.20641,1.24658,0.04017
831,B0831,1.20579,1.26528,0.05949
832,N0832,1.20674,1.27184,0.06510
833,B0833,1.20527,1.25545,0.05018
834,N0834,1.20663,1.26304,0.05641
835,B0835,1.20547,1.24102,0.03554
836,N0836,1.20688,1.25101,0.04413
837,B0837,1.20597,1.24654,0.04057
838,N0838,1.20737,1.25630,0.04894
839,B0839,1.20608,1.25202,0.04593
840,N0840,1.20608,1.25920,0.05312
841,B0841,1.20542,1.26661,0.06120
842,N0842,1.20641,1.26172,0.05531
843,B0843,1.20636,1.27374,0.06738
844,N0844,1.20636,1.27574,0.06938
845,B0845,1.20565,1.27710,0.07145
846,N0846,1.20660,1.27769,0.07110
847,B0847,1.20590,1.26124,0.05534
848,N0848,1.20640,1.27124,0.06484
849,B0849,1.20657,1.25888,0.05231
850,N0850,1.20724,1.26024,0.05300
851,B0851,1.20559,1.25453,0.04894
852,N0852,1.20640,1.25592,0.04952
853,B0853,1.20566,1.26665,0.06100
854,N0854,1.20657,1.26467,0.05810
855,B0855,1.20563,1.26003,0.05440
856,N0856,1.20563,1.26183,0.05620
857,B0857,1.20627,1.24817,0.04191
858,N0858,1.20627,1.23765,0.03139
859,B0859,1.20553,1.22725,0.02173
860,N0860,1.20651,1.21518,0.00868
861,B0861,1.20546,1.21809,0.01263
862,N0862,1.20638,1.21640,0.01002
863,B0863,1.20590,1.21323,0.00733
864,N0864,1.20671,1.21685,0.01014
865,B0865,1.20555,1.19951,-0.00604
866,N0866,1.20696,1.20125,-0.00571
867,B0867,1.20599,1.17834,-0.02765
868,N0868,1.20686,1.17371,-0.03315
869,B0869,1.20615,1.14434,-0.06181
870,N0870,1.20741,1.12513,-0.08228
871,B0871,1.20589,1.11089,-0.09500
872,N0872,1.20689,1.10071,-0.10618
873,B0873,1.20594,1.09836,-0.10759
874,N0874,1.20694,1.09633,-0.11060
875,B0875,1.20534,1.10850,-0.09685
876,N0876,1.20725,1.10893,-0.09831
877,B0877,1.20573,1.12866,-0.07707
878,N0878,1.20709,1.12945,-0.07765
879,B0879,1.20512,1.15391,-0.05121
880,N0880,1.20654,1.15184,-0.05470
881,B0881,1.20628,1.17139,-0.03489
882,N0882,1.20628,1.17568,-0.03060
883,B0883,1.20589,1.18234,-0.02355
884,N0884,1.20681,1.18858,-0.01823
885,B0885,1.20620,1.20021,-0.00599
886,N0886,1.20717,1.21544,0.00826
887,B0887,1.20574,1.23216,0.02643
888,N0888,1.20774,1.23906,0.03132
889,B0889,1.20609,1.26201,0.05592
890,N0890,1.20727,1.26149,0.05422
891,B0891,1.20608,1.27483,0.06874
892,N0892,1.20700,1.27962,0.07262
893,B0893,1.20597,1.26347,0.05750
894,N0894,1.20737,1.28425,0.07688
895,B0895,1.20547,1.25656,0.05109
896,N0896,1.20688,1.27142,0.06454
897,B0897,1.20527,1.26265,0.05738
898,N0898,1.20663,1.26518,0.05855
899,B0899,1.20579,1.25350,0.04771
900,N0900,1.20674,1.24943,0.04269
901,B0901,1.20674,1.27158,0.06484
902,N0902,1.20674,1.27587,0.06913
903,B0903,1.20620,1.27940,0.07320
904,N0904,1.20717,1.28049,0.07332
905,B0905,1.20589,1.27699,0.07109
906,N0906,1.20681,1.28273,0.07593
907,B0907,1.20628,1.26872,0.06244
908,N0908,1.20687,1.26743,0.06056
909,B0909,1.20512,1.25601,0.05089
910,N0910,1.20654,1.25614,0.04960
911,B0911,1.20573,1.25818,0.05245
912,N0912,1.20709,1.26146,0.05436
913,B0913,1.20630,1.26756,0.06127
914,N0914,1.20756,1.27162,0.06406
915,B0915,1.20694,1.25378,0.04684
916,N0916,1.20694,1.26186,0.05492
917,B0917,1.20689,1.21808,0.01119
918,N0918,1.20689,1.22320,0.01632
919,B0919,1.20615,1.21016,0.00401
920,N0920,1.20741,1.21033,0.00292
921,B0921,1.20599,1.21507,0.00907
922,N0922,1.20686,1.20994,0.00309
923,B0923,1.20555,1.21353,0.00798
924,N0924,1.20696,1.21471,0.00774
925,B0925,1.20590,1.18917,-0.01673
926,N0926,1.20671,1.18496,-0.02175
927,B0927,1.20638,1.13723,-0.06915
928,N0928,1.20638,1.12891,-0.07747
929,B0929,1.20553,1.10381,-0.10172
930,N0930,1.20553,1.08929,-0.11623
931,B0931,1.20627,1.09193,-0.11434
932,N0932,1.20627,1.07853,-0.12774
933,B0933,1.20563,1.09451,-0.11112
934,N0934,1.20563,1.08390,-0.12173
935,B0935,1.20657,1.11123,-0.09534
936,N0936,1.20657,1.10967,-0.09690
937,B0937,1.20559,1.14319,-0.06240
938,N0938,1.20640,1.14110,-0.06530
939,B0939,1.20657,1.16249,-0.04408
940,N0940,1.20657,1.16531,-0.04126
941,B0941,1.20590,1.18160,-0.02430
942,N0942,1.20640,1.18143,-0.02497
943,B0943,1.20565,1.20326,-0.00238
944,N0944,1.20660,1.20631,-0.00029
945,B0945,1.20636,1.23031,0.02395
946,N0946,1.20636,1.22859,0.02223
947,B0947,1.20641,1.24897,0.04256
948,N0948,1.20641,1.25103,0.04462
949,B0949,1.20579,1.26854,0.06274
950,N0950,1.20674,1.26300,0.05626
951,B0951,1.20613,1.28271,0.07658
952,N0952,1.20663,1.28673,0.08010
953,B0953,1.20547,1.28619,0.08071
954,N0954,1.20688,1.29820,0.09132
955,B0955,1.20597,1.27161,0.06563
956,N0956,1.20737,1.27725,0.06988
957,B0957,1.20608,1.25183,0.04574
958,N0958,1.20700,1.26038,0.05338
959,B0959,1.20609,1.25559,0.04950
960,N0960,1.20727,1.26186,0.05459
961,B0961,1.20636,1.28076,0.07440
962,N0962,1.20636,1.27976,0.07340
963,B0963,1.20565,1.28418,0.07853
964,N0964,1.20660,1.28456,0.07796
965,B0965,1.20590,1.27771,0.07181
966,N0966,1.20640,1.27809,0.07169
967,B0967,1.20583,1.25939,0.05356
968,N0968,1.20724,1.26409,0.05685
969,B0969,1.20559,1.25375,0.04816
970,N0970,1.20640,1.26222,0.05582
971,B0971,1.20566,1.26655,0.06089
972,N0972,1.20657,1.27430,0.06773
973,B0973,1.20660,1.27069,0.06409
974,N0974,1.20660,1.26994,0.06333
975,B0975,1.20527,1.24805,0.04279
976,N0976,1.20727,1.25529,0.04803
977,B0977,1.20553,1.21890,0.01337
978,N0978,1.20553,1.23077,0.02524
979,B0979,1.20638,1.20865,0.00228
980,N0980,1.20638,1.21911,0.01273
981,B0981,1.20590,1.21510,0.00920
982,N0982,1.20671,1.21114,0.00442
983,B0983,1.20555,1.20317,-0.00238
984,N0984,1.20696,1.20212,-0.00484
985,B0985,1.20599,1.15092,-0.05507
986,N0986,1.20686,1.14657,-0.06029
987,B0987,1.20615,1.09792,-0.10823
988,N0988,1.20741,1.09654,-0.11087
989,B0989,1.20689,1.08179,-0.12510
990,N0990,1.20689,1.07888,-0.12801
991,B0991,1.20594,1.07727,-0.12867
992,N0992,1.20594,1.07327,-0.13267
993,B0993,1.20630,1.09422,-0.11208
994,N0994,1.20756,1.09100,-0.11656
995,B0995,1.20623,1.12354,-0.08268
996,N0996,1.20709,1.11771,-0.08938
997,B0997,1.20512,1.15418,-0.05095
998,N0998,1.20654,1.15563,-0.05091
999,B0999,1.20628,1.17470,-0.03158
1000,N1000,1.20628,1.17456,-0.03173
1001,B1001,1.20589,1.19308,-0.01282
1002,N1002,1.20681,1.19401,-0.01279
1003,B1003,1.20717,1.21467,0.00750
1004,N1004,1.20620,1.21443,0.00823
1005,B1005,1.20674,1.24379,0.03706
1006,N1006,1.20674,1.24663,0.03990
1007,B1007,1.20609,1.25703,0.05094
1008,N1008,1.20727,1.26590,0.05862
1009,B1009,1.20608,1.27893,0.07284
1010,N1010,1.20700,1.28934,0.08234
1011,B1011,1.20597,1.29835,0.09238
1012,N1012,1.20656,1.30227,0.09571
1013,B1013,1.20547,1.28708,0.08161
1014,N1014,1.20688,1.28010,0.07322
1015,B1015,1.20527,1.26469,0.05942
1016,N1016,1.20613,1.25733,0.05119
1017,B1017,1.20579,1.25233,0.04654
1018,N1018,1.20674,1.24133,0.03459
1019,B1019,1.20641,1.26706,0.06065
1020,N1020,1.20542,1.26217,0.05676
1021,B1021,1.20620,1.28310,0.07691
1022,N1022,1.20717,1.27994,0.07276
1023,B1023,1.20589,1.27804,0.07215
1024,N1024,1.20681,1.27584,0.06903
1025,B1025,1.20628,1.26777,0.06149
1026,N1026,1.20687,1.26283,0.05596
1027,B1027,1.20512,1.25871,0.05359
1028,N1028,1.20654,1.26920,0.06267
1029,B1029,1.20573,1.27084,0.06511
1030,N1030,1.20709,1.28116,0.07407
1031,B1031,1.20630,1.27171,0.06541
1032,N1032,1.20725,1.27221,0.06496
1033,B1033,1.20694,1.26720,0.06026
1034,N1034,1.20694,1.26899,0.06205
1035,B1035,1.20689,1.24871,0.04183
1036,N1036,1.20689,1.25500,0.04811
1037,B1037,1.20615,1.22764,0.02149
1038,N1038,1.20741,1.23928,0.03187
1039,B1039,1.20549,1.21574,0.01025
1040,N1040,1.20686,1.21443,0.00757
1041,B1041,1.20555,1.20297,-0.00258
1042,N1042,1.20696,1.19368,-0.01328
1043,B1043,1.20590,1.17024,-0.03566
1044,N1044,1.20671,1.16951,-0.03720
1045,B1045,1.20638,1.11698,-0.08940
1046,N1046,1.20638,1.11837,-0.08801
1047,B1047,1.20553,1.08356,-0.12197
1048,N1048,1.20553,1.08133,-0.12419
1049,B1049,1.20627,1.07158,-0.13468
1050,N1050,1.20627,1.06911,-0.13716
1051,B1051,1.20563,1.07552,-0.13010
1052,N1052,1.20563,1.07377,-0.13186
1053,B1053,1.20657,1.09314,-0.11343
1054,N1054,1.20657,1.08572,-0.12085
1055,B1055,1.20640,1.12896,-0.07744
1056,N1056,1.20640,1.12890,-0.07750
1057,B1057,1.20583,1.16962,-0.03621
1058,N1058,1.20724,1.16756,-0.03968
1059,B1059,1.20590,1.18171,-0.02419
1060,N1060,1.20640,1.18162,-0.02478
1061,B1061,1.20565,1.19928,-0.00636
1062,N1062,1.20660,1.19694,-0.00966
1063,B1063,1.20636,1.22931,0.02294
1064,N1064,1.20636,1.22936,0.02300
1065,B1065,1.20641,1.26245,0.05604
1066,N1066,1.20641,1.27070,0.06429
1067,B1067,1.20579,1.27930,0.07351
1068,N1068,1.20674,1.29342,0.08668
1069,B1069,1.20527,1.30283,0.09756
1070,N1070,1.20663,1.30641,0.09977
1071,B1071,1.20547,1.29356,0.08809
1072,N1072,1.20688,1.30173,0.09484
1073,B1073,1.20597,1.26763,0.06166
1074,N1074,1.20737,1.27167,0.06430
1075,B1075,1.20608,1.23652,0.03044
1076,N1076,1.20700,1.23751,0.03051
1077,B1077,1.20609,1.24441,0.03832
1078,N1078,1.20727,1.23268,0.02541
1079,B1079,1.20674,1.26802,0.06129
1080,N1080,1.20774,1.25819,0.05045
1081,B1081,1.20565,1.27912,0.07348
1082,N1082,1.20660,1.27636,0.06976
1083,B1083,1.20590,1.26874,0.06284
1084,N1084,1.20640,1.27951,0.07311
1085,B1085,1.20583,1.26492,0.05910
1086,N1086,1.20724,1.27629,0.06905
1087,B1087,1.20559,1.28130,0.07571
1088,N1088,1.20640,1.28199,0.07559
1089,B1089,1.20566,1.27840,0.07274
1090,N1090,1.20657,1.28671,0.08014
1091,B1091,1.20660,1.27124,0.06463
1092,N1092,1.20563,1.27514,0.06951
1093,B1093,1.20627,1.26261,0.05634
1094,N1094,1.20627,1.27021,0.06395
1095,B1095,1.20553,1.24958,0.04406
1096,N1096,1.20553,1.24948,0.04395
1097,B1097,1.20638,1.22843,0.02205
1098,N1098,1.20638,1.22349,0.01711
1099,B1099,1.20590,1.19833,-0.00757
1100,N1100,1.20671,1.19398,-0.01273
1101,B1101,1.20555,1.17803,-0.02752
1102,N1102,1.20696,1.16560,-0.04136
1103,B1103,1.20599,1.14017,-0.06582
1104,N1104,1.20686,1.13224,-0.07462
1105,B1105,1.20615,1.09878,-0.10737
1106,N1106,1.20741,1.09340,-0.11402
1107,B1107,1.20689,1.06797,-0.13891
1108,N1108,1.20689,1.06435,-0.14254
1109,B1109,1.20594,1.06927,-0.13668
1110,N1110,1.20694,1.06927,-0.13767
1111,B1111,1.20630,1.07415,-0.13214
1112,N1112,1.20756,1.07366,-0.13390
1113,B1113,1.20623,1.09854,-0.10769
1114,N1114,1.20709,1.09948,-0.10761
1115,B1115,1.20512,1.14648,-0.05864
1116,N1116,1.20654,1.14547,-0.06107
1117,B1117,1.20628,1.17890,-0.02739
1118,N1118,1.20628,1.17541,-0.03087
1119,B1119,1.20589,1.18838,-0.01751
1120,N1120,1.20681,1.19253,-0.01428
1121,B1121,1.20620,1.21136,0.00517
1122,N1122,1.20717,1.21217,0.00500
1123,B1123,1.20674,1.25223,0.04550
1124,N1124,1.20674,1.25412,0.04739
1125,B1125,1.20609,1.29106,0.08497
1126,N1126,1.20727,1.29452,0.08725
1127,B1127,1.20608,1.30376,0.09767
1128,N1128,1.20700,1.31266,0.10566
1129,B1129,1.20597,1.31181,0.10584
1130,N1130,1.20737,1.32707,0.11970
1131,B1131,1.20547,1.29296,0.08749
1132,N1132,1.20688,1.30709,0.10021
1133,B1133,1.20527,1.25696,0.05170
1134,N1134,1.20663,1.27475,0.06812
1135,B1135,1.20579,1.22903,0.02324
1136,N1136,1.20674,1.24863,0.04189
1137,B1137,1.20641,1.24240,0.03599
1138,N1138,1.20641,1.24694,0.04053
1139,B1139,1.20636,1.26981,0.06345
1140,N1140,1.20636,1.26483,0.05847
1141,B1141,1.20589,1.27911,0.07321
1142,N1142,1.20681,1.28074,0.07394
1143,B1143,1.20628,1.27795,0.07167
1144,N1144,1.20687,1.27525,0.06838
1145,B1145,1.20512,1.27678,0.07166
1146,N1146,1.20654,1.27629,0.06975
1147,B1147,1.20573,1.28009,0.07437
1148,N1148,1.20709,1.27981,0.07272
1149,B1149,1.20630,1.27765,0.07136
1150,N1150,1.20725,1.27277,0.06552
1151,B1151,1.20694,1.27834,0.07140
1152,N1152,1.20694,1.27631,0.06937
1153,B1153,1.20689,1.26569,0.05880
1154,N1154,1.20689,1.27001,0.06313
1155,B1155,1.20615,1.23583,0.02968
1156,N1156,1.20741,1.23350,0.02609
1157,B1157,1.20599,1.20707,0.00108
1158,N1158,1.20686,1.20833,0.00147
1159,B1159,1.20555,1.17564,-0.02991
1160,N1160,1.20696,1.17170,-0.03526
1161,B1161,1.20590,1.14138,-0.06452
1162,N1162,1.20671,1.14134,-0.06537
1163,B1163,1.20638,1.11310,-0.09328
1164,N1164,1.20729,1.11060,-0.09669
1165,B1165,1.20553,1.06799,-0.13754
1166,N1166,1.20553,1.06226,-0.14327
1167,B1167,1.20627,1.06676,-0.13950
1168,N1168,1.20627,1.05636,-0.14990
1169,B1169,1.20563,1.06595,-0.13968
1170,N1170,1.20563,1.06048,-0.14515
1171,B1171,1.20657,1.08220,-0.12436
1172,N1172,1.20657,1.08047,-0.12610
1173,B1173,1.20640,1.11974,-0.08665
1174,N1174,1.20640,1.11173,-0.09467
1175,B1175,1.20657,1.16075,-0.04582
1176,N1176,1.20724,1.15530,-0.05194
1177,B1177,1.20590,1.18188,-0.02402
1178,N1178,1.20640,1.17949,-0.02691
1179,B1179,1.20565,1.20059,-0.00505
1180,N1180,1.20660,1.20972,0.00313
1181,B1181,1.20537,1.23380,0.02843
1182,N1182,1.20636,1.25179,0.04543
1183,B1183,1.20542,1.27733,0.07191
1184,N1184,1.20641,1.28960,0.08319
1185,B1185,1.20579,1.31070,0.10491
1186,N1186,1.20674,1.31975,0.11300
1187,B1187,1.20613,1.32787,0.12174
1188,N1188,1.20663,1.33816,0.13152
1189,B1189,1.20547,1.32794,0.12247
1190,N1190,1.20688,1.33953,0.13264
1191,B1191,1.20597,1.29641,0.09044
1192,N1192,1.20737,1.30695,0.09958
1193,B1193,1.20608,1.26740,0.06132
1194,N1194,1.20700,1.27040,0.06340
1195,B1195,1.20629,1.24561,0.03931
1196,N1196,1.20727,1.25256,0.04529
1197,B1197,1.20674,1.25499,0.04826
1198,N1198,1.20674,1.25324,0.04650
1199,B1199,1.20620,1.26763,0.06143
1200,N1200,1.20717,1.26936,0.06219
1201,B1201,1.20590,1.27708,0.07118
1202,N1202,1.20640,1.27076,0.06436
1203,B1203,1.20583,1.27408,0.06825
1204,N1204,1.20724,1.27630,0.06906
1205,B1205,1.20640,1.27704,0.07064
1206,N1206,1.20640,1.28269,0.07630
1207,B1207,1.20657,1.27866,0.07209
1208,N1208,1.20657,1.29003,0.08347
1209,B1209,1.20563,1.27387,0.06824
1210,N1210,1.20563,1.27446,0.06883
1211,B1211,1.20627,1.27758,0.07131
1212,N1212,1.20627,1.26930,0.06304
1213,B1213,1.20553,1.25037,0.04484
1214,N1214,1.20553,1.24835,0.04282
1215,B1215,1.20638,1.21730,0.01092
1216,N1216,1.20638,1.21958,0.01320
1217,B1217,1.20590,1.18797,-0.01793
1218,N1218,1.20671,1.18499,-0.02172
1219,B1219,1.20555,1.15198,-0.05357
1220,N1220,1.20696,1.15377,-0.05319
1221,B1221,1.20599,1.12496,-0.08103
1222,N1222,1.20686,1.10846,-0.09840
1223,B1223,1.20615,1.07375,-0.13240
1224,N1224,1.20741,1.06702,-0.14039
1225,B1225,1.20689,1.05419,-0.15269
1226,N1226,1.20689,1.05591,-0.15098
1227,B1227,1.20694,1.05528,-0.15166
1228,N1228,1.20694,1.05729,-0.14964
1229,B1229,1.20630,1.06929,-0.13701
1230,N1230,1.20756,1.06905,-0.13850
1231,B1231,1.20623,1.08656,-0.11966
1232,N1232,1.20709,1.08577,-0.12133
1233,B1233,1.20512,1.12753,-0.07760
1234,N1234,1.20654,1.11920,-0.08733
1235,B1235,1.20628,1.16315,-0.04313
1236,N1236,1.20628,1.15579,-0.05049
1237,B1237,1.20589,1.19427,-0.01162
1238,N1238,1.20681,1.20702,0.00022
1239,B1239,1.20599,1.23880,0.03281
1240,N1240,1.20717,1.25583,0.04865
1241,B1241,1.20574,1.27395,0.06821
1242,N1242,1.20674,1.28798,0.08125
1243,B1243,1.20609,1.30691,0.10082
1244,N1244,1.20727,1.30923,0.10196
1245,B1245,1.20608,1.33456,0.12847
1246,N1246,1.20700,1.33621,0.12921
1247,B1247,1.20656,1.34477,0.13821
1248,N1248,1.20737,1.34753,0.14016
1249,B1249,1.20547,1.32761,0.12214
1250,N1250,1.20688,1.33473,0.12784
1251,B1251,1.20613,1.29185,0.08572
1252,N1252,1.20663,1.29442,0.08779
1253,B1253,1.20579,1.25546,0.04967
1254,N1254,1.20769,1.26067,0.05298
1255,B1255,1.20641,1.24617,0.03976
1256,N1256,1.20641,1.24630,0.03989
1257,B1257,1.20636,1.26496,0.05860
1258,N1258,1.20636,1.26504,0.05868
1259,B1259,1.20565,1.27114,0.06549
1260,N1260,1.20660,1.26567,0.05908
1261,B1261,1.20628,1.27026,0.06398
1262,N1262,1.20628,1.26891,0.06263
1263,B1263,1.20512,1.27798,0.07286
1264,N1264,1.20654,1.28467,0.07814
1265,B1265,1.20623,1.28912,0.08289
1266,N1266,1.20709,1.29974,0.09265
1267,B1267,1.20630,1.28946,0.08317
1268,N1268,1.20725,1.29135,0.08411
1269,B1269,1.20694,1.27476,0.06782
1270,N1270,1.20694,1.27621,0.06928
1271,B1271,1.20689,1.25144,0.04456
1272,N1272,1.20689,1.24504,0.03815
1273,B1273,1.20615,1.23293,0.02678
1274,N1274,1.20741,1.22123,0.01382
1275,B1275,1.20599,1.20169,-0.00430
1276,N1276,1.20686,1.20264,-0.00422
1277,B1277,1.20555,1.16899,-0.03656
1278,N1278,1.20696,1.16950,-0.03746
1279,B1279,1.20590,1.12952,-0.07639
1280,N1280,1.20671,1.12318,-0.08353
1281,B1281,1.20638,1.07815,-0.12823
1282,N1282,1.20638,1.07399,-0.13239
1283,B1283,1.20553,1.05514,-0.15039
1284,N1284,1.20553,1.05351,-0.15202
1285,B1285,1.20627,1.05569,-0.15058
1286,N1286,1.20627,1.05337,-0.15289
1287,B1287,1.20563,1.05602,-0.14960
1288,N1288,1.20563,1.05470,-0.15093
1289,B1289,1.20566,1.07092,-0.13473
1290,N1290,1.20657,1.07051,-0.13606
1291,B1291,1.20640,1.09574,-0.11066
1292,N1292,1.20640,1.09580,-0.11060
1293,B1293,1.20583,1.13398,-0.07185
1294,N1294,1.20724,1.13270,-0.07454
1295,B1295,1.20590,1.18135,-0.02455
1296,N1296,1.20640,1.17786,-0.02854
1297,B1297,1.20565,1.23755,0.03190
1298,N1298,1.20660,1.23315,0.02656
1299,B1299,1.20537,1.28070,0.07533
1300,N1300,1.20636,1.28234,0.07597
1301,B1301,1.20542,1.29988,0.09446
1302,N1302,1.20641,1.30810,0.10169
1303,B1303,1.20579,1.32317,0.11738
1304,N1304,1.20674,1.32660,0.11986
1305,B1305,1.20613,1.34486,0.13873
1306,N1306,1.20663,1.34307,0.13644
1307,B1307,1.20547,1.34672,0.14125
1308,N1308,1.20688,1.34551,0.13862
1309,B1309,1.20597,1.32155,0.11558
1310,N1310,1.20737,1.31789,0.11052
1311,B1311,1.20608,1.27839,0.07231
1312,N1312,1.20700,1.28042,0.07342
1313,B1313,1.20727,1.24501,0.03774
1314,N1314,1.20727,1.24287,0.03559
1315,B1315,1.20674,1.25271,0.04597
1316,N1316,1.20674,1.24502,0.03829
1317,B1317,1.20620,1.26563,0.05944
1318,N1318,1.20717,1.25037,0.04320
1319,B1319,1.20589,1.25998,0.05409
1320,N1320,1.20681,1.24994,0.04314
1321,B1321,1.20657,1.27770,0.07113
1322,N1322,1.20724,1.28020,0.07296
1323,B1323,1.20640,1.29332,0.08692
1324,N1324,1.20699,1.29827,0.09129
1325,B1325,1.20657,1.30170,0.09513
1326,N1326,1.20748,1.31088,0.10340
1327,B1327,1.20563,1.28422,0.07860
1328,N1328,1.20563,1.28826,0.08263
1329,B1329,1.20627,1.26046,0.05419
1330,N1330,1.20627,1.25754,0.05128
1331,B1331,1.20553,1.22727,0.02174
1332,N1332,1.20553,1.22427,0.01874
1333,B1333,1.20638,1.20832,0.00194
1334,N1334,1.20729,1.20280,-0.00449
1335,B1335,1.20590,1.18334,-0.02256
1336,N1336,1.20671,1.17450,-0.03221
1337,B1337,1.20555,1.14577,-0.05978
1338,N1338,1.20696,1.13458,-0.07238
1339,B1339,1.20599,1.09631,-0.10968
1340,N1340,1.20686,1.09425,-0.11261
1341,B1341,1.20615,1.06160,-0.14455
1342,N1342,1.20741,1.06338,-0.14403
1343,B1343,1.20689,1.05333,-0.15355
1344,N1344,1.20689,1.05266,-0.15422
1345,B1345,1.20694,1.05741,-0.14952
1346,N1346,1.20694,1.05845,-0.14849
1347,B1347,1.20630,1.06015,-0.14614
1348,N1348,1.20756,1.06601,-0.14155
1349,B1349,1.20623,1.08017,-0.12605
1350,N1350,1.20709,1.08167,-0.12542
1351,B1351,1.20512,1.11142,-0.09370
1352,N1352,1.20654,1.11051,-0.09603
1353,B1353,1.20628,1.15196,-0.05432
1354,N1354,1.20768,1.15963,-0.04805
1355,B1355,1.20589,1.19911,-0.00678
1356,N1356,1.20681,1.19239,-0.01442
1357,B1357,1.20620,1.25564,0.04945
1358,N1358,1.20717,1.25146,0.04429
1359,B1359,1.20674,1.29589,0.08916
1360,N1360,1.20674,1.30288,0.09614
1361,B1361,1.20629,1.32336,0.11707
1362,N1362,1.20727,1.33043,0.12316
1363,B1363,1.20608,1.33398,0.12790
1364,N1364,1.20700,1.33901,0.13201
1365,B1365,1.20656,1.34488,0.13832
1366,N1366,1.20737,1.33958,0.13221
1367,B1367,1.20547,1.33849,0.13302
1368,N1368,1.20688,1.33567,0.12878
1369,B1369,1.20613,1.29310,0.08697
1370,N1370,1.20750,1.29128,0.08378
1371,B1371,1.20674,1.25326,0.04652
1372,N1372,1.20674,1.24867,0.04193
1373,B1373,1.20641,1.23936,0.03295
1374,N1374,1.20641,1.22987,0.02346
1375,B1375,1.20636,1.24117,0.03481
1376,N1376,1.20636,1.22426,0.01790
1377,B1377,1.20565,1.24340,0.03775
1378,N1378,1.20660,1.23187,0.02527
1379,B1379,1.20590,1.25516,0.04926
1380,N1380,1.20727,1.24847,0.04121
1381,B1381,1.20587,1.29278,0.08691
1382,N1382,1.20728,1.29652,0.08924
1383,B1383,1.20709,1.30857,0.10148
1384,N1384,1.20796,1.31561,0.10765
1385,B1385,1.20630,1.30729,0.10100
1386,N1386,1.20851,1.31679,0.10829
1387,B1387,1.20694,1.27978,0.07284
1388,N1388,1.20793,1.28164,0.07371
1389,B1389,1.20689,1.23819,0.03130
1390,N1390,1.20788,1.23950,0.03162
1391,B1391,1.20615,1.21066,0.00451
1392,N1392,1.20741,1.20688,-0.00053
1393,B1393,1.20686,1.18150,-0.02536
1394,N1394,1.20772,1.16606,-0.04166
1395,B1395,1.20622,1.14897,-0.05725
1396,N1396,1.20763,1.13271,-0.07493
1397,B1397,1.20590,1.10827,-0.09763
1398,N1398,1.20671,1.10188,-0.10483
1399,B1399,1.20638,1.08287,-0.12351
1400,N1400,1.20770,1.07762,-0.13008
1401,B1401,1.20553,1.05078,-0.15474
1402,N1402,1.20651,1.05206,-0.15444
1403,B1403,1.20627,1.05086,-0.15541
1404,N1404,1.20727,1.04856,-0.15870
1405,B1405,1.20660,1.05990,-0.14671
1406,N1406,1.20681,1.05523,-0.15158
1407,B1407,1.20657,1.07124,-0.13533
1408,N1408,1.20789,1.06234,-0.14555
1409,B1409,1.20640,1.08721,-0.11919
1410,N1410,1.20780,1.08489,-0.12291
1411,B1411,1.20657,1.13463,-0.07194
1412,N1412,1.20798,1.13430,-0.07368
1413,B1413,1.20590,1.17555,-0.03035
1414,N1414,1.20727,1.18564,-0.02162
1415,B1415,1.20660,1.21941,0.01282
1416,N1416,1.20755,1.23492,0.02737
1417,B1417,1.20636,1.28353,0.07717
1418,N1418,1.20736,1.28839,0.08104
1419,B1419,1.20641,1.32529,0.11888
1420,N1420,1.20740,1.33160,0.12420
1421,B1421,1.20674,1.34335,0.13661
1422,N1422,1.20800,1.34624,0.13824
1423,B1423,1.20613,1.33503,0.12889
1424,N1424,1.20750,1.33682,0.12931
1425,B1425,1.20614,1.33167,0.12553
1426,N1426,1.20755,1.32686,0.11931
1427,B1427,1.20656,1.31682,0.11026
1428,N1428,1.20737,1.31749,0.11012
1429,B1429,1.20700,1.26307,0.05607
1430,N1430,1.20791,1.27078,0.06287
1431,B1431,1.20727,1.23570,0.02843
1432,N1432,1.20727,1.23704,0.02977
1433,B1433,1.20774,1.22176,0.01402
1434,N1434,1.20774,1.21311,0.00537
1435,B1435,1.20717,1.22791,0.02074
1436,N1436,1.20717,1.20989,0.00271
1437,B1437,1.20681,1.23071,0.02390
1438,N1438,1.20772,1.21807,0.01035
1439,B1439,1.20628,1.25414,0.04786
1440,N1440,1.20768,1.25186,0.04418
1441,B1441,1.20640,1.30468,0.09828
1442,N1442,1.20640,1.30396,0.09756
1443,B1443,1.20657,1.32260,0.11604
1444,N1444,1.20657,1.32209,0.11552
1445,B1445,1.20660,1.30638,0.09977
1446,N1446,1.20563,1.30928,0.10365
1447,B1447,1.20627,1.25940,0.05314
1448,N1448,1.20627,1.25927,0.05301
1449,B1449,1.20651,1.22331,0.01681
1450,N1450,1.20553,1.21839,0.01287
1451,B1451,1.20638,1.18132,-0.02505
1452,N1452,1.20638,1.16781,-0.03857
1453,B1453,1.20671,1.13816,-0.06855
1454,N1454,1.20671,1.12224,-0.08447
1455,B1455,1.20622,1.10538,-0.10084
1456,N1456,1.20696,1.08741,-0.11956
1457,B1457,1.20686,1.08268,-0.12418
1458,N1458,1.20686,1.06835,-0.13851
1459,B1459,1.20615,1.06428,-0.14187
1460,N1460,1.20710,1.05310,-0.15400
1461,B1461,1.20689,1.04690,-0.15999
1462,N1462,1.20689,1.04061,-0.16628
1463,B1463,1.20694,1.04653,-0.16040
1464,N1464,1.20594,1.03858,-0.16736
1465,B1465,1.20630,1.05406,-0.15223
1466,N1466,1.20756,1.04758,-0.15997
1467,B1467,1.20709,1.06327,-0.14382
1468,N1468,1.20709,1.05852,-0.14857
1469,B1469,1.20587,1.10213,-0.10374
1470,N1470,1.20654,1.09685,-0.10968
1471,B1471,1.20628,1.16628,-0.04000
1472,N1472,1.20628,1.16947,-0.03681
1473,B1473,1.20681,1.21327,0.00646
1474,N1474,1.20681,1.22602,0.01921
1475,B1475,1.20717,1.26554,0.05837
1476,N1476,1.20697,1.27632,0.06935
1477,B1477,1.20774,1.31881,0.11108
1478,N1478,1.20674,1.31977,0.11303
1479,B1479,1.20727,1.34724,0.13996
1480,N1480,1.20629,1.34679,0.14050
1481,B1481,1.20700,1.33678,0.12978
1482,N1482,1.20700,1.34030,0.13330
1483,B1483,1.20737,1.33334,0.12597
1484,N1484,1.20737,1.33079,0.12342
1485,B1485,1.20614,1.32442,0.11828
1486,N1486,1.20688,1.32510,0.11821
1487,B1487,1.20613,1.30026,0.09413
1488,N1488,1.20613,1.30768,0.10154
1489,B1489,1.20674,1.25570,0.04896
1490,N1490,1.20769,1.27135,0.06366
1491,B1491,1.20740,1.22667,0.01926
1492,N1492,1.20641,1.23322,0.02681
1493,B1493,1.20736,1.20346,-0.00390
1494,N1494,1.20636,1.19969,-0.00668
1495,B1495,1.20660,1.20522,-0.00138
1496,N1496,1.20660,1.19746,-0.00914
1497,B1497,1.20640,1.22451,0.01811
1498,N1498,1.20640,1.22284,0.01644
1499,B1499,1.20657,1.27244,0.06587
1500,N1500,1.20724,1.27244,0.06520
1501,B1501,1.20486,1.31218,0.10732
1502,N1502,1.20263,1.30988,0.10726
1503,B1503,1.20534,1.32154,0.11619
1504,N1504,1.20218,1.31581,0.11363
1505,B1505,1.20495,1.28535,0.08040
1506,N1506,1.20285,1.28469,0.08184
1507,B1507,1.20589,1.23887,0.03297
1508,N1508,1.20281,1.23438,0.03157
1509,B1509,1.20520,1.19266,-0.01254
1510,N1510,1.20204,1.18825,-0.01378
1511,B1511,1.20463,1.14065,-0.06398
1512,N1512,1.20239,1.14102,-0.06138
1513,B1513,1.20481,1.10402,-0.10079
1514,N1514,1.20198,1.10886,-0.09312
1515,B1515,1.20450,1.07088,-0.13362
1516,N1516,1.20171,1.07664,-0.12507
1517,B1517,1.20506,1.05042,-0.15464
1518,N1518,1.20191,1.04847,-0.15344
1519,B1519,1.20455,1.03585,-0.16870
1520,N1520,1.20141,1.03430,-0.16710
1521,B1521,1.20527,1.03045,-0.17481
1522,N1522,1.20227,1.02618,-0.17609
1523,B1523,1.20465,1.04365,-0.16100
1524,N1524,1.20171,1.02699,-0.17472
1525,B1525,1.20566,1.03753,-0.16813
1526,N1526,1.20210,1.03145,-0.17065
1527,B1527,1.20559,1.07392,-0.13167
1528,N1528,1.20280,1.07227,-0.13053
1529,B1529,1.20516,1.12736,-0.07779
1530,N1530,1.20300,1.12574,-0.07727
1531,B1531,1.20503,1.19559,-0.00945
1532,N1532,1.20230,1.19090,-0.01140
1533,B1533,1.20565,1.25440,0.04875
1534,N1534,1.20153,1.24548,0.04395
1535,B1535,1.20526,1.30127,0.09601
1536,N1536,1.20228,1.30059,0.09831
1537,B1537,1.20542,1.34607,0.14066
1538,N1538,1.20233,1.35440,0.15207
1539,B1539,1.20484,1.34883,0.14399
1540,N1540,1.20168,1.35817,0.15649
1541,B1541,1.20527,1.33324,0.12797
1542,N1542,1.20217,1.34531,0.14314
1543,B1543,1.20473,1.32326,0.11854
1544,N1544,1.20190,1.33346,0.13155
1545,B1545,1.20516,1.31466,0.10950
1546,N1546,1.20237,1.32031,0.11794
1547,B1547,1.20476,1.29531,0.09055
1548,N1548,1.20162,1.30526,0.10364
1549,B1549,1.20609,1.26489,0.05881
1550,N1550,1.20197,1.27411,0.07215
1551,B1551,1.20574,1.21522,0.00948
1552,N1552,1.20274,1.22441,0.02168
1553,B1553,1.20501,1.19224,-0.01277
1554,N1554,1.20208,1.19810,-0.00397
1555,B1555,1.20498,1.20406,-0.00092
1556,N1556,1.20143,1.20283,0.00140
1557,B1557,1.20547,1.24465,0.03918
1558,N1558,1.20268,1.24639,0.04371
1559,B1559,1.20445,1.28715,0.08270
1560,N1560,1.20230,1.27840,0.07610
1561,B1561,1.20027,1.31216,0.11189
1562,N1562,1.19987,1.30887,0.10901
1563,B1563,1.20053,1.30091,0.10038
1564,N1564,1.20053,1.30263,0.10210
1565,B1565,1.20127,1.26686,0.06559
1566,N1566,1.20027,1.27847,0.07820
1567,B1567,1.20043,1.21156,0.01113
1568,N1568,1.19945,1.22560,0.02615
1569,B1569,1.20100,1.16299,-0.03801
1570,N1570,1.20100,1.16146,-0.03954
1571,B1571,1.19951,1.12302,-0.07649
1572,N1572,1.20090,1.12262,-0.07828
1573,B1573,1.19990,1.10144,-0.09847
1574,N1574,1.20131,1.11283,-0.08848
1575,B1575,1.20016,1.06507,-0.13509
1576,N1576,1.20103,1.07147,-0.12956
1577,B1577,1.19983,1.04147,-0.15836
1578,N1578,1.19983,1.04236,-0.15746
1579,B1579,1.20082,1.02607,-0.17474
1580,N1580,1.20082,1.02466,-0.17615
1581,B1581,1.20087,1.02373,-0.17714
1582,N1582,1.20087,1.01279,-0.18807
1583,B1583,1.20028,1.02228,-0.17800
1584,N1584,1.20028,1.02627,-0.17401
1585,B1585,1.20040,1.04882,-0.15158
1586,N1586,1.20126,1.05961,-0.14165
1587,B1587,1.19947,1.09651,-0.10296
1588,N1588,1.20089,1.10354,-0.09735
1589,B1589,1.20047,1.15207,-0.04840
1590,N1590,1.20128,1.15093,-0.05035
1591,B1591,1.20011,1.21712,0.01701
1592,N1592,1.20011,1.21802,0.01791
1593,B1593,1.20089,1.27636,0.07547
1594,N1594,1.20089,1.28680,0.08591
1595,B1595,1.20074,1.33574,0.13500
1596,N1596,1.20074,1.34774,0.14700
1597,B1597,1.20099,1.36318,0.16219
1598,N1598,1.20099,1.36982,0.16883
1599,B1599,1.20070,1.35862,0.15792
1600,N1600,1.20030,1.38369,0.18339
1601,B1601,1.20016,1.35326,0.15310
1602,N1602,1.20156,1.37954,0.17798
1603,B1603,1.19982,1.33019,0.13037
1604,N1604,1.20049,1.35144,0.15095
1605,B1605,1.20030,1.31268,0.11237
1606,N1606,1.20030,1.32407,0.12377
1607,B1607,1.20042,1.29684,0.09643
1608,N1608,1.20042,1.30084,0.10042
1609,B1609,1.20034,1.25286,0.05253
1610,N1610,1.20034,1.26693,0.06659
1611,B1611,1.20029,1.21475,0.01446
1612,N1612,1.20029,1.23686,0.03657
1613,B1613,1.20027,1.20072,0.00045
1614,N1614,1.20027,1.21847,0.01820
1615,B1615,1.20057,1.22230,0.02173
1616,N1616,1.20057,1.23253,0.03196
1617,B1617,1.20018,1.26975,0.06957
1618,N1618,1.20159,1.28061,0.07903
1619,B1619,1.20059,1.29413,0.09354
1620,N1620,1.20140,1.29985,0.09845
1621,B1621,1.20534,1.31787,0.11252
1622,N1622,1.23571,1.35357,0.11786
1623,B1623,1.20594,1.30842,0.10247
1624,N1624,1.23510,1.36631,0.13121
1625,B1625,1.20589,1.26961,0.06371
1626,N1626,1.23505,1.32323,0.08818
1627,B1627,1.20520,1.19882,-0.00638
1628,N1628,1.23556,1.22068,-0.01488
1629,B1629,1.20549,1.13143,-0.07406
1630,N1630,1.23464,1.11957,-0.11507
1631,B1631,1.20481,1.13206,-0.07275
1632,N1632,1.23595,1.16544,-0.07051
1633,B1633,1.20531,1.09365,-0.11166
1634,N1634,1.23612,1.09857,-0.13755
1635,B1635,1.20506,1.05153,-0.15353
1636,N1636,1.23460,1.05680,-0.17780
1637,B1637,1.20553,1.04157,-0.16396
1638,N1638,1.23633,1.06681,-0.16952
1639,B1639,1.20527,1.00887,-0.19640
1640,N1640,1.23627,1.01613,-0.22014
1641,B1641,1.20563,1.02380,-0.18182
1642,N1642,1.23643,1.05390,-0.18252
1643,B1643,1.20566,1.05178,-0.15388
1644,N1644,1.23612,1.08899,-0.14713
1645,B1645,1.20559,1.08785,-0.11774
1646,N1646,1.23640,1.11585,-0.12054
1647,B1647,1.20583,1.13208,-0.07375
1648,N1648,1.23489,1.16038,-0.07451
1649,B1649,1.20503,1.19150,-0.01353
1650,N1650,1.23592,1.22369,-0.01223
1651,B1651,1.20565,1.25104,0.04539
1652,N1652,1.23601,1.25849,0.02248
1653,B1653,1.20526,1.33951,0.13425
1654,N1654,1.23552,1.40565,0.17014
1655,B1655,1.20542,1.36809,0.16268
1656,N1656,1.23557,1.40531,0.16974
1657,B1657,1.20579,1.39800,0.19221
1658,N1658,1.23615,1.47122,0.23506
1659,B1659,1.20527,1.39987,0.19460
1660,N1660,1.23615,1.45622,0.22007
1661,B1661,1.20547,1.38607,0.18059
1662,N1662,1.23520,1.45915,0.22395
1663,B1663,1.20597,1.35131,0.14534
1664,N1664,1.23457,1.39762,0.16305
1665,B1665,1.20568,1.32241,0.11673
1666,N1666,1.23655,1.35311,0.11656
1667,B1667,1.20609,1.29523,0.08914
1668,N1668,1.23570,1.31857,0.08287
1669,B1669,1.20574,1.26966,0.06393
1670,N1670,1.23474,1.33797,0.10324
1671,B1671,1.20620,1.24190,0.03570
1672,N1672,1.23581,1.28987,0.05407
1673,B1673,1.20589,1.23296,0.02707
1674,N1674,1.23635,1.25743,0.02107
1675,B1675,1.20547,1.24949,0.04401
1676,N1676,1.23569,1.25528,0.01959
1677,B1677,1.20512,1.31435,0.10922
1678,N1678,1.23701,1.39079,0.15378
1679,B1679,1.20573,1.29727,0.09155
1680,N1680,1.23574,1.28925,0.05350
