rank,global_atom_index,atom_name,residue_name,incremental_displacement_nm,cumulative_displacement_nm,translation_removed_incremental_nm,aligned_incremental_residual_nm
1,57,B0057,HBN,0.10542770034483319,0.08994998610338933,0.10442444604071312,0.10180855790717774
2,13,B0013,HBN,0.10419213022104902,0.07753063910480809,0.10188651215681754,0.10321726141837438
3,1668,N1668,HBN,0.09306986622962342,0.09009439494219368,0.09123860360643798,0.0893262499237104
4,1676,N1676,HBN,0.09208691546577107,0.11042644610780558,0.09159578347258976,0.08860935736421069
5,33,B0033,HBN,0.0845103543951866,0.09642613753542155,0.08679357381004324,0.08813285775857162
6,21,B0021,HBN,0.07872102641607295,0.0745452882481519,0.07832847154591645,0.08112453150748407
7,1656,N1656,HBN,0.07617086057016785,0.07796152897423184,0.07429983129799028,0.07611624587667754
8,7,B0007,HBN,0.07606576102294633,0.10542770034483366,0.07359569848620061,0.07302860300319323
9,1680,N1680,HBN,0.07326663633605676,0.08343260753446455,0.07382443412425863,0.07105668518104745
10,1630,N1630,HBN,0.07079548008171108,0.08609297300012324,0.07323222636605323,0.0725356226858478
11,1638,N1638,HBN,0.06721606950722413,0.08108020720249808,0.06942966243723171,0.07093993344716877
12,49,B0049,HBN,0.06685057965343268,0.07406078584514195,0.06803428356669615,0.06537643354953415
13,47,B0047,HBN,0.0666783323126786,0.06035726965329027,0.06804988140681281,0.0658029433392955
14,1632,N1632,HBN,0.06592419889539801,0.06814690014960312,0.06846200320828197,0.06800366891796626
15,41,B0041,HBN,0.06465291950097836,0.07798076685952737,0.0671088449741686,0.06621241030230272
16,27,B0027,HBN,0.061603571325045556,0.0673052746818555,0.06238710319605772,0.06508107598641584
17,1674,N1674,HBN,0.060315835400001135,0.06353739056650026,0.059957808002241895,0.0571890803773893
18,11,B0011,HBN,0.05909314681077607,0.029068883707496846,0.06149918255326097,0.06045202971496246
19,9,B0009,HBN,0.057070132293521224,0.06819824044651013,0.05450609994220718,0.054345673176063064
20,1624,N1624,HBN,0.05458937625582512,0.08099382692526648,0.056459694240821486,0.054690566105110056
