file,kind,size_bytes,sha256
runs/phase1A/day024_chemical_end_rim_design/35_r2_p1_source_artifact_retrieval/raw/bamane_2023_bnnt_article.pdf,EMPTY_OR_MISSING,0,e3b0c44298fc1c149afbf4c8996fb92427ae41e4649b934ca495991b7852b855
runs/phase1A/day024_chemical_end_rim_design/35_r2_p1_source_artifact_retrieval/raw/bamane_2023_bnnt_iff_r_dataset.zip,EMPTY_OR_MISSING,0,e3b0c44298fc1c149afbf4c8996fb92427ae41e4649b934ca495991b7852b855
runs/phase1A/day024_chemical_end_rim_design/35_r2_p1_source_artifact_retrieval/raw/ghorai_2025_article_landing.html,HTML,5774,28388f1119c3d078856c80f31b054ddc21389a4fa3ede92c4f1910832953241a
runs/phase1A/day024_chemical_end_rim_design/35_r2_p1_source_artifact_retrieval/raw/jp1c09648_si_001_download,HTML,5750,2c4a4d972310ea1a5432938c2ceb5e654c3b134057fd1413f7a6a036de562027
runs/phase1A/day024_chemical_end_rim_design/35_r2_p1_source_artifact_retrieval/raw/jp1c09648_si_002_download,HTML,5750,86a30fa2c29f287691f2e1c07ecb074f718fc0a7ada3bddffff3398d7c7a93d0
runs/phase1A/day024_chemical_end_rim_design/35_r2_p1_source_artifact_retrieval/raw/jz7b03443_si_001_download,HTML,5759,b42ceb44dec20129bf7444cf413dbe05d5fa097ee6896d5b614e4fbe59a1b2eb
runs/phase1A/day024_chemical_end_rim_design/35_r2_p1_source_artifact_retrieval/raw/lele_2022_reaxff_article.pdf,PDF,7950775,791d17fd499fdb492c6027c7a44fd59a9106a72b6aea0e8757494e588f1fe6d2
runs/phase1A/day024_chemical_end_rim_design/35_r2_p1_source_artifact_retrieval/raw/rajan_2018_article_landing.html,HTML,5581,07b4f1dd46c49033c99f00510405f61ac24a9446f58efc20b8426c8f2106daa7
runs/phase1A/day024_chemical_end_rim_design/35_r2_p1_source_artifact_retrieval/run_day024_r2_p1_source_artifact_retrieval.log,EMPTY_OR_MISSING,0,e3b0c44298fc1c149afbf4c8996fb92427ae41e4649b934ca495991b7852b855
