path,size_bytes,sha256
runs/phase1A/day021_mobile_restraint_protocol/execution/03_nvt_k1000_2ps/03_NVT_K1000_2PS_DAY021.md,977,7fcae1d6dc54534fdd4c9dedf6d2ddbe842a650ea55414051e983d206f59ba16
runs/phase1A/day021_mobile_restraint_protocol/execution/03_nvt_k1000_2ps/03_nvt_k1000_2ps.cpt,1641468,f07ed3dc27d7c87a5257db684b25cdc01f0726a19d4eee6e9c2a8a4e236a9ee1
runs/phase1A/day021_mobile_restraint_protocol/execution/03_nvt_k1000_2ps/03_nvt_k1000_2ps.edr,11724,a555912bbb8f23700e40cd7f3a3c527f5d6f9acc9b92a4fa9a107505400641b7
runs/phase1A/day021_mobile_restraint_protocol/execution/03_nvt_k1000_2ps/03_nvt_k1000_2ps.gro,4714174,e1bb18807a07788f75f4b96503e223b7db5cd509a235640f7acb9cac4e68e6dd
runs/phase1A/day021_mobile_restraint_protocol/execution/03_nvt_k1000_2ps/03_nvt_k1000_2ps.log,36947,f85f57495ee3087b29f174b6ffd69d410869d15b53a3ee5af0ef0a91be881b0a
runs/phase1A/day021_mobile_restraint_protocol/execution/03_nvt_k1000_2ps/03_nvt_k1000_2ps.tpr,2088676,1089248479f05e6eeff5703f47f29f6cf8302c19de5f6e939be66b6f6fa85965
runs/phase1A/day021_mobile_restraint_protocol/execution/03_nvt_k1000_2ps/03_nvt_k1000_2ps.xtc,4949804,36fe2363bfada40ce3743afd87d7fae1e568c56a8da4cc2ce80c0322d8bb6aed
runs/phase1A/day021_mobile_restraint_protocol/execution/03_nvt_k1000_2ps/03_nvt_k1000_2ps_grompp.log,3612,d7696c8a33332369aca1e953ecfb10152e31010e7027d0d12c8df94663244887
runs/phase1A/day021_mobile_restraint_protocol/execution/03_nvt_k1000_2ps/03_nvt_k1000_2ps_mdout.mdp,12914,4a1298a99d09ea1dcafd2ba7023b88c77a7265afd0766850275b28f259cda569
runs/phase1A/day021_mobile_restraint_protocol/execution/03_nvt_k1000_2ps/03_nvt_k1000_2ps_mdrun_console.log,1076,cc25b679dce2c7888c9a2b271c2849fba7c415bc9c9e0b5ff09cf94eeba2254b
runs/phase1A/day021_mobile_restraint_protocol/execution/03_nvt_k1000_2ps/03_nvt_k1000_2ps_potential.xvg,1718,4fa5507518ba9311d55bbb994e0f97f1457f620118db0d01df1a80109421ae2f
runs/phase1A/day021_mobile_restraint_protocol/execution/03_nvt_k1000_2ps/03_nvt_k1000_2ps_potential_energy.log,3618,223f5ac4697fce403db5dee15764a60dec33824b38cb21df0fdac611f015c092
runs/phase1A/day021_mobile_restraint_protocol/execution/03_nvt_k1000_2ps/03_nvt_k1000_2ps_pressure.xvg,1641,ae68ad990f6539e47057ad47f796cc54dd28faecbe55a2ab0b72a833deed977d
runs/phase1A/day021_mobile_restraint_protocol/execution/03_nvt_k1000_2ps/03_nvt_k1000_2ps_pressure_energy.log,3614,aac7afea87f310987e52d3a8c377c6c6e4dd17f91aa6ec917a1828ef42a88190
runs/phase1A/day021_mobile_restraint_protocol/execution/03_nvt_k1000_2ps/03_nvt_k1000_2ps_processed.top,608705,81368aff48710b8fd6849565fa04a90a69da6a02405556a8591efa4c01ea9f92
runs/phase1A/day021_mobile_restraint_protocol/execution/03_nvt_k1000_2ps/03_nvt_k1000_2ps_summary.csv,1840,57505b7a93eb8c7ad11f61b2d1804a415e618abbb49a6d483c345a88d028391d
runs/phase1A/day021_mobile_restraint_protocol/execution/03_nvt_k1000_2ps/03_nvt_k1000_2ps_temperature.xvg,1633,0eeb3a1eb1fb1883ecc25f980dc5a54fcde7e0708cfa4dd17239cbae385efa8e
runs/phase1A/day021_mobile_restraint_protocol/execution/03_nvt_k1000_2ps/03_nvt_k1000_2ps_temperature_energy.log,3615,df84c2ae330b6b1779176342f4b428a83a8e1cd226562e4e83e3e42cf14a15e0
runs/phase1A/day021_mobile_restraint_protocol/execution/03_nvt_k1000_2ps/03_nvt_k1000_2ps_total_energy.xvg,1724,136959be06947dbf4b7f26d3d909f3abeb152fcc8fc8c862e71619a27861852b
runs/phase1A/day021_mobile_restraint_protocol/execution/03_nvt_k1000_2ps/03_nvt_k1000_2ps_total_energy_energy.log,3621,85cb05928f4a58e72eb3b77d474a1a47ce5af28bfd79bdabbff3492f7a4af99d
runs/phase1A/day021_mobile_restraint_protocol/execution/03_nvt_k1000_2ps/STAGE03_RELEASE_RESPONSE_DIAGNOSTIC_DAY021.md,776,da5a21435067540d4da9ec0a01e114e4f8325c915ea357ede16f0be0e31dadfe
runs/phase1A/day021_mobile_restraint_protocol/execution/03_nvt_k1000_2ps/commands.txt,1767,ad1bbbb156bb68117c818d60891b23c391faf21cc0a265b7cbc965d9de2155b5
runs/phase1A/day021_mobile_restraint_protocol/execution/03_nvt_k1000_2ps/run_stage03_release_response_diagnostic.log,678,497fca45960230ab4e24be68f5c864a0c3f5de8636845af0aaa3ecce89a99108
runs/phase1A/day021_mobile_restraint_protocol/execution/03_nvt_k1000_2ps/run_stage03b_preparation.log,0,e3b0c44298fc1c149afbf4c8996fb92427ae41e4649b934ca495991b7852b855
runs/phase1A/day021_mobile_restraint_protocol/execution/03_nvt_k1000_2ps/stage03_hbn_bond_diagnostic.csv,1955,a1693338ccd6d650a19f2ec036fa4c23185f8bbc552b0ca2ba12410c2697ce2f
runs/phase1A/day021_mobile_restraint_protocol/execution/03_nvt_k1000_2ps/stage03_release_response_diagnostic.csv,1278,b8e8a260aaa20204294482f45246f32e7bf0742ed7277f39887976376d52333a
runs/phase1A/day021_mobile_restraint_protocol/execution/03_nvt_k1000_2ps/stage03_top_hbn_displacements.csv,2115,c594ef359464c3908b02e8230c89e73df1bc51390464e312797dae563ea68af3
