bridge_path_id,end,bridge_index,seed_node,seed_element,bridge_node_1,bridge_element_1,bridge_node_2,bridge_element_2,bridge_node_3,bridge_element_3,annulus_node,annulus_element,heavy_edges_in_path,selected_gap_nm,feasible_gap_minimum_nm,feasible_gap_maximum_nm,mapping_seed_parity,mapping_orientation,mapping_rotation,mapping_chirality,alternative_heavy_path_length,shortest_cycle_containing_bridge_path
LOWER:BRIDGE:00,LOWER,0,S:1681,N,BR:LOWER:00:1,B,BR:LOWER:00:2,N,BR:LOWER:00:3,B,A:LOWER:14:-2,N,4,0.17709999999999998,0.05,0.3041,1,-1,14,-1,10,14
LOWER:BRIDGE:01,LOWER,1,S:1683,N,BR:LOWER:01:1,B,BR:LOWER:01:2,N,BR:LOWER:01:3,B,A:LOWER:14:-4,N,4,0.17709999999999998,0.05,0.3041,1,-1,14,-1,10,14
LOWER:BRIDGE:02,LOWER,2,S:1685,N,BR:LOWER:02:1,B,BR:LOWER:02:2,N,BR:LOWER:02:3,B,A:LOWER:-1:-9,N,4,0.17709999999999998,0.05,0.3041,1,-1,14,-1,10,14
LOWER:BRIDGE:03,LOWER,3,S:1687,N,BR:LOWER:03:1,B,BR:LOWER:03:2,N,BR:LOWER:03:3,B,A:LOWER:-4:-8,N,4,0.17709999999999998,0.05,0.3041,1,-1,14,-1,10,14
LOWER:BRIDGE:04,LOWER,4,S:1689,N,BR:LOWER:04:1,B,BR:LOWER:04:2,N,BR:LOWER:04:3,B,A:LOWER:-7:-7,N,4,0.17709999999999998,0.05,0.3041,1,-1,14,-1,10,14
LOWER:BRIDGE:05,LOWER,5,S:1691,N,BR:LOWER:05:1,B,BR:LOWER:05:2,N,BR:LOWER:05:3,B,A:LOWER:-10:-6,N,4,0.17709999999999998,0.05,0.3041,1,-1,14,-1,10,14
LOWER:BRIDGE:06,LOWER,6,S:1693,N,BR:LOWER:06:1,B,BR:LOWER:06:2,N,BR:LOWER:06:3,B,A:LOWER:-13:-5,N,4,0.17709999999999998,0.05,0.3041,1,-1,14,-1,10,14
LOWER:BRIDGE:07,LOWER,7,S:1695,N,BR:LOWER:07:1,B,BR:LOWER:07:2,N,BR:LOWER:07:3,B,A:LOWER:-13:5,N,4,0.17709999999999998,0.05,0.3041,1,-1,14,-1,10,14
LOWER:BRIDGE:08,LOWER,8,S:1697,N,BR:LOWER:08:1,B,BR:LOWER:08:2,N,BR:LOWER:08:3,B,A:LOWER:-10:6,N,4,0.17709999999999998,0.05,0.3041,1,-1,14,-1,10,14
LOWER:BRIDGE:09,LOWER,9,S:1699,N,BR:LOWER:09:1,B,BR:LOWER:09:2,N,BR:LOWER:09:3,B,A:LOWER:-7:7,N,4,0.17709999999999998,0.05,0.3041,1,-1,14,-1,10,14
LOWER:BRIDGE:10,LOWER,10,S:1701,N,BR:LOWER:10:1,B,BR:LOWER:10:2,N,BR:LOWER:10:3,B,A:LOWER:-4:8,N,4,0.17709999999999998,0.05,0.3041,1,-1,14,-1,10,14
LOWER:BRIDGE:11,LOWER,11,S:1703,N,BR:LOWER:11:1,B,BR:LOWER:11:2,N,BR:LOWER:11:3,B,A:LOWER:-1:9,N,4,0.17709999999999998,0.05,0.3041,1,-1,14,-1,10,14
LOWER:BRIDGE:12,LOWER,12,S:1705,N,BR:LOWER:12:1,B,BR:LOWER:12:2,N,BR:LOWER:12:3,B,A:LOWER:14:4,N,4,0.17709999999999998,0.05,0.3041,1,-1,14,-1,10,14
LOWER:BRIDGE:13,LOWER,13,S:1707,N,BR:LOWER:13:1,B,BR:LOWER:13:2,N,BR:LOWER:13:3,B,A:LOWER:14:2,N,4,0.17709999999999998,0.05,0.3041,1,-1,14,-1,10,14
LOWER:BRIDGE:14,LOWER,14,S:1709,N,BR:LOWER:14:1,B,BR:LOWER:14:2,N,BR:LOWER:14:3,B,A:LOWER:14:0,N,4,0.17709999999999998,0.05,0.3041,1,-1,14,-1,10,14
UPPER:BRIDGE:00,UPPER,0,S:1711,B,BR:UPPER:00:1,N,BR:UPPER:00:2,B,BR:UPPER:00:3,N,A:UPPER:14:0,B,4,0.17709999999999998,0.05,0.3041,1,-1,0,-1,10,14
UPPER:BRIDGE:01,UPPER,1,S:1713,B,BR:UPPER:01:1,N,BR:UPPER:01:2,B,BR:UPPER:01:3,N,A:UPPER:14:-2,B,4,0.17709999999999998,0.05,0.3041,1,-1,0,-1,10,14
UPPER:BRIDGE:02,UPPER,2,S:1715,B,BR:UPPER:02:1,N,BR:UPPER:02:2,B,BR:UPPER:02:3,N,A:UPPER:14:-4,B,4,0.17709999999999998,0.05,0.3041,1,-1,0,-1,10,14
UPPER:BRIDGE:03,UPPER,3,S:1717,B,BR:UPPER:03:1,N,BR:UPPER:03:2,B,BR:UPPER:03:3,N,A:UPPER:-1:-9,B,4,0.17709999999999998,0.05,0.3041,1,-1,0,-1,10,14
UPPER:BRIDGE:04,UPPER,4,S:1719,B,BR:UPPER:04:1,N,BR:UPPER:04:2,B,BR:UPPER:04:3,N,A:UPPER:-4:-8,B,4,0.17709999999999998,0.05,0.3041,1,-1,0,-1,10,14
UPPER:BRIDGE:05,UPPER,5,S:1721,B,BR:UPPER:05:1,N,BR:UPPER:05:2,B,BR:UPPER:05:3,N,A:UPPER:-7:-7,B,4,0.17709999999999998,0.05,0.3041,1,-1,0,-1,10,14
UPPER:BRIDGE:06,UPPER,6,S:1723,B,BR:UPPER:06:1,N,BR:UPPER:06:2,B,BR:UPPER:06:3,N,A:UPPER:-10:-6,B,4,0.17709999999999998,0.05,0.3041,1,-1,0,-1,10,14
UPPER:BRIDGE:07,UPPER,7,S:1725,B,BR:UPPER:07:1,N,BR:UPPER:07:2,B,BR:UPPER:07:3,N,A:UPPER:-13:-5,B,4,0.17709999999999998,0.05,0.3041,1,-1,0,-1,10,14
UPPER:BRIDGE:08,UPPER,8,S:1727,B,BR:UPPER:08:1,N,BR:UPPER:08:2,B,BR:UPPER:08:3,N,A:UPPER:-13:5,B,4,0.17709999999999998,0.05,0.3041,1,-1,0,-1,10,14
UPPER:BRIDGE:09,UPPER,9,S:1729,B,BR:UPPER:09:1,N,BR:UPPER:09:2,B,BR:UPPER:09:3,N,A:UPPER:-10:6,B,4,0.17709999999999998,0.05,0.3041,1,-1,0,-1,10,14
UPPER:BRIDGE:10,UPPER,10,S:1731,B,BR:UPPER:10:1,N,BR:UPPER:10:2,B,BR:UPPER:10:3,N,A:UPPER:-7:7,B,4,0.17709999999999998,0.05,0.3041,1,-1,0,-1,10,14
UPPER:BRIDGE:11,UPPER,11,S:1733,B,BR:UPPER:11:1,N,BR:UPPER:11:2,B,BR:UPPER:11:3,N,A:UPPER:-4:8,B,4,0.17709999999999998,0.05,0.3041,1,-1,0,-1,10,14
UPPER:BRIDGE:12,UPPER,12,S:1735,B,BR:UPPER:12:1,N,BR:UPPER:12:2,B,BR:UPPER:12:3,N,A:UPPER:-1:9,B,4,0.17709999999999998,0.05,0.3041,1,-1,0,-1,10,14
UPPER:BRIDGE:13,UPPER,13,S:1737,B,BR:UPPER:13:1,N,BR:UPPER:13:2,B,BR:UPPER:13:3,N,A:UPPER:14:4,B,4,0.17709999999999998,0.05,0.3041,1,-1,0,-1,10,14
UPPER:BRIDGE:14,UPPER,14,S:1739,B,BR:UPPER:14:1,N,BR:UPPER:14:2,B,BR:UPPER:14:3,N,A:UPPER:14:2,B,4,0.17709999999999998,0.05,0.3041,1,-1,0,-1,10,14
