end,source_node,target_node,interface,edge_type,cycles_length3,cycles_length4,cycles_length5,cycles_length6,cycles_length7,cycles_length8,cycles_length9,cycles_length10
LOWER,LOWER:L1:0,LOWER:L2:0,L1_TO_L2,COLLAR_BN,0,0,0,4,0,0,0,0
LOWER,LOWER:L1:0,LOWER:P:46,PARENT_TO_L1,PARENT_TO_COLLAR,0,1,0,2,0,0,0,0
LOWER,LOWER:L1:0,LOWER:P:48,PARENT_TO_L1,PARENT_TO_COLLAR,0,1,0,2,0,0,0,0
LOWER,LOWER:L1:1,LOWER:L2:1,L1_TO_L2,COLLAR_BN,0,0,0,4,0,0,0,0
LOWER,LOWER:L1:1,LOWER:P:46,PARENT_TO_L1,PARENT_TO_COLLAR,0,1,0,2,0,0,0,0
LOWER,LOWER:L1:1,LOWER:P:48,PARENT_TO_L1,PARENT_TO_COLLAR,0,1,0,2,0,0,0,0
LOWER,LOWER:L1:10,LOWER:L2:10,L1_TO_L2,COLLAR_BN,0,0,0,4,0,0,0,4
LOWER,LOWER:L1:10,LOWER:P:6,PARENT_TO_L1,PARENT_TO_COLLAR,0,1,0,2,0,0,0,2
LOWER,LOWER:L1:10,LOWER:P:8,PARENT_TO_L1,PARENT_TO_COLLAR,0,1,0,2,0,0,0,2
LOWER,LOWER:L1:11,LOWER:L2:11,L1_TO_L2,COLLAR_BN,0,0,0,4,0,0,0,4
LOWER,LOWER:L1:11,LOWER:P:6,PARENT_TO_L1,PARENT_TO_COLLAR,0,1,0,2,0,0,0,2
LOWER,LOWER:L1:11,LOWER:P:8,PARENT_TO_L1,PARENT_TO_COLLAR,0,1,0,2,0,0,0,2
LOWER,LOWER:L1:12,LOWER:L2:12,L1_TO_L2,COLLAR_BN,0,0,0,4,0,4,0,0
LOWER,LOWER:L1:12,LOWER:P:10,PARENT_TO_L1,PARENT_TO_COLLAR,0,1,0,2,0,2,0,0
LOWER,LOWER:L1:12,LOWER:P:12,PARENT_TO_L1,PARENT_TO_COLLAR,0,1,0,2,0,2,0,0
LOWER,LOWER:L1:13,LOWER:L2:13,L1_TO_L2,COLLAR_BN,0,0,0,4,0,4,0,0
LOWER,LOWER:L1:13,LOWER:P:10,PARENT_TO_L1,PARENT_TO_COLLAR,0,1,0,2,0,2,0,0
LOWER,LOWER:L1:13,LOWER:P:12,PARENT_TO_L1,PARENT_TO_COLLAR,0,1,0,2,0,2,0,0
LOWER,LOWER:L1:14,LOWER:L2:14,L1_TO_L2,COLLAR_BN,0,0,0,4,0,0,0,8
LOWER,LOWER:L1:14,LOWER:P:14,PARENT_TO_L1,PARENT_TO_COLLAR,0,1,0,2,0,0,0,4
LOWER,LOWER:L1:14,LOWER:P:16,PARENT_TO_L1,PARENT_TO_COLLAR,0,1,0,2,0,0,0,4
LOWER,LOWER:L1:15,LOWER:L2:15,L1_TO_L2,COLLAR_BN,0,0,0,4,0,0,0,8
LOWER,LOWER:L1:15,LOWER:P:14,PARENT_TO_L1,PARENT_TO_COLLAR,0,1,0,2,0,0,0,4
LOWER,LOWER:L1:15,LOWER:P:16,PARENT_TO_L1,PARENT_TO_COLLAR,0,1,0,2,0,0,0,4
LOWER,LOWER:L1:16,LOWER:L2:16,L1_TO_L2,COLLAR_BN,0,0,0,4,0,4,0,0
LOWER,LOWER:L1:16,LOWER:P:18,PARENT_TO_L1,PARENT_TO_COLLAR,0,1,0,2,0,2,0,0
LOWER,LOWER:L1:16,LOWER:P:20,PARENT_TO_L1,PARENT_TO_COLLAR,0,1,0,2,0,2,0,0
LOWER,LOWER:L1:17,LOWER:L2:17,L1_TO_L2,COLLAR_BN,0,0,0,4,0,4,0,0
LOWER,LOWER:L1:17,LOWER:P:18,PARENT_TO_L1,PARENT_TO_COLLAR,0,1,0,2,0,2,0,0
LOWER,LOWER:L1:17,LOWER:P:20,PARENT_TO_L1,PARENT_TO_COLLAR,0,1,0,2,0,2,0,0
LOWER,LOWER:L1:18,LOWER:L2:18,L1_TO_L2,COLLAR_BN,0,0,0,4,0,0,0,0
LOWER,LOWER:L1:18,LOWER:P:22,PARENT_TO_L1,PARENT_TO_COLLAR,0,1,0,2,0,0,0,0
LOWER,LOWER:L1:18,LOWER:P:24,PARENT_TO_L1,PARENT_TO_COLLAR,0,1,0,2,0,0,0,0
LOWER,LOWER:L1:19,LOWER:L2:19,L1_TO_L2,COLLAR_BN,0,0,0,4,0,0,0,0
LOWER,LOWER:L1:19,LOWER:P:22,PARENT_TO_L1,PARENT_TO_COLLAR,0,1,0,2,0,0,0,0
LOWER,LOWER:L1:19,LOWER:P:24,PARENT_TO_L1,PARENT_TO_COLLAR,0,1,0,2,0,0,0,0
LOWER,LOWER:L1:2,LOWER:L2:2,L1_TO_L2,COLLAR_BN,0,0,0,4,0,0,0,0
LOWER,LOWER:L1:2,LOWER:P:50,PARENT_TO_L1,PARENT_TO_COLLAR,0,1,0,2,0,0,0,0
LOWER,LOWER:L1:2,LOWER:P:52,PARENT_TO_L1,PARENT_TO_COLLAR,0,1,0,2,0,0,0,0
LOWER,LOWER:L1:20,LOWER:L2:20,L1_TO_L2,COLLAR_BN,0,0,0,4,0,4,0,0
LOWER,LOWER:L1:20,LOWER:P:26,PARENT_TO_L1,PARENT_TO_COLLAR,0,1,0,2,0,2,0,0
LOWER,LOWER:L1:20,LOWER:P:28,PARENT_TO_L1,PARENT_TO_COLLAR,0,1,0,2,0,2,0,0
LOWER,LOWER:L1:21,LOWER:L2:21,L1_TO_L2,COLLAR_BN,0,0,0,4,0,4,0,0
LOWER,LOWER:L1:21,LOWER:P:26,PARENT_TO_L1,PARENT_TO_COLLAR,0,1,0,2,0,2,0,0
LOWER,LOWER:L1:21,LOWER:P:28,PARENT_TO_L1,PARENT_TO_COLLAR,0,1,0,2,0,2,0,0
LOWER,LOWER:L1:22,LOWER:L2:22,L1_TO_L2,COLLAR_BN,0,0,0,4,0,0,0,4
LOWER,LOWER:L1:22,LOWER:P:30,PARENT_TO_L1,PARENT_TO_COLLAR,0,1,0,2,0,0,0,2
LOWER,LOWER:L1:22,LOWER:P:32,PARENT_TO_L1,PARENT_TO_COLLAR,0,1,0,2,0,0,0,2
LOWER,LOWER:L1:23,LOWER:L2:23,L1_TO_L2,COLLAR_BN,0,0,0,4,0,0,0,4
LOWER,LOWER:L1:23,LOWER:P:30,PARENT_TO_L1,PARENT_TO_COLLAR,0,1,0,2,0,0,0,2
LOWER,LOWER:L1:23,LOWER:P:32,PARENT_TO_L1,PARENT_TO_COLLAR,0,1,0,2,0,0,0,2
LOWER,LOWER:L1:24,LOWER:L2:24,L1_TO_L2,COLLAR_BN,0,0,0,4,0,0,0,0
LOWER,LOWER:L1:24,LOWER:P:34,PARENT_TO_L1,PARENT_TO_COLLAR,0,1,0,2,0,0,0,0
LOWER,LOWER:L1:24,LOWER:P:36,PARENT_TO_L1,PARENT_TO_COLLAR,0,1,0,2,0,0,0,0
LOWER,LOWER:L1:25,LOWER:L2:25,L1_TO_L2,COLLAR_BN,0,0,0,4,0,0,0,0
LOWER,LOWER:L1:25,LOWER:P:34,PARENT_TO_L1,PARENT_TO_COLLAR,0,1,0,2,0,0,0,0
LOWER,LOWER:L1:25,LOWER:P:36,PARENT_TO_L1,PARENT_TO_COLLAR,0,1,0,2,0,0,0,0
LOWER,LOWER:L1:26,LOWER:L2:26,L1_TO_L2,COLLAR_BN,0,0,0,4,0,0,0,4
LOWER,LOWER:L1:26,LOWER:P:38,PARENT_TO_L1,PARENT_TO_COLLAR,0,1,0,2,0,0,0,2
LOWER,LOWER:L1:26,LOWER:P:40,PARENT_TO_L1,PARENT_TO_COLLAR,0,1,0,2,0,0,0,2
LOWER,LOWER:L1:27,LOWER:L2:27,L1_TO_L2,COLLAR_BN,0,0,0,4,0,0,0,4
LOWER,LOWER:L1:27,LOWER:P:38,PARENT_TO_L1,PARENT_TO_COLLAR,0,1,0,2,0,0,0,2
LOWER,LOWER:L1:27,LOWER:P:40,PARENT_TO_L1,PARENT_TO_COLLAR,0,1,0,2,0,0,0,2
LOWER,LOWER:L1:28,LOWER:L2:28,L1_TO_L2,COLLAR_BN,0,0,0,4,0,0,0,0
LOWER,LOWER:L1:28,LOWER:P:42,PARENT_TO_L1,PARENT_TO_COLLAR,0,1,0,2,0,0,0,0
LOWER,LOWER:L1:28,LOWER:P:44,PARENT_TO_L1,PARENT_TO_COLLAR,0,1,0,2,0,0,0,0
LOWER,LOWER:L1:29,LOWER:L2:29,L1_TO_L2,COLLAR_BN,0,0,0,4,0,0,0,0
LOWER,LOWER:L1:29,LOWER:P:42,PARENT_TO_L1,PARENT_TO_COLLAR,0,1,0,2,0,0,0,0
LOWER,LOWER:L1:29,LOWER:P:44,PARENT_TO_L1,PARENT_TO_COLLAR,0,1,0,2,0,0,0,0
LOWER,LOWER:L1:3,LOWER:L2:3,L1_TO_L2,COLLAR_BN,0,0,0,4,0,0,0,0
LOWER,LOWER:L1:3,LOWER:P:50,PARENT_TO_L1,PARENT_TO_COLLAR,0,1,0,2,0,0,0,0
LOWER,LOWER:L1:3,LOWER:P:52,PARENT_TO_L1,PARENT_TO_COLLAR,0,1,0,2,0,0,0,0
LOWER,LOWER:L1:4,LOWER:L2:4,L1_TO_L2,COLLAR_BN,0,0,0,4,0,0,0,4
LOWER,LOWER:L1:4,LOWER:P:54,PARENT_TO_L1,PARENT_TO_COLLAR,0,1,0,2,0,0,0,2
LOWER,LOWER:L1:4,LOWER:P:56,PARENT_TO_L1,PARENT_TO_COLLAR,0,1,0,2,0,0,0,2
LOWER,LOWER:L1:5,LOWER:L2:5,L1_TO_L2,COLLAR_BN,0,0,0,4,0,0,0,4
LOWER,LOWER:L1:5,LOWER:P:54,PARENT_TO_L1,PARENT_TO_COLLAR,0,1,0,2,0,0,0,2
LOWER,LOWER:L1:5,LOWER:P:56,PARENT_TO_L1,PARENT_TO_COLLAR,0,1,0,2,0,0,0,2
LOWER,LOWER:L1:6,LOWER:L2:6,L1_TO_L2,COLLAR_BN,0,0,0,4,0,0,0,0
LOWER,LOWER:L1:6,LOWER:P:0,PARENT_TO_L1,PARENT_TO_COLLAR,0,1,0,2,0,0,0,0
LOWER,LOWER:L1:6,LOWER:P:58,PARENT_TO_L1,PARENT_TO_COLLAR,0,1,0,2,0,0,0,0
LOWER,LOWER:L1:7,LOWER:L2:7,L1_TO_L2,COLLAR_BN,0,0,0,4,0,0,0,0
LOWER,LOWER:L1:7,LOWER:P:0,PARENT_TO_L1,PARENT_TO_COLLAR,0,1,0,2,0,0,0,0
LOWER,LOWER:L1:7,LOWER:P:58,PARENT_TO_L1,PARENT_TO_COLLAR,0,1,0,2,0,0,0,0
LOWER,LOWER:L1:8,LOWER:L2:8,L1_TO_L2,COLLAR_BN,0,0,0,4,0,4,0,0
LOWER,LOWER:L1:8,LOWER:P:2,PARENT_TO_L1,PARENT_TO_COLLAR,0,1,0,2,0,2,0,0
LOWER,LOWER:L1:8,LOWER:P:4,PARENT_TO_L1,PARENT_TO_COLLAR,0,1,0,2,0,2,0,0
LOWER,LOWER:L1:9,LOWER:L2:9,L1_TO_L2,COLLAR_BN,0,0,0,4,0,4,0,0
LOWER,LOWER:L1:9,LOWER:P:2,PARENT_TO_L1,PARENT_TO_COLLAR,0,1,0,2,0,2,0,0
LOWER,LOWER:L1:9,LOWER:P:4,PARENT_TO_L1,PARENT_TO_COLLAR,0,1,0,2,0,2,0,0
LOWER,LOWER:L2:0,LOWER:L3:0,L2_TO_L3,COLLAR_BN,0,1,0,2,0,2,0,2
LOWER,LOWER:L2:0,LOWER:L3:1,L2_TO_L3,COLLAR_BN,0,1,0,2,0,2,0,2
LOWER,LOWER:L2:1,LOWER:L3:0,L2_TO_L3,COLLAR_BN,0,1,0,2,0,2,0,2
LOWER,LOWER:L2:1,LOWER:L3:1,L2_TO_L3,COLLAR_BN,0,1,0,2,0,2,0,2
LOWER,LOWER:L2:10,LOWER:L3:10,L2_TO_L3,COLLAR_BN,0,1,0,3,0,1,0,2
LOWER,LOWER:L2:10,LOWER:L3:11,L2_TO_L3,COLLAR_BN,0,1,0,3,0,1,0,2
LOWER,LOWER:L2:11,LOWER:L3:10,L2_TO_L3,COLLAR_BN,0,1,0,3,0,1,0,2
LOWER,LOWER:L2:11,LOWER:L3:11,L2_TO_L3,COLLAR_BN,0,1,0,3,0,1,0,2
LOWER,LOWER:L2:12,LOWER:L3:12,L2_TO_L3,COLLAR_BN,0,2,0,2,0,2,0,0
LOWER,LOWER:L2:12,LOWER:L3:13,L2_TO_L3,COLLAR_BN,0,2,0,2,0,2,0,0
LOWER,LOWER:L2:13,LOWER:L3:12,L2_TO_L3,COLLAR_BN,0,2,0,2,0,2,0,0
LOWER,LOWER:L2:13,LOWER:L3:13,L2_TO_L3,COLLAR_BN,0,2,0,2,0,2,0,0
LOWER,LOWER:L2:14,LOWER:L3:14,L2_TO_L3,COLLAR_BN,0,1,0,4,0,0,0,4
LOWER,LOWER:L2:14,LOWER:L3:15,L2_TO_L3,COLLAR_BN,0,1,0,4,0,0,0,4
LOWER,LOWER:L2:15,LOWER:L3:14,L2_TO_L3,COLLAR_BN,0,1,0,4,0,0,0,4
LOWER,LOWER:L2:15,LOWER:L3:15,L2_TO_L3,COLLAR_BN,0,1,0,4,0,0,0,4
LOWER,LOWER:L2:16,LOWER:L3:16,L2_TO_L3,COLLAR_BN,0,2,0,2,0,2,0,0
LOWER,LOWER:L2:16,LOWER:L3:17,L2_TO_L3,COLLAR_BN,0,2,0,2,0,2,0,0
LOWER,LOWER:L2:17,LOWER:L3:16,L2_TO_L3,COLLAR_BN,0,2,0,2,0,2,0,0
LOWER,LOWER:L2:17,LOWER:L3:17,L2_TO_L3,COLLAR_BN,0,2,0,2,0,2,0,0
LOWER,LOWER:L2:18,LOWER:L3:18,L2_TO_L3,COLLAR_BN,0,1,0,2,0,2,0,0
LOWER,LOWER:L2:18,LOWER:L3:19,L2_TO_L3,COLLAR_BN,0,1,0,2,0,2,0,0
LOWER,LOWER:L2:19,LOWER:L3:18,L2_TO_L3,COLLAR_BN,0,1,0,2,0,2,0,0
LOWER,LOWER:L2:19,LOWER:L3:19,L2_TO_L3,COLLAR_BN,0,1,0,2,0,2,0,0
LOWER,LOWER:L2:2,LOWER:L3:2,L2_TO_L3,COLLAR_BN,0,1,0,2,0,1,0,3
LOWER,LOWER:L2:2,LOWER:L3:3,L2_TO_L3,COLLAR_BN,0,1,0,2,0,1,0,3
LOWER,LOWER:L2:20,LOWER:L3:20,L2_TO_L3,COLLAR_BN,0,2,0,2,0,2,0,0
LOWER,LOWER:L2:20,LOWER:L3:21,L2_TO_L3,COLLAR_BN,0,2,0,2,0,2,0,0
LOWER,LOWER:L2:21,LOWER:L3:20,L2_TO_L3,COLLAR_BN,0,2,0,2,0,2,0,0
LOWER,LOWER:L2:21,LOWER:L3:21,L2_TO_L3,COLLAR_BN,0,2,0,2,0,2,0,0
LOWER,LOWER:L2:22,LOWER:L3:22,L2_TO_L3,COLLAR_BN,0,1,0,3,0,0,0,2
LOWER,LOWER:L2:22,LOWER:L3:23,L2_TO_L3,COLLAR_BN,0,1,0,3,0,0,0,2
LOWER,LOWER:L2:23,LOWER:L3:22,L2_TO_L3,COLLAR_BN,0,1,0,3,0,0,0,2
LOWER,LOWER:L2:23,LOWER:L3:23,L2_TO_L3,COLLAR_BN,0,1,0,3,0,0,0,2
LOWER,LOWER:L2:24,LOWER:L3:24,L2_TO_L3,COLLAR_BN,0,1,0,2,0,1,0,0
LOWER,LOWER:L2:24,LOWER:L3:25,L2_TO_L3,COLLAR_BN,0,1,0,2,0,1,0,0
LOWER,LOWER:L2:25,LOWER:L3:24,L2_TO_L3,COLLAR_BN,0,1,0,2,0,1,0,0
LOWER,LOWER:L2:25,LOWER:L3:25,L2_TO_L3,COLLAR_BN,0,1,0,2,0,1,0,0
LOWER,LOWER:L2:26,LOWER:L3:26,L2_TO_L3,COLLAR_BN,0,1,0,3,0,0,0,3
LOWER,LOWER:L2:26,LOWER:L3:27,L2_TO_L3,COLLAR_BN,0,1,0,3,0,0,0,3
LOWER,LOWER:L2:27,LOWER:L3:26,L2_TO_L3,COLLAR_BN,0,1,0,3,0,0,0,3
LOWER,LOWER:L2:27,LOWER:L3:27,L2_TO_L3,COLLAR_BN,0,1,0,3,0,0,0,3
LOWER,LOWER:L2:28,LOWER:L3:28,L2_TO_L3,COLLAR_BN,0,1,0,2,0,0,0,1
LOWER,LOWER:L2:28,LOWER:L3:29,L2_TO_L3,COLLAR_BN,0,1,0,2,0,0,0,1
LOWER,LOWER:L2:29,LOWER:L3:28,L2_TO_L3,COLLAR_BN,0,1,0,2,0,0,0,1
LOWER,LOWER:L2:29,LOWER:L3:29,L2_TO_L3,COLLAR_BN,0,1,0,2,0,0,0,1
LOWER,LOWER:L2:3,LOWER:L3:2,L2_TO_L3,COLLAR_BN,0,1,0,2,0,1,0,3
LOWER,LOWER:L2:3,LOWER:L3:3,L2_TO_L3,COLLAR_BN,0,1,0,2,0,1,0,3
LOWER,LOWER:L2:4,LOWER:L3:4,L2_TO_L3,COLLAR_BN,0,1,0,3,0,0,0,5
LOWER,LOWER:L2:4,LOWER:L3:5,L2_TO_L3,COLLAR_BN,0,1,0,3,0,0,0,5
LOWER,LOWER:L2:5,LOWER:L3:4,L2_TO_L3,COLLAR_BN,0,1,0,3,0,0,0,5
LOWER,LOWER:L2:5,LOWER:L3:5,L2_TO_L3,COLLAR_BN,0,1,0,3,0,0,0,5
LOWER,LOWER:L2:6,LOWER:L3:6,L2_TO_L3,COLLAR_BN,0,1,0,2,0,1,0,3
LOWER,LOWER:L2:6,LOWER:L3:7,L2_TO_L3,COLLAR_BN,0,1,0,2,0,1,0,3
LOWER,LOWER:L2:7,LOWER:L3:6,L2_TO_L3,COLLAR_BN,0,1,0,2,0,1,0,3
LOWER,LOWER:L2:7,LOWER:L3:7,L2_TO_L3,COLLAR_BN,0,1,0,2,0,1,0,3
LOWER,LOWER:L2:8,LOWER:L3:8,L2_TO_L3,COLLAR_BN,0,2,0,2,0,2,0,0
LOWER,LOWER:L2:8,LOWER:L3:9,L2_TO_L3,COLLAR_BN,0,2,0,2,0,2,0,0
LOWER,LOWER:L2:9,LOWER:L3:8,L2_TO_L3,COLLAR_BN,0,2,0,2,0,2,0,0
LOWER,LOWER:L2:9,LOWER:L3:9,L2_TO_L3,COLLAR_BN,0,2,0,2,0,2,0,0
LOWER,LOWER:L3:0,LOWER:L4:0,L3_TO_L4,COLLAR_BN,0,0,0,0,0,4,0,4
LOWER,LOWER:L3:1,LOWER:L4:1,L3_TO_L4,COLLAR_BN,0,0,0,0,0,4,0,4
LOWER,LOWER:L3:10,LOWER:L4:7,L3_TO_L4,COLLAR_BN,0,0,0,2,0,2,0,4
LOWER,LOWER:L3:11,LOWER:L4:8,L3_TO_L4,COLLAR_BN,0,0,0,2,0,2,0,4
LOWER,LOWER:L3:12,LOWER:L4:9,L3_TO_L4,COLLAR_BN,0,2,0,0,0,4,0,0
LOWER,LOWER:L3:13,LOWER:L4:9,L3_TO_L4,COLLAR_BN,0,2,0,0,0,4,0,0
LOWER,LOWER:L3:14,LOWER:L4:10,L3_TO_L4,COLLAR_BN,0,0,0,4,0,0,0,8
LOWER,LOWER:L3:15,LOWER:L4:11,L3_TO_L4,COLLAR_BN,0,0,0,4,0,0,0,8
LOWER,LOWER:L3:16,LOWER:L4:12,L3_TO_L4,COLLAR_BN,0,2,0,0,0,4,0,0
LOWER,LOWER:L3:17,LOWER:L4:12,L3_TO_L4,COLLAR_BN,0,2,0,0,0,4,0,0
LOWER,LOWER:L3:18,LOWER:L4:13,L3_TO_L4,COLLAR_BN,0,0,0,0,0,4,0,0
LOWER,LOWER:L3:19,LOWER:L4:14,L3_TO_L4,COLLAR_BN,0,0,0,0,0,4,0,0
LOWER,LOWER:L3:2,LOWER:L4:1,L3_TO_L4,COLLAR_BN,0,0,0,0,0,2,0,6
LOWER,LOWER:L3:20,LOWER:L4:15,L3_TO_L4,COLLAR_BN,0,2,0,0,0,4,0,0
LOWER,LOWER:L3:21,LOWER:L4:15,L3_TO_L4,COLLAR_BN,0,2,0,0,0,4,0,0
LOWER,LOWER:L3:22,LOWER:L4:16,L3_TO_L4,COLLAR_BN,0,0,0,2,0,0,0,4
LOWER,LOWER:L3:23,LOWER:L4:17,L3_TO_L4,COLLAR_BN,0,0,0,2,0,0,0,4
LOWER,LOWER:L3:24,LOWER:L4:17,L3_TO_L4,COLLAR_BN,0,0,0,0,0,2,0,0
LOWER,LOWER:L3:25,LOWER:L4:18,L3_TO_L4,COLLAR_BN,0,0,0,0,0,2,0,0
LOWER,LOWER:L3:26,LOWER:L4:19,L3_TO_L4,COLLAR_BN,0,0,0,2,0,0,0,6
LOWER,LOWER:L3:27,LOWER:L4:20,L3_TO_L4,COLLAR_BN,0,0,0,2,0,0,0,6
LOWER,LOWER:L3:28,LOWER:L4:20,L3_TO_L4,COLLAR_BN,0,0,0,0,0,0,0,2
LOWER,LOWER:L3:29,LOWER:L4:21,L3_TO_L4,COLLAR_BN,0,0,0,0,0,0,0,2
LOWER,LOWER:L3:3,LOWER:L4:2,L3_TO_L4,COLLAR_BN,0,0,0,0,0,2,0,6
LOWER,LOWER:L3:4,LOWER:L4:3,L3_TO_L4,COLLAR_BN,0,0,0,2,0,0,0,10
LOWER,LOWER:L3:5,LOWER:L4:4,L3_TO_L4,COLLAR_BN,0,0,0,2,0,0,0,10
LOWER,LOWER:L3:6,LOWER:L4:4,L3_TO_L4,COLLAR_BN,0,0,0,0,0,2,0,6
LOWER,LOWER:L3:7,LOWER:L4:5,L3_TO_L4,COLLAR_BN,0,0,0,0,0,2,0,6
LOWER,LOWER:L3:8,LOWER:L4:6,L3_TO_L4,COLLAR_BN,0,2,0,0,0,4,0,0
LOWER,LOWER:L3:9,LOWER:L4:6,L3_TO_L4,COLLAR_BN,0,2,0,0,0,4,0,0
LOWER,LOWER:L4:0,LOWER:L5:1,L4_TO_L5,COLLAR_BN,0,0,0,1,0,2,0,6
LOWER,LOWER:L4:0,LOWER:L5:19,L4_TO_L5,COLLAR_BN,0,0,0,1,0,2,0,2
LOWER,LOWER:L4:1,LOWER:L5:0,L4_TO_L5,COLLAR_BN,0,0,0,0,0,6,0,2
LOWER,LOWER:L4:10,LOWER:L5:10,L4_TO_L5,COLLAR_BN,0,1,0,2,0,0,0,4
LOWER,LOWER:L4:10,LOWER:L5:9,L4_TO_L5,COLLAR_BN,0,1,0,2,0,0,0,4
LOWER,LOWER:L4:11,LOWER:L5:10,L4_TO_L5,COLLAR_BN,0,1,0,2,0,0,0,4
LOWER,LOWER:L4:11,LOWER:L5:9,L4_TO_L5,COLLAR_BN,0,1,0,2,0,0,0,4
LOWER,LOWER:L4:12,LOWER:L5:11,L4_TO_L5,COLLAR_BN,0,0,0,0,0,0,0,0
LOWER,LOWER:L4:13,LOWER:L5:11,L4_TO_L5,COLLAR_BN,0,0,0,0,0,0,0,0
LOWER,LOWER:L4:13,LOWER:L5:12,L4_TO_L5,COLLAR_BN,0,0,0,0,0,4,0,0
LOWER,LOWER:L4:14,LOWER:L5:13,L4_TO_L5,COLLAR_BN,0,0,0,1,0,2,0,0
LOWER,LOWER:L4:14,LOWER:L5:14,L4_TO_L5,COLLAR_BN,0,0,0,1,0,2,0,0
LOWER,LOWER:L4:15,LOWER:L5:13,L4_TO_L5,COLLAR_BN,0,0,0,0,0,0,0,0
LOWER,LOWER:L4:16,LOWER:L5:14,L4_TO_L5,COLLAR_BN,0,0,0,0,0,0,0,0
LOWER,LOWER:L4:16,LOWER:L5:15,L4_TO_L5,COLLAR_BN,0,0,0,2,0,0,0,4
LOWER,LOWER:L4:17,LOWER:L5:15,L4_TO_L5,COLLAR_BN,0,0,0,2,0,2,0,4
LOWER,LOWER:L4:18,LOWER:L5:16,L4_TO_L5,COLLAR_BN,0,0,0,1,0,2,0,2
LOWER,LOWER:L4:18,LOWER:L5:17,L4_TO_L5,COLLAR_BN,0,0,0,1,0,0,0,2
LOWER,LOWER:L4:19,LOWER:L5:16,L4_TO_L5,COLLAR_BN,0,0,0,1,0,0,0,2
LOWER,LOWER:L4:19,LOWER:L5:18,L4_TO_L5,COLLAR_BN,0,0,0,3,0,0,0,4
LOWER,LOWER:L4:2,LOWER:L5:1,L4_TO_L5,COLLAR_BN,0,0,0,0,0,2,0,6
LOWER,LOWER:L4:2,LOWER:L5:2,L4_TO_L5,COLLAR_BN,0,0,0,0,0,0,0,0
LOWER,LOWER:L4:20,LOWER:L5:18,L4_TO_L5,COLLAR_BN,0,0,0,2,0,0,0,8
LOWER,LOWER:L4:21,LOWER:L5:0,L4_TO_L5,COLLAR_BN,0,0,0,1,0,2,0,2
LOWER,LOWER:L4:21,LOWER:L5:19,L4_TO_L5,COLLAR_BN,0,0,0,1,0,2,0,4
LOWER,LOWER:L4:3,LOWER:L5:3,L4_TO_L5,COLLAR_BN,0,0,0,3,0,2,0,4
LOWER,LOWER:L4:3,LOWER:L5:4,L4_TO_L5,COLLAR_BN,0,0,0,1,0,2,0,6
LOWER,LOWER:L4:4,LOWER:L5:3,L4_TO_L5,COLLAR_BN,0,0,0,2,0,2,0,8
LOWER,LOWER:L4:5,LOWER:L5:4,L4_TO_L5,COLLAR_BN,0,0,0,0,0,2,0,6
LOWER,LOWER:L4:5,LOWER:L5:5,L4_TO_L5,COLLAR_BN,0,0,0,0,0,0,0,0
LOWER,LOWER:L4:6,LOWER:L5:5,L4_TO_L5,COLLAR_BN,0,0,0,0,0,0,0,0
LOWER,LOWER:L4:7,LOWER:L5:6,L4_TO_L5,COLLAR_BN,0,0,0,3,0,0,0,4
LOWER,LOWER:L4:7,LOWER:L5:7,L4_TO_L5,COLLAR_BN,0,0,0,1,0,2,0,0
LOWER,LOWER:L4:8,LOWER:L5:6,L4_TO_L5,COLLAR_BN,0,0,0,3,0,0,0,4
LOWER,LOWER:L4:8,LOWER:L5:8,L4_TO_L5,COLLAR_BN,0,0,0,1,0,2,0,0
LOWER,LOWER:L4:9,LOWER:L5:8,L4_TO_L5,COLLAR_BN,0,0,0,0,0,0,0,0
LOWER,LOWER:L5:0,LOWER:L6:0,L5_TO_L6,COLLAR_BN,0,0,0,1,0,4,0,0
LOWER,LOWER:L5:1,LOWER:L6:0,L5_TO_L6,COLLAR_BN,0,0,0,1,0,4,0,0
LOWER,LOWER:L5:10,LOWER:L6:6,L5_TO_L6,COLLAR_BN,0,0,0,0,0,0,0,0
LOWER,LOWER:L5:11,LOWER:L6:6,L5_TO_L6,COLLAR_BN,0,0,0,0,0,0,0,0
LOWER,LOWER:L5:12,LOWER:L6:7,L5_TO_L6,COLLAR_BN,0,0,0,1,0,2,0,0
LOWER,LOWER:L5:12,LOWER:L6:8,L5_TO_L6,COLLAR_BN,0,0,0,1,0,2,0,0
LOWER,LOWER:L5:13,LOWER:L6:7,L5_TO_L6,COLLAR_BN,0,0,0,1,0,2,0,0
LOWER,LOWER:L5:14,LOWER:L6:8,L5_TO_L6,COLLAR_BN,0,0,0,1,0,2,0,0
LOWER,LOWER:L5:15,LOWER:L6:9,L5_TO_L6,COLLAR_BN,0,0,0,0,0,2,0,0
LOWER,LOWER:L5:16,LOWER:L6:9,L5_TO_L6,COLLAR_BN,0,0,0,0,0,2,0,0
LOWER,LOWER:L5:17,LOWER:L6:10,L5_TO_L6,COLLAR_BN,0,0,0,1,0,0,0,4
LOWER,LOWER:L5:17,LOWER:L6:11,L5_TO_L6,COLLAR_BN,0,0,0,0,0,0,0,2
LOWER,LOWER:L5:18,LOWER:L6:10,L5_TO_L6,COLLAR_BN,0,0,0,1,0,0,0,4
LOWER,LOWER:L5:19,LOWER:L6:11,L5_TO_L6,COLLAR_BN,0,0,0,0,0,0,0,2
LOWER,LOWER:L5:2,LOWER:L6:1,L5_TO_L6,COLLAR_BN,0,0,0,1,0,0,0,4
LOWER,LOWER:L5:2,LOWER:L6:2,L5_TO_L6,COLLAR_BN,0,0,0,1,0,0,0,4
LOWER,LOWER:L5:3,LOWER:L6:1,L5_TO_L6,COLLAR_BN,0,0,0,1,0,0,0,4
LOWER,LOWER:L5:4,LOWER:L6:2,L5_TO_L6,COLLAR_BN,0,0,0,1,0,0,0,4
LOWER,LOWER:L5:5,LOWER:L6:3,L5_TO_L6,COLLAR_BN,0,0,0,0,0,0,0,0
LOWER,LOWER:L5:6,LOWER:L6:3,L5_TO_L6,COLLAR_BN,0,0,0,0,0,0,0,0
LOWER,LOWER:L5:7,LOWER:L6:4,L5_TO_L6,COLLAR_BN,0,0,0,1,0,2,0,0
LOWER,LOWER:L5:7,LOWER:L6:5,L5_TO_L6,COLLAR_BN,0,0,0,0,0,0,0,0
LOWER,LOWER:L5:8,LOWER:L6:4,L5_TO_L6,COLLAR_BN,0,0,0,1,0,2,0,0
LOWER,LOWER:L5:9,LOWER:L6:5,L5_TO_L6,COLLAR_BN,0,0,0,0,0,0,0,0
UPPER,UPPER:L1:0,UPPER:L2:0,L1_TO_L2,COLLAR_BN,0,0,0,4,0,0,0,0
UPPER,UPPER:L1:0,UPPER:P:1641,PARENT_TO_L1,PARENT_TO_COLLAR,0,1,0,2,0,0,0,0
UPPER,UPPER:L1:0,UPPER:P:1643,PARENT_TO_L1,PARENT_TO_COLLAR,0,1,0,2,0,0,0,0
UPPER,UPPER:L1:1,UPPER:L2:1,L1_TO_L2,COLLAR_BN,0,0,0,4,0,0,0,0
UPPER,UPPER:L1:1,UPPER:P:1641,PARENT_TO_L1,PARENT_TO_COLLAR,0,1,0,2,0,0,0,0
UPPER,UPPER:L1:1,UPPER:P:1643,PARENT_TO_L1,PARENT_TO_COLLAR,0,1,0,2,0,0,0,0
UPPER,UPPER:L1:10,UPPER:L2:10,L1_TO_L2,COLLAR_BN,0,0,0,4,0,0,0,4
UPPER,UPPER:L1:10,UPPER:P:1661,PARENT_TO_L1,PARENT_TO_COLLAR,0,1,0,2,0,0,0,2
UPPER,UPPER:L1:10,UPPER:P:1663,PARENT_TO_L1,PARENT_TO_COLLAR,0,1,0,2,0,0,0,2
UPPER,UPPER:L1:11,UPPER:L2:11,L1_TO_L2,COLLAR_BN,0,0,0,4,0,0,0,4
UPPER,UPPER:L1:11,UPPER:P:1661,PARENT_TO_L1,PARENT_TO_COLLAR,0,1,0,2,0,0,0,2
UPPER,UPPER:L1:11,UPPER:P:1663,PARENT_TO_L1,PARENT_TO_COLLAR,0,1,0,2,0,0,0,2
UPPER,UPPER:L1:12,UPPER:L2:12,L1_TO_L2,COLLAR_BN,0,0,0,4,0,4,0,0
UPPER,UPPER:L1:12,UPPER:P:1665,PARENT_TO_L1,PARENT_TO_COLLAR,0,1,0,2,0,2,0,0
UPPER,UPPER:L1:12,UPPER:P:1667,PARENT_TO_L1,PARENT_TO_COLLAR,0,1,0,2,0,2,0,0
UPPER,UPPER:L1:13,UPPER:L2:13,L1_TO_L2,COLLAR_BN,0,0,0,4,0,4,0,0
UPPER,UPPER:L1:13,UPPER:P:1665,PARENT_TO_L1,PARENT_TO_COLLAR,0,1,0,2,0,2,0,0
UPPER,UPPER:L1:13,UPPER:P:1667,PARENT_TO_L1,PARENT_TO_COLLAR,0,1,0,2,0,2,0,0
UPPER,UPPER:L1:14,UPPER:L2:14,L1_TO_L2,COLLAR_BN,0,0,0,4,0,0,0,8
UPPER,UPPER:L1:14,UPPER:P:1669,PARENT_TO_L1,PARENT_TO_COLLAR,0,1,0,2,0,0,0,4
UPPER,UPPER:L1:14,UPPER:P:1671,PARENT_TO_L1,PARENT_TO_COLLAR,0,1,0,2,0,0,0,4
UPPER,UPPER:L1:15,UPPER:L2:15,L1_TO_L2,COLLAR_BN,0,0,0,4,0,0,0,8
UPPER,UPPER:L1:15,UPPER:P:1669,PARENT_TO_L1,PARENT_TO_COLLAR,0,1,0,2,0,0,0,4
UPPER,UPPER:L1:15,UPPER:P:1671,PARENT_TO_L1,PARENT_TO_COLLAR,0,1,0,2,0,0,0,4
UPPER,UPPER:L1:16,UPPER:L2:16,L1_TO_L2,COLLAR_BN,0,0,0,4,0,4,0,0
UPPER,UPPER:L1:16,UPPER:P:1673,PARENT_TO_L1,PARENT_TO_COLLAR,0,1,0,2,0,2,0,0
UPPER,UPPER:L1:16,UPPER:P:1675,PARENT_TO_L1,PARENT_TO_COLLAR,0,1,0,2,0,2,0,0
UPPER,UPPER:L1:17,UPPER:L2:17,L1_TO_L2,COLLAR_BN,0,0,0,4,0,4,0,0
UPPER,UPPER:L1:17,UPPER:P:1673,PARENT_TO_L1,PARENT_TO_COLLAR,0,1,0,2,0,2,0,0
UPPER,UPPER:L1:17,UPPER:P:1675,PARENT_TO_L1,PARENT_TO_COLLAR,0,1,0,2,0,2,0,0
UPPER,UPPER:L1:18,UPPER:L2:18,L1_TO_L2,COLLAR_BN,0,0,0,4,0,0,0,0
UPPER,UPPER:L1:18,UPPER:P:1677,PARENT_TO_L1,PARENT_TO_COLLAR,0,1,0,2,0,0,0,0
UPPER,UPPER:L1:18,UPPER:P:1679,PARENT_TO_L1,PARENT_TO_COLLAR,0,1,0,2,0,0,0,0
UPPER,UPPER:L1:19,UPPER:L2:19,L1_TO_L2,COLLAR_BN,0,0,0,4,0,0,0,0
UPPER,UPPER:L1:19,UPPER:P:1677,PARENT_TO_L1,PARENT_TO_COLLAR,0,1,0,2,0,0,0,0
UPPER,UPPER:L1:19,UPPER:P:1679,PARENT_TO_L1,PARENT_TO_COLLAR,0,1,0,2,0,0,0,0
UPPER,UPPER:L1:2,UPPER:L2:2,L1_TO_L2,COLLAR_BN,0,0,0,4,0,0,0,0
UPPER,UPPER:L1:2,UPPER:P:1645,PARENT_TO_L1,PARENT_TO_COLLAR,0,1,0,2,0,0,0,0
UPPER,UPPER:L1:2,UPPER:P:1647,PARENT_TO_L1,PARENT_TO_COLLAR,0,1,0,2,0,0,0,0
UPPER,UPPER:L1:20,UPPER:L2:20,L1_TO_L2,COLLAR_BN,0,0,0,4,0,4,0,0
UPPER,UPPER:L1:20,UPPER:P:1621,PARENT_TO_L1,PARENT_TO_COLLAR,0,1,0,2,0,2,0,0
UPPER,UPPER:L1:20,UPPER:P:1623,PARENT_TO_L1,PARENT_TO_COLLAR,0,1,0,2,0,2,0,0
UPPER,UPPER:L1:21,UPPER:L2:21,L1_TO_L2,COLLAR_BN,0,0,0,4,0,4,0,0
UPPER,UPPER:L1:21,UPPER:P:1621,PARENT_TO_L1,PARENT_TO_COLLAR,0,1,0,2,0,2,0,0
UPPER,UPPER:L1:21,UPPER:P:1623,PARENT_TO_L1,PARENT_TO_COLLAR,0,1,0,2,0,2,0,0
UPPER,UPPER:L1:22,UPPER:L2:22,L1_TO_L2,COLLAR_BN,0,0,0,4,0,0,0,4
UPPER,UPPER:L1:22,UPPER:P:1625,PARENT_TO_L1,PARENT_TO_COLLAR,0,1,0,2,0,0,0,2
UPPER,UPPER:L1:22,UPPER:P:1627,PARENT_TO_L1,PARENT_TO_COLLAR,0,1,0,2,0,0,0,2
UPPER,UPPER:L1:23,UPPER:L2:23,L1_TO_L2,COLLAR_BN,0,0,0,4,0,0,0,4
UPPER,UPPER:L1:23,UPPER:P:1625,PARENT_TO_L1,PARENT_TO_COLLAR,0,1,0,2,0,0,0,2
UPPER,UPPER:L1:23,UPPER:P:1627,PARENT_TO_L1,PARENT_TO_COLLAR,0,1,0,2,0,0,0,2
UPPER,UPPER:L1:24,UPPER:L2:24,L1_TO_L2,COLLAR_BN,0,0,0,4,0,0,0,0
UPPER,UPPER:L1:24,UPPER:P:1629,PARENT_TO_L1,PARENT_TO_COLLAR,0,1,0,2,0,0,0,0
UPPER,UPPER:L1:24,UPPER:P:1631,PARENT_TO_L1,PARENT_TO_COLLAR,0,1,0,2,0,0,0,0
UPPER,UPPER:L1:25,UPPER:L2:25,L1_TO_L2,COLLAR_BN,0,0,0,4,0,0,0,0
UPPER,UPPER:L1:25,UPPER:P:1629,PARENT_TO_L1,PARENT_TO_COLLAR,0,1,0,2,0,0,0,0
UPPER,UPPER:L1:25,UPPER:P:1631,PARENT_TO_L1,PARENT_TO_COLLAR,0,1,0,2,0,0,0,0
UPPER,UPPER:L1:26,UPPER:L2:26,L1_TO_L2,COLLAR_BN,0,0,0,4,0,0,0,4
UPPER,UPPER:L1:26,UPPER:P:1633,PARENT_TO_L1,PARENT_TO_COLLAR,0,1,0,2,0,0,0,2
UPPER,UPPER:L1:26,UPPER:P:1635,PARENT_TO_L1,PARENT_TO_COLLAR,0,1,0,2,0,0,0,2
UPPER,UPPER:L1:27,UPPER:L2:27,L1_TO_L2,COLLAR_BN,0,0,0,4,0,0,0,4
UPPER,UPPER:L1:27,UPPER:P:1633,PARENT_TO_L1,PARENT_TO_COLLAR,0,1,0,2,0,0,0,2
UPPER,UPPER:L1:27,UPPER:P:1635,PARENT_TO_L1,PARENT_TO_COLLAR,0,1,0,2,0,0,0,2
UPPER,UPPER:L1:28,UPPER:L2:28,L1_TO_L2,COLLAR_BN,0,0,0,4,0,0,0,0
UPPER,UPPER:L1:28,UPPER:P:1637,PARENT_TO_L1,PARENT_TO_COLLAR,0,1,0,2,0,0,0,0
UPPER,UPPER:L1:28,UPPER:P:1639,PARENT_TO_L1,PARENT_TO_COLLAR,0,1,0,2,0,0,0,0
UPPER,UPPER:L1:29,UPPER:L2:29,L1_TO_L2,COLLAR_BN,0,0,0,4,0,0,0,0
UPPER,UPPER:L1:29,UPPER:P:1637,PARENT_TO_L1,PARENT_TO_COLLAR,0,1,0,2,0,0,0,0
UPPER,UPPER:L1:29,UPPER:P:1639,PARENT_TO_L1,PARENT_TO_COLLAR,0,1,0,2,0,0,0,0
UPPER,UPPER:L1:3,UPPER:L2:3,L1_TO_L2,COLLAR_BN,0,0,0,4,0,0,0,0
UPPER,UPPER:L1:3,UPPER:P:1645,PARENT_TO_L1,PARENT_TO_COLLAR,0,1,0,2,0,0,0,0
UPPER,UPPER:L1:3,UPPER:P:1647,PARENT_TO_L1,PARENT_TO_COLLAR,0,1,0,2,0,0,0,0
UPPER,UPPER:L1:4,UPPER:L2:4,L1_TO_L2,COLLAR_BN,0,0,0,4,0,0,0,4
UPPER,UPPER:L1:4,UPPER:P:1649,PARENT_TO_L1,PARENT_TO_COLLAR,0,1,0,2,0,0,0,2
UPPER,UPPER:L1:4,UPPER:P:1651,PARENT_TO_L1,PARENT_TO_COLLAR,0,1,0,2,0,0,0,2
UPPER,UPPER:L1:5,UPPER:L2:5,L1_TO_L2,COLLAR_BN,0,0,0,4,0,0,0,4
UPPER,UPPER:L1:5,UPPER:P:1649,PARENT_TO_L1,PARENT_TO_COLLAR,0,1,0,2,0,0,0,2
UPPER,UPPER:L1:5,UPPER:P:1651,PARENT_TO_L1,PARENT_TO_COLLAR,0,1,0,2,0,0,0,2
UPPER,UPPER:L1:6,UPPER:L2:6,L1_TO_L2,COLLAR_BN,0,0,0,4,0,0,0,0
UPPER,UPPER:L1:6,UPPER:P:1653,PARENT_TO_L1,PARENT_TO_COLLAR,0,1,0,2,0,0,0,0
UPPER,UPPER:L1:6,UPPER:P:1655,PARENT_TO_L1,PARENT_TO_COLLAR,0,1,0,2,0,0,0,0
UPPER,UPPER:L1:7,UPPER:L2:7,L1_TO_L2,COLLAR_BN,0,0,0,4,0,0,0,0
UPPER,UPPER:L1:7,UPPER:P:1653,PARENT_TO_L1,PARENT_TO_COLLAR,0,1,0,2,0,0,0,0
UPPER,UPPER:L1:7,UPPER:P:1655,PARENT_TO_L1,PARENT_TO_COLLAR,0,1,0,2,0,0,0,0
UPPER,UPPER:L1:8,UPPER:L2:8,L1_TO_L2,COLLAR_BN,0,0,0,4,0,4,0,0
UPPER,UPPER:L1:8,UPPER:P:1657,PARENT_TO_L1,PARENT_TO_COLLAR,0,1,0,2,0,2,0,0
UPPER,UPPER:L1:8,UPPER:P:1659,PARENT_TO_L1,PARENT_TO_COLLAR,0,1,0,2,0,2,0,0
UPPER,UPPER:L1:9,UPPER:L2:9,L1_TO_L2,COLLAR_BN,0,0,0,4,0,4,0,0
UPPER,UPPER:L1:9,UPPER:P:1657,PARENT_TO_L1,PARENT_TO_COLLAR,0,1,0,2,0,2,0,0
UPPER,UPPER:L1:9,UPPER:P:1659,PARENT_TO_L1,PARENT_TO_COLLAR,0,1,0,2,0,2,0,0
UPPER,UPPER:L2:0,UPPER:L3:0,L2_TO_L3,COLLAR_BN,0,1,0,2,0,2,0,2
UPPER,UPPER:L2:0,UPPER:L3:1,L2_TO_L3,COLLAR_BN,0,1,0,2,0,2,0,2
UPPER,UPPER:L2:1,UPPER:L3:0,L2_TO_L3,COLLAR_BN,0,1,0,2,0,2,0,2
UPPER,UPPER:L2:1,UPPER:L3:1,L2_TO_L3,COLLAR_BN,0,1,0,2,0,2,0,2
UPPER,UPPER:L2:10,UPPER:L3:10,L2_TO_L3,COLLAR_BN,0,1,0,3,0,1,0,2
UPPER,UPPER:L2:10,UPPER:L3:11,L2_TO_L3,COLLAR_BN,0,1,0,3,0,1,0,2
UPPER,UPPER:L2:11,UPPER:L3:10,L2_TO_L3,COLLAR_BN,0,1,0,3,0,1,0,2
UPPER,UPPER:L2:11,UPPER:L3:11,L2_TO_L3,COLLAR_BN,0,1,0,3,0,1,0,2
UPPER,UPPER:L2:12,UPPER:L3:12,L2_TO_L3,COLLAR_BN,0,2,0,2,0,2,0,0
UPPER,UPPER:L2:12,UPPER:L3:13,L2_TO_L3,COLLAR_BN,0,2,0,2,0,2,0,0
UPPER,UPPER:L2:13,UPPER:L3:12,L2_TO_L3,COLLAR_BN,0,2,0,2,0,2,0,0
UPPER,UPPER:L2:13,UPPER:L3:13,L2_TO_L3,COLLAR_BN,0,2,0,2,0,2,0,0
UPPER,UPPER:L2:14,UPPER:L3:14,L2_TO_L3,COLLAR_BN,0,1,0,4,0,0,0,4
UPPER,UPPER:L2:14,UPPER:L3:15,L2_TO_L3,COLLAR_BN,0,1,0,4,0,0,0,4
UPPER,UPPER:L2:15,UPPER:L3:14,L2_TO_L3,COLLAR_BN,0,1,0,4,0,0,0,4
UPPER,UPPER:L2:15,UPPER:L3:15,L2_TO_L3,COLLAR_BN,0,1,0,4,0,0,0,4
UPPER,UPPER:L2:16,UPPER:L3:16,L2_TO_L3,COLLAR_BN,0,2,0,2,0,2,0,0
UPPER,UPPER:L2:16,UPPER:L3:17,L2_TO_L3,COLLAR_BN,0,2,0,2,0,2,0,0
UPPER,UPPER:L2:17,UPPER:L3:16,L2_TO_L3,COLLAR_BN,0,2,0,2,0,2,0,0
UPPER,UPPER:L2:17,UPPER:L3:17,L2_TO_L3,COLLAR_BN,0,2,0,2,0,2,0,0
UPPER,UPPER:L2:18,UPPER:L3:18,L2_TO_L3,COLLAR_BN,0,1,0,2,0,2,0,0
UPPER,UPPER:L2:18,UPPER:L3:19,L2_TO_L3,COLLAR_BN,0,1,0,2,0,2,0,0
UPPER,UPPER:L2:19,UPPER:L3:18,L2_TO_L3,COLLAR_BN,0,1,0,2,0,2,0,0
UPPER,UPPER:L2:19,UPPER:L3:19,L2_TO_L3,COLLAR_BN,0,1,0,2,0,2,0,0
UPPER,UPPER:L2:2,UPPER:L3:2,L2_TO_L3,COLLAR_BN,0,1,0,2,0,1,0,3
UPPER,UPPER:L2:2,UPPER:L3:3,L2_TO_L3,COLLAR_BN,0,1,0,2,0,1,0,3
UPPER,UPPER:L2:20,UPPER:L3:20,L2_TO_L3,COLLAR_BN,0,2,0,2,0,2,0,0
UPPER,UPPER:L2:20,UPPER:L3:21,L2_TO_L3,COLLAR_BN,0,2,0,2,0,2,0,0
UPPER,UPPER:L2:21,UPPER:L3:20,L2_TO_L3,COLLAR_BN,0,2,0,2,0,2,0,0
UPPER,UPPER:L2:21,UPPER:L3:21,L2_TO_L3,COLLAR_BN,0,2,0,2,0,2,0,0
UPPER,UPPER:L2:22,UPPER:L3:22,L2_TO_L3,COLLAR_BN,0,1,0,3,0,0,0,2
UPPER,UPPER:L2:22,UPPER:L3:23,L2_TO_L3,COLLAR_BN,0,1,0,3,0,0,0,2
UPPER,UPPER:L2:23,UPPER:L3:22,L2_TO_L3,COLLAR_BN,0,1,0,3,0,0,0,2
UPPER,UPPER:L2:23,UPPER:L3:23,L2_TO_L3,COLLAR_BN,0,1,0,3,0,0,0,2
UPPER,UPPER:L2:24,UPPER:L3:24,L2_TO_L3,COLLAR_BN,0,1,0,2,0,1,0,0
UPPER,UPPER:L2:24,UPPER:L3:25,L2_TO_L3,COLLAR_BN,0,1,0,2,0,1,0,0
UPPER,UPPER:L2:25,UPPER:L3:24,L2_TO_L3,COLLAR_BN,0,1,0,2,0,1,0,0
UPPER,UPPER:L2:25,UPPER:L3:25,L2_TO_L3,COLLAR_BN,0,1,0,2,0,1,0,0
UPPER,UPPER:L2:26,UPPER:L3:26,L2_TO_L3,COLLAR_BN,0,1,0,3,0,0,0,3
UPPER,UPPER:L2:26,UPPER:L3:27,L2_TO_L3,COLLAR_BN,0,1,0,3,0,0,0,3
UPPER,UPPER:L2:27,UPPER:L3:26,L2_TO_L3,COLLAR_BN,0,1,0,3,0,0,0,3
UPPER,UPPER:L2:27,UPPER:L3:27,L2_TO_L3,COLLAR_BN,0,1,0,3,0,0,0,3
UPPER,UPPER:L2:28,UPPER:L3:28,L2_TO_L3,COLLAR_BN,0,1,0,2,0,0,0,1
UPPER,UPPER:L2:28,UPPER:L3:29,L2_TO_L3,COLLAR_BN,0,1,0,2,0,0,0,1
UPPER,UPPER:L2:29,UPPER:L3:28,L2_TO_L3,COLLAR_BN,0,1,0,2,0,0,0,1
UPPER,UPPER:L2:29,UPPER:L3:29,L2_TO_L3,COLLAR_BN,0,1,0,2,0,0,0,1
UPPER,UPPER:L2:3,UPPER:L3:2,L2_TO_L3,COLLAR_BN,0,1,0,2,0,1,0,3
UPPER,UPPER:L2:3,UPPER:L3:3,L2_TO_L3,COLLAR_BN,0,1,0,2,0,1,0,3
UPPER,UPPER:L2:4,UPPER:L3:4,L2_TO_L3,COLLAR_BN,0,1,0,3,0,0,0,5
UPPER,UPPER:L2:4,UPPER:L3:5,L2_TO_L3,COLLAR_BN,0,1,0,3,0,0,0,5
UPPER,UPPER:L2:5,UPPER:L3:4,L2_TO_L3,COLLAR_BN,0,1,0,3,0,0,0,5
UPPER,UPPER:L2:5,UPPER:L3:5,L2_TO_L3,COLLAR_BN,0,1,0,3,0,0,0,5
UPPER,UPPER:L2:6,UPPER:L3:6,L2_TO_L3,COLLAR_BN,0,1,0,2,0,1,0,3
UPPER,UPPER:L2:6,UPPER:L3:7,L2_TO_L3,COLLAR_BN,0,1,0,2,0,1,0,3
UPPER,UPPER:L2:7,UPPER:L3:6,L2_TO_L3,COLLAR_BN,0,1,0,2,0,1,0,3
UPPER,UPPER:L2:7,UPPER:L3:7,L2_TO_L3,COLLAR_BN,0,1,0,2,0,1,0,3
UPPER,UPPER:L2:8,UPPER:L3:8,L2_TO_L3,COLLAR_BN,0,2,0,2,0,2,0,0
UPPER,UPPER:L2:8,UPPER:L3:9,L2_TO_L3,COLLAR_BN,0,2,0,2,0,2,0,0
UPPER,UPPER:L2:9,UPPER:L3:8,L2_TO_L3,COLLAR_BN,0,2,0,2,0,2,0,0
UPPER,UPPER:L2:9,UPPER:L3:9,L2_TO_L3,COLLAR_BN,0,2,0,2,0,2,0,0
UPPER,UPPER:L3:0,UPPER:L4:0,L3_TO_L4,COLLAR_BN,0,0,0,0,0,4,0,4
UPPER,UPPER:L3:1,UPPER:L4:1,L3_TO_L4,COLLAR_BN,0,0,0,0,0,4,0,4
UPPER,UPPER:L3:10,UPPER:L4:7,L3_TO_L4,COLLAR_BN,0,0,0,2,0,2,0,4
UPPER,UPPER:L3:11,UPPER:L4:8,L3_TO_L4,COLLAR_BN,0,0,0,2,0,2,0,4
UPPER,UPPER:L3:12,UPPER:L4:9,L3_TO_L4,COLLAR_BN,0,2,0,0,0,4,0,0
UPPER,UPPER:L3:13,UPPER:L4:9,L3_TO_L4,COLLAR_BN,0,2,0,0,0,4,0,0
UPPER,UPPER:L3:14,UPPER:L4:10,L3_TO_L4,COLLAR_BN,0,0,0,4,0,0,0,8
UPPER,UPPER:L3:15,UPPER:L4:11,L3_TO_L4,COLLAR_BN,0,0,0,4,0,0,0,8
UPPER,UPPER:L3:16,UPPER:L4:12,L3_TO_L4,COLLAR_BN,0,2,0,0,0,4,0,0
UPPER,UPPER:L3:17,UPPER:L4:12,L3_TO_L4,COLLAR_BN,0,2,0,0,0,4,0,0
UPPER,UPPER:L3:18,UPPER:L4:13,L3_TO_L4,COLLAR_BN,0,0,0,0,0,4,0,0
UPPER,UPPER:L3:19,UPPER:L4:14,L3_TO_L4,COLLAR_BN,0,0,0,0,0,4,0,0
UPPER,UPPER:L3:2,UPPER:L4:1,L3_TO_L4,COLLAR_BN,0,0,0,0,0,2,0,6
UPPER,UPPER:L3:20,UPPER:L4:15,L3_TO_L4,COLLAR_BN,0,2,0,0,0,4,0,0
UPPER,UPPER:L3:21,UPPER:L4:15,L3_TO_L4,COLLAR_BN,0,2,0,0,0,4,0,0
UPPER,UPPER:L3:22,UPPER:L4:16,L3_TO_L4,COLLAR_BN,0,0,0,2,0,0,0,4
UPPER,UPPER:L3:23,UPPER:L4:17,L3_TO_L4,COLLAR_BN,0,0,0,2,0,0,0,4
UPPER,UPPER:L3:24,UPPER:L4:17,L3_TO_L4,COLLAR_BN,0,0,0,0,0,2,0,0
UPPER,UPPER:L3:25,UPPER:L4:18,L3_TO_L4,COLLAR_BN,0,0,0,0,0,2,0,0
UPPER,UPPER:L3:26,UPPER:L4:19,L3_TO_L4,COLLAR_BN,0,0,0,2,0,0,0,6
UPPER,UPPER:L3:27,UPPER:L4:20,L3_TO_L4,COLLAR_BN,0,0,0,2,0,0,0,6
UPPER,UPPER:L3:28,UPPER:L4:20,L3_TO_L4,COLLAR_BN,0,0,0,0,0,0,0,2
UPPER,UPPER:L3:29,UPPER:L4:21,L3_TO_L4,COLLAR_BN,0,0,0,0,0,0,0,2
UPPER,UPPER:L3:3,UPPER:L4:2,L3_TO_L4,COLLAR_BN,0,0,0,0,0,2,0,6
UPPER,UPPER:L3:4,UPPER:L4:3,L3_TO_L4,COLLAR_BN,0,0,0,2,0,0,0,10
UPPER,UPPER:L3:5,UPPER:L4:4,L3_TO_L4,COLLAR_BN,0,0,0,2,0,0,0,10
UPPER,UPPER:L3:6,UPPER:L4:4,L3_TO_L4,COLLAR_BN,0,0,0,0,0,2,0,6
UPPER,UPPER:L3:7,UPPER:L4:5,L3_TO_L4,COLLAR_BN,0,0,0,0,0,2,0,6
UPPER,UPPER:L3:8,UPPER:L4:6,L3_TO_L4,COLLAR_BN,0,2,0,0,0,4,0,0
UPPER,UPPER:L3:9,UPPER:L4:6,L3_TO_L4,COLLAR_BN,0,2,0,0,0,4,0,0
UPPER,UPPER:L4:0,UPPER:L5:1,L4_TO_L5,COLLAR_BN,0,0,0,1,0,2,0,6
UPPER,UPPER:L4:0,UPPER:L5:19,L4_TO_L5,COLLAR_BN,0,0,0,1,0,2,0,2
UPPER,UPPER:L4:1,UPPER:L5:0,L4_TO_L5,COLLAR_BN,0,0,0,0,0,6,0,2
UPPER,UPPER:L4:10,UPPER:L5:10,L4_TO_L5,COLLAR_BN,0,1,0,2,0,0,0,4
UPPER,UPPER:L4:10,UPPER:L5:9,L4_TO_L5,COLLAR_BN,0,1,0,2,0,0,0,4
UPPER,UPPER:L4:11,UPPER:L5:10,L4_TO_L5,COLLAR_BN,0,1,0,2,0,0,0,4
UPPER,UPPER:L4:11,UPPER:L5:9,L4_TO_L5,COLLAR_BN,0,1,0,2,0,0,0,4
UPPER,UPPER:L4:12,UPPER:L5:11,L4_TO_L5,COLLAR_BN,0,0,0,0,0,0,0,0
UPPER,UPPER:L4:13,UPPER:L5:11,L4_TO_L5,COLLAR_BN,0,0,0,0,0,0,0,0
UPPER,UPPER:L4:13,UPPER:L5:12,L4_TO_L5,COLLAR_BN,0,0,0,0,0,4,0,0
UPPER,UPPER:L4:14,UPPER:L5:13,L4_TO_L5,COLLAR_BN,0,0,0,1,0,2,0,0
UPPER,UPPER:L4:14,UPPER:L5:14,L4_TO_L5,COLLAR_BN,0,0,0,1,0,2,0,0
UPPER,UPPER:L4:15,UPPER:L5:13,L4_TO_L5,COLLAR_BN,0,0,0,0,0,0,0,0
UPPER,UPPER:L4:16,UPPER:L5:14,L4_TO_L5,COLLAR_BN,0,0,0,0,0,0,0,0
UPPER,UPPER:L4:16,UPPER:L5:15,L4_TO_L5,COLLAR_BN,0,0,0,2,0,0,0,4
UPPER,UPPER:L4:17,UPPER:L5:15,L4_TO_L5,COLLAR_BN,0,0,0,2,0,2,0,4
UPPER,UPPER:L4:18,UPPER:L5:16,L4_TO_L5,COLLAR_BN,0,0,0,1,0,2,0,2
UPPER,UPPER:L4:18,UPPER:L5:17,L4_TO_L5,COLLAR_BN,0,0,0,1,0,0,0,2
UPPER,UPPER:L4:19,UPPER:L5:16,L4_TO_L5,COLLAR_BN,0,0,0,1,0,0,0,2
UPPER,UPPER:L4:19,UPPER:L5:18,L4_TO_L5,COLLAR_BN,0,0,0,3,0,0,0,4
UPPER,UPPER:L4:2,UPPER:L5:1,L4_TO_L5,COLLAR_BN,0,0,0,0,0,2,0,6
UPPER,UPPER:L4:2,UPPER:L5:2,L4_TO_L5,COLLAR_BN,0,0,0,0,0,0,0,0
UPPER,UPPER:L4:20,UPPER:L5:18,L4_TO_L5,COLLAR_BN,0,0,0,2,0,0,0,8
UPPER,UPPER:L4:21,UPPER:L5:0,L4_TO_L5,COLLAR_BN,0,0,0,1,0,2,0,2
UPPER,UPPER:L4:21,UPPER:L5:19,L4_TO_L5,COLLAR_BN,0,0,0,1,0,2,0,4
UPPER,UPPER:L4:3,UPPER:L5:3,L4_TO_L5,COLLAR_BN,0,0,0,3,0,2,0,4
UPPER,UPPER:L4:3,UPPER:L5:4,L4_TO_L5,COLLAR_BN,0,0,0,1,0,2,0,6
UPPER,UPPER:L4:4,UPPER:L5:3,L4_TO_L5,COLLAR_BN,0,0,0,2,0,2,0,8
UPPER,UPPER:L4:5,UPPER:L5:4,L4_TO_L5,COLLAR_BN,0,0,0,0,0,2,0,6
UPPER,UPPER:L4:5,UPPER:L5:5,L4_TO_L5,COLLAR_BN,0,0,0,0,0,0,0,0
UPPER,UPPER:L4:6,UPPER:L5:5,L4_TO_L5,COLLAR_BN,0,0,0,0,0,0,0,0
UPPER,UPPER:L4:7,UPPER:L5:6,L4_TO_L5,COLLAR_BN,0,0,0,3,0,0,0,4
UPPER,UPPER:L4:7,UPPER:L5:7,L4_TO_L5,COLLAR_BN,0,0,0,1,0,2,0,0
UPPER,UPPER:L4:8,UPPER:L5:6,L4_TO_L5,COLLAR_BN,0,0,0,3,0,0,0,4
UPPER,UPPER:L4:8,UPPER:L5:8,L4_TO_L5,COLLAR_BN,0,0,0,1,0,2,0,0
UPPER,UPPER:L4:9,UPPER:L5:8,L4_TO_L5,COLLAR_BN,0,0,0,0,0,0,0,0
UPPER,UPPER:L5:0,UPPER:L6:0,L5_TO_L6,COLLAR_BN,0,0,0,1,0,4,0,0
UPPER,UPPER:L5:1,UPPER:L6:0,L5_TO_L6,COLLAR_BN,0,0,0,1,0,4,0,0
UPPER,UPPER:L5:10,UPPER:L6:6,L5_TO_L6,COLLAR_BN,0,0,0,0,0,0,0,0
UPPER,UPPER:L5:11,UPPER:L6:6,L5_TO_L6,COLLAR_BN,0,0,0,0,0,0,0,0
UPPER,UPPER:L5:12,UPPER:L6:7,L5_TO_L6,COLLAR_BN,0,0,0,1,0,2,0,0
UPPER,UPPER:L5:12,UPPER:L6:8,L5_TO_L6,COLLAR_BN,0,0,0,1,0,2,0,0
UPPER,UPPER:L5:13,UPPER:L6:7,L5_TO_L6,COLLAR_BN,0,0,0,1,0,2,0,0
UPPER,UPPER:L5:14,UPPER:L6:8,L5_TO_L6,COLLAR_BN,0,0,0,1,0,2,0,0
UPPER,UPPER:L5:15,UPPER:L6:9,L5_TO_L6,COLLAR_BN,0,0,0,0,0,2,0,0
UPPER,UPPER:L5:16,UPPER:L6:9,L5_TO_L6,COLLAR_BN,0,0,0,0,0,2,0,0
UPPER,UPPER:L5:17,UPPER:L6:10,L5_TO_L6,COLLAR_BN,0,0,0,1,0,0,0,4
UPPER,UPPER:L5:17,UPPER:L6:11,L5_TO_L6,COLLAR_BN,0,0,0,0,0,0,0,2
UPPER,UPPER:L5:18,UPPER:L6:10,L5_TO_L6,COLLAR_BN,0,0,0,1,0,0,0,4
UPPER,UPPER:L5:19,UPPER:L6:11,L5_TO_L6,COLLAR_BN,0,0,0,0,0,0,0,2
UPPER,UPPER:L5:2,UPPER:L6:1,L5_TO_L6,COLLAR_BN,0,0,0,1,0,0,0,4
UPPER,UPPER:L5:2,UPPER:L6:2,L5_TO_L6,COLLAR_BN,0,0,0,1,0,0,0,4
UPPER,UPPER:L5:3,UPPER:L6:1,L5_TO_L6,COLLAR_BN,0,0,0,1,0,0,0,4
UPPER,UPPER:L5:4,UPPER:L6:2,L5_TO_L6,COLLAR_BN,0,0,0,1,0,0,0,4
UPPER,UPPER:L5:5,UPPER:L6:3,L5_TO_L6,COLLAR_BN,0,0,0,0,0,0,0,0
UPPER,UPPER:L5:6,UPPER:L6:3,L5_TO_L6,COLLAR_BN,0,0,0,0,0,0,0,0
UPPER,UPPER:L5:7,UPPER:L6:4,L5_TO_L6,COLLAR_BN,0,0,0,1,0,2,0,0
UPPER,UPPER:L5:7,UPPER:L6:5,L5_TO_L6,COLLAR_BN,0,0,0,0,0,0,0,0
UPPER,UPPER:L5:8,UPPER:L6:4,L5_TO_L6,COLLAR_BN,0,0,0,1,0,2,0,0
UPPER,UPPER:L5:9,UPPER:L6:5,L5_TO_L6,COLLAR_BN,0,0,0,0,0,0,0,0
