center_node,center_element,center_node_type,end,angle_index,neighbor_1,neighbor_2,angle_deg,deviation_from_120_deg
A:LOWER:-10:-6,N,ANNULUS_OUTER_BOUNDARY,LOWER,1,A:LOWER:-11:-5,A:LOWER:-8:-6,120.00000000000021,2.1316282072803006e-13
A:LOWER:-10:-6,N,ANNULUS_OUTER_BOUNDARY,LOWER,2,A:LOWER:-11:-5,H:LOWER:OUTER:24,106.10211375198601,-13.89788624801399
A:LOWER:-10:-6,N,ANNULUS_OUTER_BOUNDARY,LOWER,3,A:LOWER:-8:-6,H:LOWER:OUTER:24,133.89788624801378,13.897886248013776
A:LOWER:-10:6,N,ANNULUS_OUTER_BOUNDARY,LOWER,1,A:LOWER:-11:5,A:LOWER:-8:6,119.99999999999979,-2.1316282072803006e-13
A:LOWER:-10:6,N,ANNULUS_OUTER_BOUNDARY,LOWER,2,A:LOWER:-11:5,H:LOWER:OUTER:21,106.10211375198621,-13.89788624801379
A:LOWER:-10:6,N,ANNULUS_OUTER_BOUNDARY,LOWER,3,A:LOWER:-8:6,H:LOWER:OUTER:21,133.897886248014,13.897886248014004
A:LOWER:-13:-5,N,ANNULUS_OUTER_BOUNDARY,LOWER,1,A:LOWER:-11:-5,A:LOWER:-14:-4,120.00000000000004,4.263256414560601e-14
A:LOWER:-13:-5,N,ANNULUS_OUTER_BOUNDARY,LOWER,2,A:LOWER:-11:-5,H:LOWER:OUTER:23,146.32950349168513,26.32950349168513
A:LOWER:-13:-5,N,ANNULUS_OUTER_BOUNDARY,LOWER,3,A:LOWER:-14:-4,H:LOWER:OUTER:23,93.67049650831486,-26.329503491685145
A:LOWER:-13:5,N,ANNULUS_OUTER_BOUNDARY,LOWER,1,A:LOWER:-11:5,A:LOWER:-14:4,119.99999999999972,-2.8421709430404007e-13
A:LOWER:-13:5,N,ANNULUS_OUTER_BOUNDARY,LOWER,2,A:LOWER:-11:5,H:LOWER:OUTER:22,146.32950349168487,26.329503491684875
A:LOWER:-13:5,N,ANNULUS_OUTER_BOUNDARY,LOWER,3,A:LOWER:-14:4,H:LOWER:OUTER:22,93.67049650831542,-26.329503491684576
A:LOWER:-14:-2,B,ANNULUS_OUTER_BOUNDARY,LOWER,1,A:LOWER:-13:-1,A:LOWER:-13:-3,120.00000000000011,1.1368683772161603e-13
A:LOWER:-14:-2,B,ANNULUS_OUTER_BOUNDARY,LOWER,2,A:LOWER:-13:-1,S:1690,167.68054099833532,47.68054099833532
A:LOWER:-14:-2,B,ANNULUS_OUTER_BOUNDARY,LOWER,3,A:LOWER:-13:-3,S:1690,47.68139822124682,-72.31860177875318
A:LOWER:-14:-4,B,ANNULUS_OUTER_BOUNDARY,LOWER,1,A:LOWER:-13:-3,A:LOWER:-13:-5,119.99999999999991,-8.526512829121202e-14
A:LOWER:-14:-4,B,ANNULUS_OUTER_BOUNDARY,LOWER,2,A:LOWER:-13:-3,S:1692,120.5813633350008,0.5813633350008018
A:LOWER:-14:-4,B,ANNULUS_OUTER_BOUNDARY,LOWER,3,A:LOWER:-13:-5,S:1692,0.5813898334578185,-119.41861016654218
A:LOWER:-14:0,B,ANNULUS_OUTER_BOUNDARY,LOWER,1,A:LOWER:-13:-1,A:LOWER:-13:1,120.00000000000065,6.536993168992922e-13
A:LOWER:-14:0,B,ANNULUS_OUTER_BOUNDARY,LOWER,2,A:LOWER:-13:-1,S:1688,119.96114907823069,-0.03885092176930982
A:LOWER:-14:0,B,ANNULUS_OUTER_BOUNDARY,LOWER,3,A:LOWER:-13:1,S:1688,120.03866391432688,0.038663914326875215
A:LOWER:-14:2,B,ANNULUS_OUTER_BOUNDARY,LOWER,1,A:LOWER:-13:1,A:LOWER:-13:3,120.00000000000004,4.263256414560601e-14
A:LOWER:-14:2,B,ANNULUS_OUTER_BOUNDARY,LOWER,2,A:LOWER:-13:1,S:1686,167.5993733318667,47.5993733318667
A:LOWER:-14:2,B,ANNULUS_OUTER_BOUNDARY,LOWER,3,A:LOWER:-13:3,S:1686,47.59952926700762,-72.40047073299237
A:LOWER:-14:4,B,ANNULUS_OUTER_BOUNDARY,LOWER,1,A:LOWER:-13:3,A:LOWER:-13:5,120.0000000000003,2.984279490192421e-13
A:LOWER:-14:4,B,ANNULUS_OUTER_BOUNDARY,LOWER,2,A:LOWER:-13:3,S:1684,120.53561730502189,0.5356173050218871
A:LOWER:-14:4,B,ANNULUS_OUTER_BOUNDARY,LOWER,3,A:LOWER:-13:5,S:1684,0.551265041822176,-119.44873495817782
A:LOWER:-1:-9,N,ANNULUS_OUTER_BOUNDARY,LOWER,1,A:LOWER:-2:-8,A:LOWER:1:-9,120.00000000000011,1.1368683772161603e-13
A:LOWER:-1:-9,N,ANNULUS_OUTER_BOUNDARY,LOWER,2,A:LOWER:-2:-8,H:LOWER:OUTER:27,146.32950349168485,26.329503491684846
A:LOWER:-1:-9,N,ANNULUS_OUTER_BOUNDARY,LOWER,3,A:LOWER:1:-9,H:LOWER:OUTER:27,93.67049650831504,-26.32950349168496
A:LOWER:-1:9,N,ANNULUS_OUTER_BOUNDARY,LOWER,1,A:LOWER:-2:8,A:LOWER:1:9,119.99999999999966,-3.410605131648481e-13
A:LOWER:-1:9,N,ANNULUS_OUTER_BOUNDARY,LOWER,2,A:LOWER:-2:8,H:LOWER:OUTER:18,146.32950349168522,26.329503491685216
A:LOWER:-1:9,N,ANNULUS_OUTER_BOUNDARY,LOWER,3,A:LOWER:1:9,H:LOWER:OUTER:18,93.67049650831513,-26.329503491684875
A:LOWER:-4:-8,N,ANNULUS_OUTER_BOUNDARY,LOWER,1,A:LOWER:-2:-8,A:LOWER:-5:-7,120.00000000000045,4.547473508864641e-13
A:LOWER:-4:-8,N,ANNULUS_OUTER_BOUNDARY,LOWER,2,A:LOWER:-2:-8,H:LOWER:OUTER:26,106.10211375198587,-13.897886248014132
A:LOWER:-4:-8,N,ANNULUS_OUTER_BOUNDARY,LOWER,3,A:LOWER:-5:-7,H:LOWER:OUTER:26,133.89788624801372,13.89788624801372
A:LOWER:-4:8,N,ANNULUS_OUTER_BOUNDARY,LOWER,1,A:LOWER:-2:8,A:LOWER:-5:7,119.99999999999986,-1.4210854715202004e-13
A:LOWER:-4:8,N,ANNULUS_OUTER_BOUNDARY,LOWER,2,A:LOWER:-2:8,H:LOWER:OUTER:19,106.10211375198631,-13.897886248013691
A:LOWER:-4:8,N,ANNULUS_OUTER_BOUNDARY,LOWER,3,A:LOWER:-5:7,H:LOWER:OUTER:19,133.8978862480139,13.89788624801389
A:LOWER:-7:-7,N,ANNULUS_OUTER_BOUNDARY,LOWER,1,A:LOWER:-5:-7,A:LOWER:-8:-6,120.00000000000017,1.7053025658242404e-13
A:LOWER:-7:-7,N,ANNULUS_OUTER_BOUNDARY,LOWER,2,A:LOWER:-5:-7,H:LOWER:OUTER:25,119.99999999999982,-1.8474111129762605e-13
A:LOWER:-7:-7,N,ANNULUS_OUTER_BOUNDARY,LOWER,3,A:LOWER:-8:-6,H:LOWER:OUTER:25,120.00000000000001,1.4210854715202004e-14
A:LOWER:-7:7,N,ANNULUS_OUTER_BOUNDARY,LOWER,1,A:LOWER:-5:7,A:LOWER:-8:6,119.99999999999999,-1.4210854715202004e-14
A:LOWER:-7:7,N,ANNULUS_OUTER_BOUNDARY,LOWER,2,A:LOWER:-5:7,H:LOWER:OUTER:20,119.99999999999991,-8.526512829121202e-14
A:LOWER:-7:7,N,ANNULUS_OUTER_BOUNDARY,LOWER,3,A:LOWER:-8:6,H:LOWER:OUTER:20,120.00000000000011,1.1368683772161603e-13
A:LOWER:10:-6,B,ANNULUS_OUTER_BOUNDARY,LOWER,1,A:LOWER:11:-5,A:LOWER:8:-6,119.99999999999976,-2.4158453015843406e-13
A:LOWER:10:-6,B,ANNULUS_OUTER_BOUNDARY,LOWER,2,A:LOWER:11:-5,S:1700,47.74581924150867,-72.25418075849133
A:LOWER:10:-6,B,ANNULUS_OUTER_BOUNDARY,LOWER,3,A:LOWER:8:-6,S:1700,167.74575397039382,47.74575397039382
A:LOWER:10:6,B,ANNULUS_OUTER_BOUNDARY,LOWER,1,A:LOWER:11:5,A:LOWER:8:6,119.99999999999999,-1.4210854715202004e-14
A:LOWER:10:6,B,ANNULUS_OUTER_BOUNDARY,LOWER,2,A:LOWER:11:5,S:1706,47.70246467781411,-72.2975353221859
A:LOWER:10:6,B,ANNULUS_OUTER_BOUNDARY,LOWER,3,A:LOWER:8:6,S:1706,167.7024646417358,47.70246464173579
A:LOWER:13:-5,B,ANNULUS_OUTER_BOUNDARY,LOWER,1,A:LOWER:11:-5,A:LOWER:14:-4,119.99999999999972,-2.8421709430404007e-13
A:LOWER:13:-5,B,ANNULUS_OUTER_BOUNDARY,LOWER,2,A:LOWER:11:-5,S:1702,120.5856409886012,0.5856409886011988
A:LOWER:13:-5,B,ANNULUS_OUTER_BOUNDARY,LOWER,3,A:LOWER:14:-4,S:1702,0.5865105105994431,-119.41348948940056
A:LOWER:13:5,B,ANNULUS_OUTER_BOUNDARY,LOWER,1,A:LOWER:11:5,A:LOWER:14:4,120.00000000000001,1.4210854715202004e-14
A:LOWER:13:5,B,ANNULUS_OUTER_BOUNDARY,LOWER,2,A:LOWER:11:5,S:1704,120.55880791309279,0.5588079130927923
A:LOWER:13:5,B,ANNULUS_OUTER_BOUNDARY,LOWER,3,A:LOWER:14:4,S:1704,0.5636547414308131,-119.43634525856919
A:LOWER:14:-2,N,ANNULUS_OUTER_BOUNDARY,LOWER,1,A:LOWER:13:-1,A:LOWER:13:-3,120.00000000000027,2.7000623958883807e-13
A:LOWER:14:-2,N,ANNULUS_OUTER_BOUNDARY,LOWER,2,A:LOWER:13:-1,H:LOWER:OUTER:29,133.8978862480137,13.897886248013691
A:LOWER:14:-2,N,ANNULUS_OUTER_BOUNDARY,LOWER,3,A:LOWER:13:-3,H:LOWER:OUTER:29,106.10211375198604,-13.897886248013961
A:LOWER:14:-4,N,ANNULUS_OUTER_BOUNDARY,LOWER,1,A:LOWER:13:-3,A:LOWER:13:-5,120.00000000000014,1.4210854715202004e-13
A:LOWER:14:-4,N,ANNULUS_OUTER_BOUNDARY,LOWER,2,A:LOWER:13:-3,H:LOWER:OUTER:28,146.32950349168496,26.32950349168496
A:LOWER:14:-4,N,ANNULUS_OUTER_BOUNDARY,LOWER,3,A:LOWER:13:-5,H:LOWER:OUTER:28,93.6704965083149,-26.329503491685102
A:LOWER:14:0,N,ANNULUS_OUTER_BOUNDARY,LOWER,1,A:LOWER:13:-1,A:LOWER:13:1,120.0000000000004,3.979039320256561e-13
A:LOWER:14:0,N,ANNULUS_OUTER_BOUNDARY,LOWER,2,A:LOWER:13:-1,H:LOWER:OUTER:15,119.99999999999979,-2.1316282072803006e-13
A:LOWER:14:0,N,ANNULUS_OUTER_BOUNDARY,LOWER,3,A:LOWER:13:1,H:LOWER:OUTER:15,119.99999999999984,-1.5631940186722204e-13
A:LOWER:14:2,N,ANNULUS_OUTER_BOUNDARY,LOWER,1,A:LOWER:13:1,A:LOWER:13:3,120.00000000000011,1.1368683772161603e-13
A:LOWER:14:2,N,ANNULUS_OUTER_BOUNDARY,LOWER,2,A:LOWER:13:1,H:LOWER:OUTER:16,133.89788624801398,13.897886248013975
A:LOWER:14:2,N,ANNULUS_OUTER_BOUNDARY,LOWER,3,A:LOWER:13:3,H:LOWER:OUTER:16,106.10211375198593,-13.897886248014075
A:LOWER:14:4,N,ANNULUS_OUTER_BOUNDARY,LOWER,1,A:LOWER:13:3,A:LOWER:13:5,120.00000000000017,1.7053025658242404e-13
A:LOWER:14:4,N,ANNULUS_OUTER_BOUNDARY,LOWER,2,A:LOWER:13:3,H:LOWER:OUTER:17,146.32950349168476,26.32950349168476
A:LOWER:14:4,N,ANNULUS_OUTER_BOUNDARY,LOWER,3,A:LOWER:13:5,H:LOWER:OUTER:17,93.67049650831507,-26.32950349168493
A:LOWER:1:-9,B,ANNULUS_OUTER_BOUNDARY,LOWER,1,A:LOWER:-1:-9,A:LOWER:2:-8,119.99999999999962,-3.836930773104541e-13
A:LOWER:1:-9,B,ANNULUS_OUTER_BOUNDARY,LOWER,2,A:LOWER:-1:-9,S:1694,0.5573890061578346,-119.44261099384217
A:LOWER:1:-9,B,ANNULUS_OUTER_BOUNDARY,LOWER,3,A:LOWER:2:-8,S:1694,120.55591770242864,0.5559177024286441
A:LOWER:1:9,B,ANNULUS_OUTER_BOUNDARY,LOWER,1,A:LOWER:-1:9,A:LOWER:2:8,120.00000000000017,1.7053025658242404e-13
A:LOWER:1:9,B,ANNULUS_OUTER_BOUNDARY,LOWER,2,A:LOWER:-1:9,S:1682,0.5634724793175628,-119.43652752068243
A:LOWER:1:9,B,ANNULUS_OUTER_BOUNDARY,LOWER,3,A:LOWER:2:8,S:1682,120.56347227154153,0.5634722715415279
A:LOWER:4:-8,B,ANNULUS_OUTER_BOUNDARY,LOWER,1,A:LOWER:2:-8,A:LOWER:5:-7,120.00000000000024,2.4158453015843406e-13
A:LOWER:4:-8,B,ANNULUS_OUTER_BOUNDARY,LOWER,2,A:LOWER:2:-8,S:1696,47.66423787663376,-72.33576212336624
A:LOWER:4:-8,B,ANNULUS_OUTER_BOUNDARY,LOWER,3,A:LOWER:5:-7,S:1696,167.6642331601929,47.66423316019291
A:LOWER:4:8,B,ANNULUS_OUTER_BOUNDARY,LOWER,1,A:LOWER:2:8,A:LOWER:5:7,120.00000000000007,7.105427357601002e-14
A:LOWER:4:8,B,ANNULUS_OUTER_BOUNDARY,LOWER,2,A:LOWER:2:8,S:1680,47.64083374238975,-72.35916625761024
A:LOWER:4:8,B,ANNULUS_OUTER_BOUNDARY,LOWER,3,A:LOWER:5:7,S:1680,167.64077033768456,47.64077033768456
A:LOWER:7:-7,B,ANNULUS_OUTER_BOUNDARY,LOWER,1,A:LOWER:5:-7,A:LOWER:8:-6,120.00000000000024,2.4158453015843406e-13
A:LOWER:7:-7,B,ANNULUS_OUTER_BOUNDARY,LOWER,2,A:LOWER:5:-7,S:1698,120.08552096943096,0.08552096943095933
A:LOWER:7:-7,B,ANNULUS_OUTER_BOUNDARY,LOWER,3,A:LOWER:8:-6,S:1698,119.91447903048345,-0.0855209695165513
A:LOWER:7:7,B,ANNULUS_OUTER_BOUNDARY,LOWER,1,A:LOWER:5:7,A:LOWER:8:6,119.99999999999989,-1.1368683772161603e-13
A:LOWER:7:7,B,ANNULUS_OUTER_BOUNDARY,LOWER,2,A:LOWER:5:7,S:1708,119.98354663444127,-0.016453365558732003
A:LOWER:7:7,B,ANNULUS_OUTER_BOUNDARY,LOWER,3,A:LOWER:8:6,S:1708,120.01642777091145,0.016427770911448647
A:UPPER:-10:-6,B,ANNULUS_OUTER_BOUNDARY,UPPER,1,A:UPPER:-11:-5,A:UPPER:-8:-6,120.00000000000027,2.7000623958883807e-13
A:UPPER:-10:-6,B,ANNULUS_OUTER_BOUNDARY,UPPER,2,A:UPPER:-11:-5,H:UPPER:OUTER:24,106.1021137519857,-13.897886248014302
A:UPPER:-10:-6,B,ANNULUS_OUTER_BOUNDARY,UPPER,3,A:UPPER:-8:-6,H:UPPER:OUTER:24,133.89788624801403,13.897886248014032
A:UPPER:-10:6,B,ANNULUS_OUTER_BOUNDARY,UPPER,1,A:UPPER:-11:5,A:UPPER:-8:6,120.00000000000014,1.4210854715202004e-13
A:UPPER:-10:6,B,ANNULUS_OUTER_BOUNDARY,UPPER,2,A:UPPER:-11:5,H:UPPER:OUTER:21,106.1021137519858,-13.897886248014203
A:UPPER:-10:6,B,ANNULUS_OUTER_BOUNDARY,UPPER,3,A:UPPER:-8:6,H:UPPER:OUTER:21,133.89788624801406,13.89788624801406
A:UPPER:-13:-5,B,ANNULUS_OUTER_BOUNDARY,UPPER,1,A:UPPER:-11:-5,A:UPPER:-14:-4,119.99999999999991,-8.526512829121202e-14
A:UPPER:-13:-5,B,ANNULUS_OUTER_BOUNDARY,UPPER,2,A:UPPER:-11:-5,H:UPPER:OUTER:23,146.32950349168493,26.32950349168493
A:UPPER:-13:-5,B,ANNULUS_OUTER_BOUNDARY,UPPER,3,A:UPPER:-14:-4,H:UPPER:OUTER:23,93.67049650831515,-26.329503491684846
A:UPPER:-13:5,B,ANNULUS_OUTER_BOUNDARY,UPPER,1,A:UPPER:-11:5,A:UPPER:-14:4,120.00000000000014,1.4210854715202004e-13
A:UPPER:-13:5,B,ANNULUS_OUTER_BOUNDARY,UPPER,2,A:UPPER:-11:5,H:UPPER:OUTER:22,146.329503491685,26.32950349168499
A:UPPER:-13:5,B,ANNULUS_OUTER_BOUNDARY,UPPER,3,A:UPPER:-14:4,H:UPPER:OUTER:22,93.67049650831486,-26.329503491685145
A:UPPER:-14:-2,N,ANNULUS_OUTER_BOUNDARY,UPPER,1,A:UPPER:-13:-1,A:UPPER:-13:-3,119.99999999999959,-4.121147867408581e-13
A:UPPER:-14:-2,N,ANNULUS_OUTER_BOUNDARY,UPPER,2,A:UPPER:-13:-1,S:1720,167.61893834917296,47.618938349172964
A:UPPER:-14:-2,N,ANNULUS_OUTER_BOUNDARY,UPPER,3,A:UPPER:-13:-3,S:1720,47.619731677590046,-72.38026832240996
A:UPPER:-14:-4,N,ANNULUS_OUTER_BOUNDARY,UPPER,1,A:UPPER:-13:-3,A:UPPER:-13:-5,120.00000000000043,4.263256414560601e-13
A:UPPER:-14:-4,N,ANNULUS_OUTER_BOUNDARY,UPPER,2,A:UPPER:-13:-3,S:1722,120.55881342126443,0.558813421264432
A:UPPER:-14:-4,N,ANNULUS_OUTER_BOUNDARY,UPPER,3,A:UPPER:-13:-5,S:1722,0.5612720248625443,-119.43872797513745
A:UPPER:-14:0,N,ANNULUS_OUTER_BOUNDARY,UPPER,1,A:UPPER:-13:-1,A:UPPER:-13:1,119.99999999999966,-3.410605131648481e-13
A:UPPER:-14:0,N,ANNULUS_OUTER_BOUNDARY,UPPER,2,A:UPPER:-13:-1,S:1718,119.99123178482881,-0.008768215171187421
A:UPPER:-14:0,N,ANNULUS_OUTER_BOUNDARY,UPPER,3,A:UPPER:-13:1,S:1718,120.00876412262264,0.008764122622636705
A:UPPER:-14:2,N,ANNULUS_OUTER_BOUNDARY,UPPER,1,A:UPPER:-13:1,A:UPPER:-13:3,120.0000000000002,1.9895196601282805e-13
A:UPPER:-14:2,N,ANNULUS_OUTER_BOUNDARY,UPPER,2,A:UPPER:-13:1,S:1716,167.74209010235955,47.742090102359555
A:UPPER:-14:2,N,ANNULUS_OUTER_BOUNDARY,UPPER,3,A:UPPER:-13:3,S:1716,47.74237673418358,-72.25762326581642
A:UPPER:-14:4,N,ANNULUS_OUTER_BOUNDARY,UPPER,1,A:UPPER:-13:3,A:UPPER:-13:5,119.99999999999986,-1.4210854715202004e-13
A:UPPER:-14:4,N,ANNULUS_OUTER_BOUNDARY,UPPER,2,A:UPPER:-13:3,S:1714,120.57553508277721,0.5755350827772077
A:UPPER:-14:4,N,ANNULUS_OUTER_BOUNDARY,UPPER,3,A:UPPER:-13:5,S:1714,0.5755929512142396,-119.42440704878577
A:UPPER:-1:-9,B,ANNULUS_OUTER_BOUNDARY,UPPER,1,A:UPPER:-2:-8,A:UPPER:1:-9,120.00000000000034,3.410605131648481e-13
A:UPPER:-1:-9,B,ANNULUS_OUTER_BOUNDARY,UPPER,2,A:UPPER:-2:-8,H:UPPER:OUTER:27,146.3295034916848,26.32950349168479
A:UPPER:-1:-9,B,ANNULUS_OUTER_BOUNDARY,UPPER,3,A:UPPER:1:-9,H:UPPER:OUTER:27,93.67049650831488,-26.329503491685117
A:UPPER:-1:9,B,ANNULUS_OUTER_BOUNDARY,UPPER,1,A:UPPER:-2:8,A:UPPER:1:9,120.00000000000017,1.7053025658242404e-13
A:UPPER:-1:9,B,ANNULUS_OUTER_BOUNDARY,UPPER,2,A:UPPER:-2:8,H:UPPER:OUTER:18,146.32950349168487,26.329503491684875
A:UPPER:-1:9,B,ANNULUS_OUTER_BOUNDARY,UPPER,3,A:UPPER:1:9,H:UPPER:OUTER:18,93.67049650831497,-26.32950349168503
A:UPPER:-4:-8,B,ANNULUS_OUTER_BOUNDARY,UPPER,1,A:UPPER:-2:-8,A:UPPER:-5:-7,119.99999999999999,-1.4210854715202004e-14
A:UPPER:-4:-8,B,ANNULUS_OUTER_BOUNDARY,UPPER,2,A:UPPER:-2:-8,H:UPPER:OUTER:26,106.10211375198585,-13.897886248014146
A:UPPER:-4:-8,B,ANNULUS_OUTER_BOUNDARY,UPPER,3,A:UPPER:-5:-7,H:UPPER:OUTER:26,133.89788624801417,13.897886248014174
A:UPPER:-4:8,B,ANNULUS_OUTER_BOUNDARY,UPPER,1,A:UPPER:-2:8,A:UPPER:-5:7,120.00000000000014,1.4210854715202004e-13
A:UPPER:-4:8,B,ANNULUS_OUTER_BOUNDARY,UPPER,2,A:UPPER:-2:8,H:UPPER:OUTER:19,106.10211375198611,-13.89788624801389
A:UPPER:-4:8,B,ANNULUS_OUTER_BOUNDARY,UPPER,3,A:UPPER:-5:7,H:UPPER:OUTER:19,133.89788624801375,13.897886248013748
A:UPPER:-7:-7,B,ANNULUS_OUTER_BOUNDARY,UPPER,1,A:UPPER:-5:-7,A:UPPER:-8:-6,119.99999999999973,-2.7000623958883807e-13
A:UPPER:-7:-7,B,ANNULUS_OUTER_BOUNDARY,UPPER,2,A:UPPER:-5:-7,H:UPPER:OUTER:25,120.00000000000024,2.4158453015843406e-13
A:UPPER:-7:-7,B,ANNULUS_OUTER_BOUNDARY,UPPER,3,A:UPPER:-8:-6,H:UPPER:OUTER:25,120.00000000000001,1.4210854715202004e-14
A:UPPER:-7:7,B,ANNULUS_OUTER_BOUNDARY,UPPER,1,A:UPPER:-5:7,A:UPPER:-8:6,119.99999999999997,-2.842170943040401e-14
A:UPPER:-7:7,B,ANNULUS_OUTER_BOUNDARY,UPPER,2,A:UPPER:-5:7,H:UPPER:OUTER:20,119.99999999999994,-5.684341886080802e-14
A:UPPER:-7:7,B,ANNULUS_OUTER_BOUNDARY,UPPER,3,A:UPPER:-8:6,H:UPPER:OUTER:20,120.0000000000001,9.947598300641403e-14
A:UPPER:10:-6,N,ANNULUS_OUTER_BOUNDARY,UPPER,1,A:UPPER:11:-5,A:UPPER:8:-6,119.99999999999982,-1.8474111129762605e-13
A:UPPER:10:-6,N,ANNULUS_OUTER_BOUNDARY,UPPER,2,A:UPPER:11:-5,S:1730,47.71221597252988,-72.28778402747011
A:UPPER:10:-6,N,ANNULUS_OUTER_BOUNDARY,UPPER,3,A:UPPER:8:-6,S:1730,167.71216740981322,47.71216740981322
A:UPPER:10:6,N,ANNULUS_OUTER_BOUNDARY,UPPER,1,A:UPPER:11:5,A:UPPER:8:6,120.00000000000014,1.4210854715202004e-13
A:UPPER:10:6,N,ANNULUS_OUTER_BOUNDARY,UPPER,2,A:UPPER:11:5,S:1736,47.7060210796331,-72.2939789203669
A:UPPER:10:6,N,ANNULUS_OUTER_BOUNDARY,UPPER,3,A:UPPER:8:6,S:1736,167.7051240734647,47.7051240734647
A:UPPER:13:-5,N,ANNULUS_OUTER_BOUNDARY,UPPER,1,A:UPPER:11:-5,A:UPPER:14:-4,119.99999999999982,-1.8474111129762605e-13
A:UPPER:13:-5,N,ANNULUS_OUTER_BOUNDARY,UPPER,2,A:UPPER:11:-5,S:1732,120.53042605908263,0.5304260590826289
A:UPPER:13:-5,N,ANNULUS_OUTER_BOUNDARY,UPPER,3,A:UPPER:14:-4,S:1732,0.5307228132825856,-119.46927718671742
A:UPPER:13:5,N,ANNULUS_OUTER_BOUNDARY,UPPER,1,A:UPPER:11:5,A:UPPER:14:4,120.00000000000011,1.1368683772161603e-13
A:UPPER:13:5,N,ANNULUS_OUTER_BOUNDARY,UPPER,2,A:UPPER:11:5,S:1734,120.53931417020229,0.5393141702022888
A:UPPER:13:5,N,ANNULUS_OUTER_BOUNDARY,UPPER,3,A:UPPER:14:4,S:1734,0.5393183408953944,-119.46068165910461
A:UPPER:14:-2,B,ANNULUS_OUTER_BOUNDARY,UPPER,1,A:UPPER:13:-1,A:UPPER:13:-3,119.99999999999979,-2.1316282072803006e-13
A:UPPER:14:-2,B,ANNULUS_OUTER_BOUNDARY,UPPER,2,A:UPPER:13:-1,H:UPPER:OUTER:29,133.89788624801406,13.89788624801406
A:UPPER:14:-2,B,ANNULUS_OUTER_BOUNDARY,UPPER,3,A:UPPER:13:-3,H:UPPER:OUTER:29,106.10211375198615,-13.897886248013847
A:UPPER:14:-4,B,ANNULUS_OUTER_BOUNDARY,UPPER,1,A:UPPER:13:-3,A:UPPER:13:-5,120.0000000000002,1.9895196601282805e-13
A:UPPER:14:-4,B,ANNULUS_OUTER_BOUNDARY,UPPER,2,A:UPPER:13:-3,H:UPPER:OUTER:28,146.32950349168485,26.329503491684846
A:UPPER:14:-4,B,ANNULUS_OUTER_BOUNDARY,UPPER,3,A:UPPER:13:-5,H:UPPER:OUTER:28,93.67049650831497,-26.32950349168503
A:UPPER:14:0,B,ANNULUS_OUTER_BOUNDARY,UPPER,1,A:UPPER:13:-1,A:UPPER:13:1,120.00000000000033,3.268496584496461e-13
A:UPPER:14:0,B,ANNULUS_OUTER_BOUNDARY,UPPER,2,A:UPPER:13:-1,H:UPPER:OUTER:15,119.99999999999991,-8.526512829121202e-14
A:UPPER:14:0,B,ANNULUS_OUTER_BOUNDARY,UPPER,3,A:UPPER:13:1,H:UPPER:OUTER:15,119.99999999999979,-2.1316282072803006e-13
A:UPPER:14:2,B,ANNULUS_OUTER_BOUNDARY,UPPER,1,A:UPPER:13:1,A:UPPER:13:3,120.00000000000017,1.7053025658242404e-13
A:UPPER:14:2,B,ANNULUS_OUTER_BOUNDARY,UPPER,2,A:UPPER:13:1,H:UPPER:OUTER:16,133.89788624801386,13.897886248013862
A:UPPER:14:2,B,ANNULUS_OUTER_BOUNDARY,UPPER,3,A:UPPER:13:3,H:UPPER:OUTER:16,106.10211375198597,-13.897886248014032
A:UPPER:14:4,B,ANNULUS_OUTER_BOUNDARY,UPPER,1,A:UPPER:13:3,A:UPPER:13:5,119.99999999999989,-1.1368683772161603e-13
A:UPPER:14:4,B,ANNULUS_OUTER_BOUNDARY,UPPER,2,A:UPPER:13:3,H:UPPER:OUTER:17,146.329503491685,26.32950349168499
A:UPPER:14:4,B,ANNULUS_OUTER_BOUNDARY,UPPER,3,A:UPPER:13:5,H:UPPER:OUTER:17,93.67049650831511,-26.32950349168489
A:UPPER:1:-9,N,ANNULUS_OUTER_BOUNDARY,UPPER,1,A:UPPER:-1:-9,A:UPPER:2:-8,119.99999999999986,-1.4210854715202004e-13
A:UPPER:1:-9,N,ANNULUS_OUTER_BOUNDARY,UPPER,2,A:UPPER:-1:-9,S:1724,0.5190403609170178,-119.48095963908298
A:UPPER:1:-9,N,ANNULUS_OUTER_BOUNDARY,UPPER,3,A:UPPER:2:-8,S:1724,120.51821011234426,0.5182101123442635
A:UPPER:1:9,N,ANNULUS_OUTER_BOUNDARY,UPPER,1,A:UPPER:-1:9,A:UPPER:2:8,120.00000000000027,2.7000623958883807e-13
A:UPPER:1:9,N,ANNULUS_OUTER_BOUNDARY,UPPER,2,A:UPPER:-1:9,S:1712,0.5446577320564225,-119.45534226794358
A:UPPER:1:9,N,ANNULUS_OUTER_BOUNDARY,UPPER,3,A:UPPER:2:8,S:1712,120.54465166795073,0.5446516679507312
A:UPPER:4:-8,N,ANNULUS_OUTER_BOUNDARY,UPPER,1,A:UPPER:2:-8,A:UPPER:5:-7,119.99999999999999,-1.4210854715202004e-14
A:UPPER:4:-8,N,ANNULUS_OUTER_BOUNDARY,UPPER,2,A:UPPER:2:-8,S:1726,47.7013013760285,-72.29869862397149
A:UPPER:4:-8,N,ANNULUS_OUTER_BOUNDARY,UPPER,3,A:UPPER:5:-7,S:1726,167.69857493074628,47.698574930746275
A:UPPER:4:8,N,ANNULUS_OUTER_BOUNDARY,UPPER,1,A:UPPER:2:8,A:UPPER:5:7,120.00000000000011,1.1368683772161603e-13
A:UPPER:4:8,N,ANNULUS_OUTER_BOUNDARY,UPPER,2,A:UPPER:2:8,S:1710,47.71047089270635,-72.28952910729365
A:UPPER:4:8,N,ANNULUS_OUTER_BOUNDARY,UPPER,3,A:UPPER:5:7,S:1710,167.71042129114426,47.71042129114426
A:UPPER:7:-7,N,ANNULUS_OUTER_BOUNDARY,UPPER,1,A:UPPER:5:-7,A:UPPER:8:-6,119.99999999999991,-8.526512829121202e-14
A:UPPER:7:-7,N,ANNULUS_OUTER_BOUNDARY,UPPER,2,A:UPPER:5:-7,S:1728,119.95872255432046,-0.04127744567954039
A:UPPER:7:-7,N,ANNULUS_OUTER_BOUNDARY,UPPER,3,A:UPPER:8:-6,S:1728,120.04127716846662,0.041277168466621106
A:UPPER:7:7,N,ANNULUS_OUTER_BOUNDARY,UPPER,1,A:UPPER:5:7,A:UPPER:8:6,119.99999999999963,-3.694822225952521e-13
A:UPPER:7:7,N,ANNULUS_OUTER_BOUNDARY,UPPER,2,A:UPPER:5:7,S:1738,120.04215355146093,0.042153551460927474
A:UPPER:7:7,N,ANNULUS_OUTER_BOUNDARY,UPPER,3,A:UPPER:8:6,S:1738,119.95779357775592,-0.04220642224407811
P:0,B,PARENT_HBN,PARENT,1,P:1,S:1686,120.29386454800442,0.2938645480044215
P:0,B,PARENT_HBN,PARENT,2,P:1,S:1687,119.90193482402822,-0.09806517597178299
P:0,B,PARENT_HBN,PARENT,3,S:1686,S:1687,118.74782108540309,-1.2521789145969109
P:10,B,PARENT_HBN,PARENT,1,P:11,S:1691,119.95158734199782,-0.04841265800217798
P:10,B,PARENT_HBN,PARENT,2,P:11,S:1692,120.16225432397482,0.1622543239748211
P:10,B,PARENT_HBN,PARENT,3,S:1691,S:1692,118.79482501201268,-1.20517498798732
P:12,B,PARENT_HBN,PARENT,1,P:13,S:1692,120.16225432397498,0.1622543239749774
P:12,B,PARENT_HBN,PARENT,2,P:13,S:1693,120.25316463298384,0.2531646329838395
P:12,B,PARENT_HBN,PARENT,3,S:1692,S:1693,118.51030523065236,-1.4896947693476363
P:14,B,PARENT_HBN,PARENT,1,P:15,S:1693,120.25316463298375,0.25316463298375425
P:14,B,PARENT_HBN,PARENT,2,P:15,S:1694,120.0397356398709,0.0397356398708979
P:14,B,PARENT_HBN,PARENT,3,S:1693,S:1694,118.6378562247487,-1.3621437752512975
P:16,B,PARENT_HBN,PARENT,1,P:17,S:1694,120.03973563987097,0.03973563987096895
P:16,B,PARENT_HBN,PARENT,2,P:17,S:1695,120.2531646329836,0.2531646329835979
P:16,B,PARENT_HBN,PARENT,3,S:1694,S:1695,118.63785622474877,-1.3621437752512264
P:1621,N,PARENT_HBN,PARENT,1,P:1620,S:1729,120.16225432397495,0.162254323974949
P:1621,N,PARENT_HBN,PARENT,2,P:1620,S:1730,120.25316463298388,0.25316463298388214
P:1621,N,PARENT_HBN,PARENT,3,S:1729,S:1730,118.51030523065242,-1.4896947693475795
P:1623,N,PARENT_HBN,PARENT,1,P:1622,S:1730,120.25316463298384,0.2531646329838395
P:1623,N,PARENT_HBN,PARENT,2,P:1622,S:1731,120.03973563987067,0.039735639870670525
P:1623,N,PARENT_HBN,PARENT,3,S:1730,S:1731,118.63785622474886,-1.3621437752511412
P:1625,N,PARENT_HBN,PARENT,1,P:1624,S:1731,120.03973563987074,0.03973563987074158
P:1625,N,PARENT_HBN,PARENT,2,P:1624,S:1732,120.25316463298384,0.2531646329838395
P:1625,N,PARENT_HBN,PARENT,3,S:1731,S:1732,118.63785622474877,-1.3621437752512264
P:1627,N,PARENT_HBN,PARENT,1,P:1626,S:1732,120.25316463298381,0.2531646329838111
P:1627,N,PARENT_HBN,PARENT,2,P:1626,S:1733,120.16225432397485,0.1622543239748495
P:1627,N,PARENT_HBN,PARENT,3,S:1732,S:1733,118.51030523065258,-1.4896947693474232
P:1629,N,PARENT_HBN,PARENT,1,P:1628,S:1733,120.16225432397482,0.1622543239748211
P:1629,N,PARENT_HBN,PARENT,2,P:1628,S:1734,120.18342912083513,0.18342912083512886
P:1629,N,PARENT_HBN,PARENT,3,S:1733,S:1734,118.60064223739988,-1.3993577626001183
P:1631,N,PARENT_HBN,PARENT,1,P:1630,S:1734,120.18342912083504,0.1834291208350436
P:1631,N,PARENT_HBN,PARENT,2,P:1630,S:1735,120.1818609228326,0.18186092283259825
P:1631,N,PARENT_HBN,PARENT,3,S:1734,S:1735,118.5637732319128,-1.4362267680871952
P:1633,N,PARENT_HBN,PARENT,1,P:1632,S:1735,120.1818609228326,0.18186092283259825
P:1633,N,PARENT_HBN,PARENT,2,P:1632,S:1736,119.92322059536707,-0.07677940463292998
P:1633,N,PARENT_HBN,PARENT,3,S:1735,S:1736,118.77205341962747,-1.2279465803725316
P:1635,N,PARENT_HBN,PARENT,1,P:1634,S:1736,119.92322059536707,-0.07677940463292998
P:1635,N,PARENT_HBN,PARENT,2,P:1634,S:1737,120.2539476318198,0.2539476318197984
P:1635,N,PARENT_HBN,PARENT,3,S:1736,S:1737,118.80347556187131,-1.1965244381286908
P:1637,N,PARENT_HBN,PARENT,1,P:1636,S:1737,120.25394763181971,0.25394763181971314
P:1637,N,PARENT_HBN,PARENT,2,P:1636,S:1738,120.29386454800427,0.2938645480042652
P:1637,N,PARENT_HBN,PARENT,3,S:1737,S:1738,118.35254091358658,-1.64745908641342
P:1639,N,PARENT_HBN,PARENT,1,P:1638,S:1738,120.2938645480042,0.29386454800419415
P:1639,N,PARENT_HBN,PARENT,2,P:1638,S:1739,119.90193482402842,-0.09806517597158404
P:1639,N,PARENT_HBN,PARENT,3,S:1738,S:1739,118.74782108540309,-1.2521789145969109
P:1641,N,PARENT_HBN,PARENT,1,P:1640,S:1710,120.25394763182042,0.2539476318204237
P:1641,N,PARENT_HBN,PARENT,2,P:1640,S:1739,119.90193482402842,-0.09806517597158404
P:1641,N,PARENT_HBN,PARENT,3,S:1710,S:1739,118.73166584537924,-1.26833415462076
P:1643,N,PARENT_HBN,PARENT,1,P:1642,S:1710,120.25394763182038,0.25394763182038105
P:1643,N,PARENT_HBN,PARENT,2,P:1642,S:1711,120.26490834514168,0.26490834514167716
P:1643,N,PARENT_HBN,PARENT,3,S:1710,S:1711,118.44899100601803,-1.5510089939819665
P:1645,N,PARENT_HBN,PARENT,1,P:1644,S:1711,120.26490834514168,0.26490834514167716
P:1645,N,PARENT_HBN,PARENT,2,P:1644,S:1712,120.1818609228326,0.18186092283259825
P:1645,N,PARENT_HBN,PARENT,3,S:1711,S:1712,118.45834331860033,-1.5416566813996724
P:1647,N,PARENT_HBN,PARENT,1,P:1646,S:1712,120.1818609228326,0.18186092283259825
P:1647,N,PARENT_HBN,PARENT,2,P:1646,S:1713,119.95158734199788,-0.048412658002121134
P:1647,N,PARENT_HBN,PARENT,3,S:1712,S:1713,118.82327927027,-1.1767207297299933
P:1649,N,PARENT_HBN,PARENT,1,P:1648,S:1713,119.95158734199798,-0.04841265800202166
P:1649,N,PARENT_HBN,PARENT,2,P:1648,S:1714,120.16225432397482,0.1622543239748211
P:1649,N,PARENT_HBN,PARENT,3,S:1713,S:1714,118.79482501201254,-1.205174987987462
P:1651,N,PARENT_HBN,PARENT,1,P:1650,S:1714,120.16225432397482,0.1622543239748211
P:1651,N,PARENT_HBN,PARENT,2,P:1650,S:1715,120.25316463298384,0.2531646329838395
P:1651,N,PARENT_HBN,PARENT,3,S:1714,S:1715,118.51030523065252,-1.48969476934748
P:1653,N,PARENT_HBN,PARENT,1,P:1652,S:1715,120.25316463298384,0.2531646329838395
P:1653,N,PARENT_HBN,PARENT,2,P:1652,S:1716,120.03973563987074,0.03973563987074158
P:1653,N,PARENT_HBN,PARENT,3,S:1715,S:1716,118.63785622474877,-1.3621437752512264
P:1655,N,PARENT_HBN,PARENT,1,P:1654,S:1716,120.03973563987067,0.039735639870670525
P:1655,N,PARENT_HBN,PARENT,2,P:1654,S:1717,120.25316463298384,0.2531646329838395
P:1655,N,PARENT_HBN,PARENT,3,S:1716,S:1717,118.63785622474886,-1.3621437752511412
P:1657,N,PARENT_HBN,PARENT,1,P:1656,S:1717,120.25316463298391,0.25316463298391056
P:1657,N,PARENT_HBN,PARENT,2,P:1656,S:1718,120.1622543239749,0.16225432397490636
P:1657,N,PARENT_HBN,PARENT,3,S:1717,S:1718,118.51030523065236,-1.4896947693476363
P:1659,N,PARENT_HBN,PARENT,1,P:1658,S:1718,120.16225432397475,0.16225432397475004
P:1659,N,PARENT_HBN,PARENT,2,P:1658,S:1719,119.95158734199782,-0.04841265800217798
P:1659,N,PARENT_HBN,PARENT,3,S:1718,S:1719,118.79482501201277,-1.2051749879872347
P:1661,N,PARENT_HBN,PARENT,1,P:1660,S:1719,119.95158734199798,-0.04841265800202166
P:1661,N,PARENT_HBN,PARENT,2,P:1660,S:1720,120.44386024006164,0.44386024006163893
P:1661,N,PARENT_HBN,PARENT,3,S:1719,S:1720,118.53686389124968,-1.4631361087503194
P:1663,N,PARENT_HBN,PARENT,1,P:1662,S:1720,120.44386024006164,0.44386024006163893
P:1663,N,PARENT_HBN,PARENT,2,P:1662,S:1721,120.06803585034422,0.06803585034421644
P:1663,N,PARENT_HBN,PARENT,3,S:1720,S:1721,118.45933826802518,-1.5406617319748221
P:1665,N,PARENT_HBN,PARENT,1,P:1664,S:1721,120.0680358503443,0.06803585034430171
P:1665,N,PARENT_HBN,PARENT,2,P:1664,S:1722,120.37516682371971,0.37516682371970944
P:1665,N,PARENT_HBN,PARENT,3,S:1721,S:1722,118.44968915285098,-1.5503108471490208
P:1667,N,PARENT_HBN,PARENT,1,P:1666,S:1722,120.37516682371971,0.37516682371970944
P:1667,N,PARENT_HBN,PARENT,2,P:1666,S:1723,119.90193482402842,-0.09806517597158404
P:1667,N,PARENT_HBN,PARENT,3,S:1722,S:1723,118.65199661573828,-1.348003384261716
P:1669,N,PARENT_HBN,PARENT,1,P:1668,S:1723,119.90193482402842,-0.09806517597158404
P:1669,N,PARENT_HBN,PARENT,2,P:1668,S:1724,120.2938645480042,0.29386454800419415
P:1669,N,PARENT_HBN,PARENT,3,S:1723,S:1724,118.74782108540309,-1.2521789145969109
P:1671,N,PARENT_HBN,PARENT,1,P:1670,S:1724,120.29386454800427,0.2938645480042652
P:1671,N,PARENT_HBN,PARENT,2,P:1670,S:1725,120.37516682371964,0.3751668237196384
P:1671,N,PARENT_HBN,PARENT,3,S:1724,S:1725,118.27245413039687,-1.7275458696031336
P:1673,N,PARENT_HBN,PARENT,1,P:1672,S:1725,120.37516682371971,0.37516682371970944
P:1673,N,PARENT_HBN,PARENT,2,P:1672,S:1726,119.72498445884743,-0.27501554115256965
P:1673,N,PARENT_HBN,PARENT,3,S:1725,S:1726,118.80581431416454,-1.194185685835464
P:1675,N,PARENT_HBN,PARENT,1,P:1674,S:1726,119.72498445884732,-0.27501554115268334
P:1675,N,PARENT_HBN,PARENT,2,P:1674,S:1727,120.44386024006164,0.44386024006163893
P:1675,N,PARENT_HBN,PARENT,3,S:1726,S:1727,118.77540661515422,-1.2245933848457753
P:1677,N,PARENT_HBN,PARENT,1,P:1676,S:1727,120.44386024006164,0.44386024006163893
P:1677,N,PARENT_HBN,PARENT,2,P:1676,S:1728,120.18342912083452,0.1834291208345178
P:1677,N,PARENT_HBN,PARENT,3,S:1727,S:1728,118.27716247096832,-1.722837529031679
P:1679,N,PARENT_HBN,PARENT,1,P:1678,S:1728,120.18342912083439,0.1834291208343899
P:1679,N,PARENT_HBN,PARENT,2,P:1678,S:1729,120.16225432397475,0.16225432397475004
P:1679,N,PARENT_HBN,PARENT,3,S:1728,S:1729,118.60064223740072,-1.39935776259928
P:18,B,PARENT_HBN,PARENT,1,P:19,S:1695,120.2531646329836,0.2531646329835979
P:18,B,PARENT_HBN,PARENT,2,P:19,S:1696,120.1622543239749,0.16225432397490636
P:18,B,PARENT_HBN,PARENT,3,S:1695,S:1696,118.51030523065268,-1.4896947693473237
P:2,B,PARENT_HBN,PARENT,1,P:3,S:1687,119.90193482402822,-0.09806517597178299
P:2,B,PARENT_HBN,PARENT,2,P:3,S:1688,120.37516682371971,0.37516682371970944
P:2,B,PARENT_HBN,PARENT,3,S:1687,S:1688,118.65199661573853,-1.3480033842614745
P:20,B,PARENT_HBN,PARENT,1,P:21,S:1696,120.1622543239749,0.16225432397490636
P:20,B,PARENT_HBN,PARENT,2,P:21,S:1697,119.9515873419981,-0.04841265800189376
P:20,B,PARENT_HBN,PARENT,3,S:1696,S:1697,118.79482501201231,-1.2051749879876894
P:22,B,PARENT_HBN,PARENT,1,P:23,S:1697,119.95158734199806,-0.04841265800193639
P:22,B,PARENT_HBN,PARENT,2,P:23,S:1698,120.18186092283284,0.18186092283283983
P:22,B,PARENT_HBN,PARENT,3,S:1697,S:1698,118.82327927026965,-1.1767207297303486
P:24,B,PARENT_HBN,PARENT,1,P:25,S:1698,120.18186092283284,0.18186092283283983
P:24,B,PARENT_HBN,PARENT,2,P:25,S:1699,120.26490834514175,0.2649083451417482
P:24,B,PARENT_HBN,PARENT,3,S:1698,S:1699,118.45834331860006,-1.5416566813999424
P:26,B,PARENT_HBN,PARENT,1,P:27,S:1699,120.26490834514175,0.2649083451417482
P:26,B,PARENT_HBN,PARENT,2,P:27,S:1700,120.25394763182025,0.25394763182025315
P:26,B,PARENT_HBN,PARENT,3,S:1699,S:1700,118.44899100601809,-1.5510089939819096
P:28,B,PARENT_HBN,PARENT,1,P:29,S:1700,120.25394763182028,0.25394763182028157
P:28,B,PARENT_HBN,PARENT,2,P:29,S:1701,119.90193482402822,-0.09806517597178299
P:28,B,PARENT_HBN,PARENT,3,S:1700,S:1701,118.7316658453796,-1.2683341546204048
P:30,B,PARENT_HBN,PARENT,1,P:31,S:1701,119.90193482402822,-0.09806517597178299
P:30,B,PARENT_HBN,PARENT,2,P:31,S:1702,120.29386454800442,0.2938645480044215
P:30,B,PARENT_HBN,PARENT,3,S:1701,S:1702,118.74782108540309,-1.2521789145969109
P:32,B,PARENT_HBN,PARENT,1,P:33,S:1702,120.29386454800449,0.2938645480044926
P:32,B,PARENT_HBN,PARENT,2,P:33,S:1703,120.25394763182003,0.2539476318200258
P:32,B,PARENT_HBN,PARENT,3,S:1702,S:1703,118.35254091358605,-1.6474590864139458
P:34,B,PARENT_HBN,PARENT,1,P:35,S:1703,120.2539476318201,0.25394763182009683
P:34,B,PARENT_HBN,PARENT,2,P:35,S:1704,119.9232205953673,-0.07677940463270261
P:34,B,PARENT_HBN,PARENT,3,S:1703,S:1704,118.8034755618708,-1.1965244381292024
P:36,B,PARENT_HBN,PARENT,1,P:37,S:1704,119.9232205953673,-0.07677940463270261
P:36,B,PARENT_HBN,PARENT,2,P:37,S:1705,120.18186092283284,0.18186092283283983
P:36,B,PARENT_HBN,PARENT,3,S:1704,S:1705,118.77205341962701,-1.2279465803729863
P:38,B,PARENT_HBN,PARENT,1,P:39,S:1705,120.18186092283284,0.18186092283283983
P:38,B,PARENT_HBN,PARENT,2,P:39,S:1706,120.18342912083475,0.18342912083474516
P:38,B,PARENT_HBN,PARENT,3,S:1705,S:1706,118.56377323191288,-1.4362267680871241
P:4,B,PARENT_HBN,PARENT,1,P:5,S:1688,120.37516682371971,0.37516682371970944
P:4,B,PARENT_HBN,PARENT,2,P:5,S:1689,120.06803585034453,0.06803585034452908
P:4,B,PARENT_HBN,PARENT,3,S:1688,S:1689,118.44968915285074,-1.5503108471492624
P:40,B,PARENT_HBN,PARENT,1,P:41,S:1706,120.18342912083482,0.18342912083481622
P:40,B,PARENT_HBN,PARENT,2,P:41,S:1707,120.16225432397498,0.1622543239749774
P:40,B,PARENT_HBN,PARENT,3,S:1706,S:1707,118.60064223740004,-1.399357762599962
P:42,B,PARENT_HBN,PARENT,1,P:43,S:1707,120.162254323975,0.16225432397500583
P:42,B,PARENT_HBN,PARENT,2,P:43,S:1708,120.25316463298358,0.2531646329835837
P:42,B,PARENT_HBN,PARENT,3,S:1707,S:1708,118.51030523065265,-1.4896947693473521
P:44,B,PARENT_HBN,PARENT,1,P:45,S:1708,120.2531646329836,0.2531646329835979
P:44,B,PARENT_HBN,PARENT,2,P:45,S:1709,120.03973563987097,0.03973563987096895
P:44,B,PARENT_HBN,PARENT,3,S:1708,S:1709,118.63785622474877,-1.3621437752512264
P:46,B,PARENT_HBN,PARENT,1,P:47,S:1680,120.25316463298368,0.2531646329836832
P:46,B,PARENT_HBN,PARENT,2,P:47,S:1709,120.0397356398709,0.0397356398708979
P:46,B,PARENT_HBN,PARENT,3,S:1680,S:1709,118.63785622474877,-1.3621437752512264
P:48,B,PARENT_HBN,PARENT,1,P:49,S:1680,120.25316463298373,0.2531646329837258
P:48,B,PARENT_HBN,PARENT,2,P:49,S:1681,120.1622543239751,0.1622543239751053
P:48,B,PARENT_HBN,PARENT,3,S:1680,S:1681,118.51030523065242,-1.4896947693475795
P:50,B,PARENT_HBN,PARENT,1,P:51,S:1681,120.1622543239749,0.16225432397490636
P:50,B,PARENT_HBN,PARENT,2,P:51,S:1682,120.18342912083459,0.18342912083458884
P:50,B,PARENT_HBN,PARENT,3,S:1681,S:1682,118.60064223740034,-1.3993577625996636
P:52,B,PARENT_HBN,PARENT,1,P:53,S:1682,120.18342912083475,0.18342912083474516
P:52,B,PARENT_HBN,PARENT,2,P:53,S:1683,120.44386024006194,0.44386024006193736
P:52,B,PARENT_HBN,PARENT,3,S:1682,S:1683,118.27716247096778,-1.722837529032219
P:54,B,PARENT_HBN,PARENT,1,P:55,S:1683,120.44386024006194,0.44386024006193736
P:54,B,PARENT_HBN,PARENT,2,P:55,S:1684,119.72498445884702,-0.27501554115298177
P:54,B,PARENT_HBN,PARENT,3,S:1683,S:1684,118.77540661515422,-1.2245933848457753
P:56,B,PARENT_HBN,PARENT,1,P:57,S:1684,119.72498445884709,-0.2750155411529107
P:56,B,PARENT_HBN,PARENT,2,P:57,S:1685,120.37516682371955,0.3751668237195531
P:56,B,PARENT_HBN,PARENT,3,S:1684,S:1685,118.80581431416496,-1.1941856858350377
P:58,B,PARENT_HBN,PARENT,1,P:59,S:1685,120.37516682371948,0.37516682371948207
P:58,B,PARENT_HBN,PARENT,2,P:59,S:1686,120.29386454800449,0.2938645480044926
P:58,B,PARENT_HBN,PARENT,3,S:1685,S:1686,118.2724541303968,-1.7275458696032047
P:6,B,PARENT_HBN,PARENT,1,P:7,S:1689,120.06803585034446,0.06803585034445803
P:6,B,PARENT_HBN,PARENT,2,P:7,S:1690,120.44386024006194,0.44386024006193736
P:6,B,PARENT_HBN,PARENT,3,S:1689,S:1690,118.45933826802464,-1.5406617319753622
P:8,B,PARENT_HBN,PARENT,1,P:9,S:1690,120.44386024006194,0.44386024006193736
P:8,B,PARENT_HBN,PARENT,2,P:9,S:1691,119.95158734199798,-0.04841265800202166
P:8,B,PARENT_HBN,PARENT,3,S:1690,S:1691,118.5368638912494,-1.4631361087506036
S:1680,N,HEXAGONAL_EDGE_COMPLETION_SEED,LOWER,1,A:LOWER:4:8,P:46,49.755652354941134,-70.24434764505887
S:1680,N,HEXAGONAL_EDGE_COMPLETION_SEED,LOWER,2,A:LOWER:4:8,P:48,130.1962767860949,10.196276786094899
S:1680,N,HEXAGONAL_EDGE_COMPLETION_SEED,LOWER,3,P:46,P:48,119.4936707340326,-0.5063292659673948
S:1681,N,HEXAGONAL_EDGE_COMPLETION_SEED,LOWER,1,H:LOWER:SEED:0,P:48,120.1622543239751,0.1622543239751053
S:1681,N,HEXAGONAL_EDGE_COMPLETION_SEED,LOWER,2,H:LOWER:SEED:0,P:50,120.1622543239749,0.16225432397490636
S:1681,N,HEXAGONAL_EDGE_COMPLETION_SEED,LOWER,3,P:48,P:50,119.67549135205002,-0.32450864794998324
S:1682,N,HEXAGONAL_EDGE_COMPLETION_SEED,LOWER,1,A:LOWER:1:9,P:50,34.92636039281069,-85.0736396071893
S:1682,N,HEXAGONAL_EDGE_COMPLETION_SEED,LOWER,2,A:LOWER:1:9,P:52,145.0727921844102,25.07279218441019
S:1682,N,HEXAGONAL_EDGE_COMPLETION_SEED,LOWER,3,P:50,P:52,119.63314175833067,-0.366858241669334
S:1683,N,HEXAGONAL_EDGE_COMPLETION_SEED,LOWER,1,H:LOWER:SEED:1,P:52,120.44386024006194,0.44386024006193736
S:1683,N,HEXAGONAL_EDGE_COMPLETION_SEED,LOWER,2,H:LOWER:SEED:1,P:54,120.44386024006194,0.44386024006193736
S:1683,N,HEXAGONAL_EDGE_COMPLETION_SEED,LOWER,3,P:52,P:54,119.11227951987617,-0.8877204801238321
S:1684,N,HEXAGONAL_EDGE_COMPLETION_SEED,LOWER,1,A:LOWER:-14:4,P:54,145.52300972318304,25.523009723183037
S:1684,N,HEXAGONAL_EDGE_COMPLETION_SEED,LOWER,2,A:LOWER:-14:4,P:56,34.70417176107668,-85.29582823892332
S:1684,N,HEXAGONAL_EDGE_COMPLETION_SEED,LOWER,3,P:54,P:56,120.55003108230589,0.5500310823058925
S:1685,N,HEXAGONAL_EDGE_COMPLETION_SEED,LOWER,1,H:LOWER:SEED:2,P:56,120.37516682371955,0.3751668237195531
S:1685,N,HEXAGONAL_EDGE_COMPLETION_SEED,LOWER,2,H:LOWER:SEED:2,P:58,120.37516682371948,0.37516682371948207
S:1685,N,HEXAGONAL_EDGE_COMPLETION_SEED,LOWER,3,P:56,P:58,119.249666352561,-0.7503336474390068
S:1686,N,HEXAGONAL_EDGE_COMPLETION_SEED,LOWER,1,A:LOWER:-14:2,P:0,49.71643732375113,-70.28356267624886
S:1686,N,HEXAGONAL_EDGE_COMPLETION_SEED,LOWER,2,A:LOWER:-14:2,P:58,130.20795673403435,10.207956734034354
S:1686,N,HEXAGONAL_EDGE_COMPLETION_SEED,LOWER,3,P:0,P:58,119.41227090399111,-0.5877290960088857
S:1687,N,HEXAGONAL_EDGE_COMPLETION_SEED,LOWER,1,H:LOWER:SEED:3,P:0,119.90193482402822,-0.09806517597178299
S:1687,N,HEXAGONAL_EDGE_COMPLETION_SEED,LOWER,2,H:LOWER:SEED:3,P:2,119.90193482402822,-0.09806517597178299
S:1687,N,HEXAGONAL_EDGE_COMPLETION_SEED,LOWER,3,P:0,P:2,120.19613035194358,0.1961303519435802
S:1688,N,HEXAGONAL_EDGE_COMPLETION_SEED,LOWER,1,A:LOWER:-14:0,P:2,89.83442119648785,-30.165578803512147
S:1688,N,HEXAGONAL_EDGE_COMPLETION_SEED,LOWER,2,A:LOWER:-14:0,P:4,90.02780712231872,-29.97219287768128
S:1688,N,HEXAGONAL_EDGE_COMPLETION_SEED,LOWER,3,P:2,P:4,119.24966635256061,-0.7503336474393905
S:1689,N,HEXAGONAL_EDGE_COMPLETION_SEED,LOWER,1,H:LOWER:SEED:4,P:4,120.06803585034427,0.06803585034427329
S:1689,N,HEXAGONAL_EDGE_COMPLETION_SEED,LOWER,2,H:LOWER:SEED:4,P:6,120.0680358503447,0.06803585034469961
S:1689,N,HEXAGONAL_EDGE_COMPLETION_SEED,LOWER,3,P:4,P:6,119.86392829931101,-0.1360717006889871
S:1690,N,HEXAGONAL_EDGE_COMPLETION_SEED,LOWER,1,A:LOWER:-14:-2,P:6,49.76781654578426,-70.23218345421574
S:1690,N,HEXAGONAL_EDGE_COMPLETION_SEED,LOWER,2,A:LOWER:-14:-2,P:8,130.0548506652628,10.05485066526279
S:1690,N,HEXAGONAL_EDGE_COMPLETION_SEED,LOWER,3,P:6,P:8,119.11227951987617,-0.8877204801238321
S:1691,N,HEXAGONAL_EDGE_COMPLETION_SEED,LOWER,1,H:LOWER:SEED:5,P:10,119.95158734199782,-0.04841265800217798
S:1691,N,HEXAGONAL_EDGE_COMPLETION_SEED,LOWER,2,H:LOWER:SEED:5,P:8,119.95158734199798,-0.04841265800202166
S:1691,N,HEXAGONAL_EDGE_COMPLETION_SEED,LOWER,3,P:10,P:8,120.09682531600421,0.09682531600421385
S:1692,N,HEXAGONAL_EDGE_COMPLETION_SEED,LOWER,1,A:LOWER:-14:-4,P:10,34.961615235124675,-85.03838476487533
S:1692,N,HEXAGONAL_EDGE_COMPLETION_SEED,LOWER,2,A:LOWER:-14:-4,P:12,145.0480912874795,25.048091287479508
S:1692,N,HEXAGONAL_EDGE_COMPLETION_SEED,LOWER,3,P:10,P:12,119.67549135205022,-0.3245086479497843
S:1693,N,HEXAGONAL_EDGE_COMPLETION_SEED,LOWER,1,H:LOWER:SEED:6,P:12,120.25316463298384,0.2531646329838395
S:1693,N,HEXAGONAL_EDGE_COMPLETION_SEED,LOWER,2,H:LOWER:SEED:6,P:14,120.25316463298375,0.25316463298375425
S:1693,N,HEXAGONAL_EDGE_COMPLETION_SEED,LOWER,3,P:12,P:14,119.49367073403243,-0.5063292659675653
S:1694,N,HEXAGONAL_EDGE_COMPLETION_SEED,LOWER,1,A:LOWER:1:-9,P:14,145.18715829426563,25.18715829426563
S:1694,N,HEXAGONAL_EDGE_COMPLETION_SEED,LOWER,2,A:LOWER:1:-9,P:16,34.883555305111045,-85.11644469488895
S:1694,N,HEXAGONAL_EDGE_COMPLETION_SEED,LOWER,3,P:14,P:16,119.92052872025816,-0.07947127974183843
S:1695,N,HEXAGONAL_EDGE_COMPLETION_SEED,LOWER,1,H:LOWER:SEED:7,P:16,120.2531646329836,0.2531646329835979
S:1695,N,HEXAGONAL_EDGE_COMPLETION_SEED,LOWER,2,H:LOWER:SEED:7,P:18,120.2531646329836,0.2531646329835979
S:1695,N,HEXAGONAL_EDGE_COMPLETION_SEED,LOWER,3,P:16,P:18,119.49367073403282,-0.5063292659671816
S:1696,N,HEXAGONAL_EDGE_COMPLETION_SEED,LOWER,1,A:LOWER:4:-8,P:18,130.24599479750623,10.245994797506228
S:1696,N,HEXAGONAL_EDGE_COMPLETION_SEED,LOWER,2,A:LOWER:4:-8,P:20,49.767074212264696,-70.2329257877353
S:1696,N,HEXAGONAL_EDGE_COMPLETION_SEED,LOWER,3,P:18,P:20,119.67549135205022,-0.3245086479497843
S:1697,N,HEXAGONAL_EDGE_COMPLETION_SEED,LOWER,1,H:LOWER:SEED:8,P:20,119.9515873419981,-0.04841265800189376
S:1697,N,HEXAGONAL_EDGE_COMPLETION_SEED,LOWER,2,H:LOWER:SEED:8,P:22,119.95158734199806,-0.04841265800193639
S:1697,N,HEXAGONAL_EDGE_COMPLETION_SEED,LOWER,3,P:20,P:22,120.09682531600386,0.09682531600385857
S:1698,N,HEXAGONAL_EDGE_COMPLETION_SEED,LOWER,1,A:LOWER:7:-7,P:22,89.84787986669467,-30.15212013330533
S:1698,N,HEXAGONAL_EDGE_COMPLETION_SEED,LOWER,2,A:LOWER:7:-7,P:24,90.15202758821928,-29.847972411780717
S:1698,N,HEXAGONAL_EDGE_COMPLETION_SEED,LOWER,3,P:22,P:24,119.63627815433436,-0.36372184566563703
S:1699,N,HEXAGONAL_EDGE_COMPLETION_SEED,LOWER,1,H:LOWER:SEED:9,P:24,120.26490834514175,0.2649083451417482
S:1699,N,HEXAGONAL_EDGE_COMPLETION_SEED,LOWER,2,H:LOWER:SEED:9,P:26,120.26490834514175,0.2649083451417482
S:1699,N,HEXAGONAL_EDGE_COMPLETION_SEED,LOWER,3,P:24,P:26,119.47018330971652,-0.5298166902834822
S:1700,N,HEXAGONAL_EDGE_COMPLETION_SEED,LOWER,1,A:LOWER:10:-6,P:26,49.738100975627624,-70.26189902437238
S:1700,N,HEXAGONAL_EDGE_COMPLETION_SEED,LOWER,2,A:LOWER:10:-6,P:28,130.21327612136906,10.213276121369063
S:1700,N,HEXAGONAL_EDGE_COMPLETION_SEED,LOWER,3,P:26,P:28,119.4921047363595,-0.5078952636405063
S:1701,N,HEXAGONAL_EDGE_COMPLETION_SEED,LOWER,1,H:LOWER:SEED:10,P:28,119.90193482402822,-0.09806517597178299
S:1701,N,HEXAGONAL_EDGE_COMPLETION_SEED,LOWER,2,H:LOWER:SEED:10,P:30,119.90193482402822,-0.09806517597178299
S:1701,N,HEXAGONAL_EDGE_COMPLETION_SEED,LOWER,3,P:28,P:30,120.19613035194358,0.1961303519435802
S:1702,N,HEXAGONAL_EDGE_COMPLETION_SEED,LOWER,1,A:LOWER:13:-5,P:30,35.02597322560242,-84.97402677439757
S:1702,N,HEXAGONAL_EDGE_COMPLETION_SEED,LOWER,2,A:LOWER:13:-5,P:32,144.91811637692467,24.918116376924672
S:1702,N,HEXAGONAL_EDGE_COMPLETION_SEED,LOWER,3,P:30,P:32,119.41227090399111,-0.5877290960088857
S:1703,N,HEXAGONAL_EDGE_COMPLETION_SEED,LOWER,1,H:LOWER:SEED:11,P:32,120.25394763181994,0.2539476318199405
S:1703,N,HEXAGONAL_EDGE_COMPLETION_SEED,LOWER,2,H:LOWER:SEED:11,P:34,120.25394763182017,0.2539476318201679
S:1703,N,HEXAGONAL_EDGE_COMPLETION_SEED,LOWER,3,P:32,P:34,119.4921047363599,-0.5078952636400942
S:1704,N,HEXAGONAL_EDGE_COMPLETION_SEED,LOWER,1,A:LOWER:13:5,P:34,145.22864393188794,25.228643931887945
S:1704,N,HEXAGONAL_EDGE_COMPLETION_SEED,LOWER,2,A:LOWER:13:5,P:36,34.89981346032039,-85.10018653967961
S:1704,N,HEXAGONAL_EDGE_COMPLETION_SEED,LOWER,3,P:34,P:36,120.1535588092654,0.15355880926540522
S:1705,N,HEXAGONAL_EDGE_COMPLETION_SEED,LOWER,1,H:LOWER:SEED:12,P:36,120.18186092283284,0.18186092283283983
S:1705,N,HEXAGONAL_EDGE_COMPLETION_SEED,LOWER,2,H:LOWER:SEED:12,P:38,120.18186092283284,0.18186092283283983
S:1705,N,HEXAGONAL_EDGE_COMPLETION_SEED,LOWER,3,P:36,P:38,119.63627815433436,-0.36372184566563703
S:1706,N,HEXAGONAL_EDGE_COMPLETION_SEED,LOWER,1,A:LOWER:10:6,P:38,130.26093875221835,10.260938752218351
S:1706,N,HEXAGONAL_EDGE_COMPLETION_SEED,LOWER,2,A:LOWER:10:6,P:40,49.737918515340056,-70.26208148465994
S:1706,N,HEXAGONAL_EDGE_COMPLETION_SEED,LOWER,3,P:38,P:40,119.63314175833044,-0.3668582416695614
S:1707,N,HEXAGONAL_EDGE_COMPLETION_SEED,LOWER,1,H:LOWER:SEED:13,P:40,120.16225432397508,0.1622543239750769
S:1707,N,HEXAGONAL_EDGE_COMPLETION_SEED,LOWER,2,H:LOWER:SEED:13,P:42,120.1622543239749,0.16225432397490636
S:1707,N,HEXAGONAL_EDGE_COMPLETION_SEED,LOWER,3,P:40,P:42,119.67549135205002,-0.32450864794998324
S:1708,N,HEXAGONAL_EDGE_COMPLETION_SEED,LOWER,1,A:LOWER:7:7,P:42,89.97409481602641,-30.02590518397359
S:1708,N,HEXAGONAL_EDGE_COMPLETION_SEED,LOWER,2,A:LOWER:7:7,P:44,89.9751216379715,-30.024878362028502
S:1708,N,HEXAGONAL_EDGE_COMPLETION_SEED,LOWER,3,P:42,P:44,119.49367073403285,-0.5063292659671532
S:1709,N,HEXAGONAL_EDGE_COMPLETION_SEED,LOWER,1,H:LOWER:SEED:14,P:44,120.03973563987097,0.03973563987096895
S:1709,N,HEXAGONAL_EDGE_COMPLETION_SEED,LOWER,2,H:LOWER:SEED:14,P:46,120.0397356398709,0.0397356398708979
S:1709,N,HEXAGONAL_EDGE_COMPLETION_SEED,LOWER,3,P:44,P:46,119.92052872025816,-0.07947127974183843
S:1710,B,HEXAGONAL_EDGE_COMPLETION_SEED,UPPER,1,A:UPPER:4:8,P:1641,49.93503993892826,-70.06496006107173
S:1710,B,HEXAGONAL_EDGE_COMPLETION_SEED,UPPER,2,A:UPPER:4:8,P:1643,130.02264613342342,10.022646133423422
S:1710,B,HEXAGONAL_EDGE_COMPLETION_SEED,UPPER,3,P:1641,P:1643,119.49210473635922,-0.5078952636407763
S:1711,B,HEXAGONAL_EDGE_COMPLETION_SEED,UPPER,1,H:UPPER:SEED:0,P:1643,120.26490834514168,0.26490834514167716
S:1711,B,HEXAGONAL_EDGE_COMPLETION_SEED,UPPER,2,H:UPPER:SEED:0,P:1645,120.26490834514168,0.26490834514167716
S:1711,B,HEXAGONAL_EDGE_COMPLETION_SEED,UPPER,3,P:1643,P:1645,119.47018330971667,-0.5298166902833259
S:1712,B,HEXAGONAL_EDGE_COMPLETION_SEED,UPPER,1,A:UPPER:1:9,P:1645,35.00570469989039,-84.99429530010961
S:1712,B,HEXAGONAL_EDGE_COMPLETION_SEED,UPPER,2,A:UPPER:1:9,P:1647,144.99878793355262,24.99878793355262
S:1712,B,HEXAGONAL_EDGE_COMPLETION_SEED,UPPER,3,P:1645,P:1647,119.63627815433482,-0.3637218456651823
S:1713,B,HEXAGONAL_EDGE_COMPLETION_SEED,UPPER,1,H:UPPER:SEED:1,P:1647,119.95158734199788,-0.048412658002121134
S:1713,B,HEXAGONAL_EDGE_COMPLETION_SEED,UPPER,2,H:UPPER:SEED:1,P:1649,119.95158734199798,-0.04841265800202166
S:1713,B,HEXAGONAL_EDGE_COMPLETION_SEED,UPPER,3,P:1647,P:1649,120.09682531600414,0.09682531600414279
S:1714,B,HEXAGONAL_EDGE_COMPLETION_SEED,UPPER,1,A:UPPER:-14:4,P:1649,145.04431622654852,25.044316226548517
S:1714,B,HEXAGONAL_EDGE_COMPLETION_SEED,UPPER,2,A:UPPER:-14:4,P:1651,34.96995429187313,-85.03004570812686
S:1714,B,HEXAGONAL_EDGE_COMPLETION_SEED,UPPER,3,P:1649,P:1651,119.67549135205037,-0.32450864794962797
S:1715,B,HEXAGONAL_EDGE_COMPLETION_SEED,UPPER,1,H:UPPER:SEED:2,P:1651,120.25316463298384,0.2531646329838395
S:1715,B,HEXAGONAL_EDGE_COMPLETION_SEED,UPPER,2,H:UPPER:SEED:2,P:1653,120.25316463298384,0.2531646329838395
S:1715,B,HEXAGONAL_EDGE_COMPLETION_SEED,UPPER,3,P:1651,P:1653,119.49367073403236,-0.5063292659676364
S:1716,B,HEXAGONAL_EDGE_COMPLETION_SEED,UPPER,1,A:UPPER:-14:2,P:1653,130.2859724754381,10.285972475438086
S:1716,B,HEXAGONAL_EDGE_COMPLETION_SEED,UPPER,2,A:UPPER:-14:2,P:1655,49.815274600167044,-70.18472539983296
S:1716,B,HEXAGONAL_EDGE_COMPLETION_SEED,UPPER,3,P:1653,P:1655,119.92052872025862,-0.07947127974138368
S:1717,B,HEXAGONAL_EDGE_COMPLETION_SEED,UPPER,1,H:UPPER:SEED:3,P:1655,120.25316463298384,0.2531646329838395
S:1717,B,HEXAGONAL_EDGE_COMPLETION_SEED,UPPER,2,H:UPPER:SEED:3,P:1657,120.25316463298391,0.25316463298391056
S:1717,B,HEXAGONAL_EDGE_COMPLETION_SEED,UPPER,3,P:1655,P:1657,119.49367073403228,-0.5063292659677217
S:1718,B,HEXAGONAL_EDGE_COMPLETION_SEED,UPPER,1,A:UPPER:-14:0,P:1657,90.0107736544594,-29.9892263455406
S:1718,B,HEXAGONAL_EDGE_COMPLETION_SEED,UPPER,2,A:UPPER:-14:0,P:1659,90.00947806058677,-29.990521939413227
S:1718,B,HEXAGONAL_EDGE_COMPLETION_SEED,UPPER,3,P:1657,P:1659,119.67549135205037,-0.32450864794962797
S:1719,B,HEXAGONAL_EDGE_COMPLETION_SEED,UPPER,1,H:UPPER:SEED:4,P:1659,119.95158734199782,-0.04841265800217798
S:1719,B,HEXAGONAL_EDGE_COMPLETION_SEED,UPPER,2,H:UPPER:SEED:4,P:1661,119.95158734199798,-0.04841265800202166
S:1719,B,HEXAGONAL_EDGE_COMPLETION_SEED,UPPER,3,P:1659,P:1661,120.09682531600421,0.09682531600421385
S:1720,B,HEXAGONAL_EDGE_COMPLETION_SEED,UPPER,1,A:UPPER:-14:-2,P:1661,49.847567149186794,-70.1524328508132
S:1720,B,HEXAGONAL_EDGE_COMPLETION_SEED,UPPER,2,A:UPPER:-14:-2,P:1663,129.9816931718934,9.981693171893397
S:1720,B,HEXAGONAL_EDGE_COMPLETION_SEED,UPPER,3,P:1661,P:1663,119.11227951987675,-0.8877204801232494
S:1721,B,HEXAGONAL_EDGE_COMPLETION_SEED,UPPER,1,H:UPPER:SEED:5,P:1663,120.06803585034443,0.0680358503444296
S:1721,B,HEXAGONAL_EDGE_COMPLETION_SEED,UPPER,2,H:UPPER:SEED:5,P:1665,120.06803585034409,0.06803585034408854
S:1721,B,HEXAGONAL_EDGE_COMPLETION_SEED,UPPER,3,P:1663,P:1665,119.86392829931148,-0.13607170068851815
S:1722,B,HEXAGONAL_EDGE_COMPLETION_SEED,UPPER,1,A:UPPER:-14:-4,P:1665,35.11681241294747,-84.88318758705253
S:1722,B,HEXAGONAL_EDGE_COMPLETION_SEED,UPPER,2,A:UPPER:-14:-4,P:1667,144.79129712906513,24.79129712906513
S:1722,B,HEXAGONAL_EDGE_COMPLETION_SEED,UPPER,3,P:1665,P:1667,119.24966635256061,-0.7503336474393905
S:1723,B,HEXAGONAL_EDGE_COMPLETION_SEED,UPPER,1,H:UPPER:SEED:6,P:1667,119.90193482402842,-0.09806517597158404
S:1723,B,HEXAGONAL_EDGE_COMPLETION_SEED,UPPER,2,H:UPPER:SEED:6,P:1669,119.90193482402842,-0.09806517597158404
S:1723,B,HEXAGONAL_EDGE_COMPLETION_SEED,UPPER,3,P:1667,P:1669,120.19613035194313,0.19613035194312545
S:1724,B,HEXAGONAL_EDGE_COMPLETION_SEED,UPPER,1,A:UPPER:1:-9,P:1669,144.91510202473503,24.915102024735035
S:1724,B,HEXAGONAL_EDGE_COMPLETION_SEED,UPPER,2,A:UPPER:1:-9,P:1671,35.03349348239605,-84.96650651760396
S:1724,B,HEXAGONAL_EDGE_COMPLETION_SEED,UPPER,3,P:1669,P:1671,119.41227090399157,-0.5877290960084309
S:1725,B,HEXAGONAL_EDGE_COMPLETION_SEED,UPPER,1,H:UPPER:SEED:7,P:1671,120.37516682371964,0.3751668237196384
S:1725,B,HEXAGONAL_EDGE_COMPLETION_SEED,UPPER,2,H:UPPER:SEED:7,P:1673,120.37516682371971,0.37516682371970944
S:1725,B,HEXAGONAL_EDGE_COMPLETION_SEED,UPPER,3,P:1671,P:1673,119.24966635256068,-0.7503336474393194
S:1726,B,HEXAGONAL_EDGE_COMPLETION_SEED,UPPER,1,A:UPPER:4:-8,P:1673,130.59596796208396,10.59596796208396
S:1726,B,HEXAGONAL_EDGE_COMPLETION_SEED,UPPER,2,A:UPPER:4:-8,P:1675,49.71468964819942,-70.28531035180058
S:1726,B,HEXAGONAL_EDGE_COMPLETION_SEED,UPPER,3,P:1673,P:1675,120.55003108230528,0.5500310823052814
S:1727,B,HEXAGONAL_EDGE_COMPLETION_SEED,UPPER,1,H:UPPER:SEED:8,P:1675,120.44386024006164,0.44386024006163893
S:1727,B,HEXAGONAL_EDGE_COMPLETION_SEED,UPPER,2,H:UPPER:SEED:8,P:1677,120.44386024006164,0.44386024006163893
S:1727,B,HEXAGONAL_EDGE_COMPLETION_SEED,UPPER,3,P:1675,P:1677,119.11227951987675,-0.8877204801232494
S:1728,B,HEXAGONAL_EDGE_COMPLETION_SEED,UPPER,1,A:UPPER:7:-7,P:1677,90.11688618557305,-29.88311381442695
S:1728,B,HEXAGONAL_EDGE_COMPLETION_SEED,UPPER,2,A:UPPER:7:-7,P:1679,89.88838791558145,-30.111612084418553
S:1728,B,HEXAGONAL_EDGE_COMPLETION_SEED,UPPER,3,P:1677,P:1679,119.63314175833112,-0.36685824166887926
S:1729,B,HEXAGONAL_EDGE_COMPLETION_SEED,UPPER,1,H:UPPER:SEED:9,P:1621,120.16225432397495,0.162254323974949
S:1729,B,HEXAGONAL_EDGE_COMPLETION_SEED,UPPER,2,H:UPPER:SEED:9,P:1679,120.16225432397475,0.16225432397475004
S:1729,B,HEXAGONAL_EDGE_COMPLETION_SEED,UPPER,3,P:1621,P:1679,119.67549135205033,-0.3245086479496706
S:1730,B,HEXAGONAL_EDGE_COMPLETION_SEED,UPPER,1,A:UPPER:10:-6,P:1621,49.839472306700884,-70.16052769329912
S:1730,B,HEXAGONAL_EDGE_COMPLETION_SEED,UPPER,2,A:UPPER:10:-6,P:1623,130.11860360041868,10.11860360041868
S:1730,B,HEXAGONAL_EDGE_COMPLETION_SEED,UPPER,3,P:1621,P:1623,119.49367073403228,-0.5063292659677217
S:1731,B,HEXAGONAL_EDGE_COMPLETION_SEED,UPPER,1,H:UPPER:SEED:10,P:1623,120.03973563987067,0.039735639870670525
S:1731,B,HEXAGONAL_EDGE_COMPLETION_SEED,UPPER,2,H:UPPER:SEED:10,P:1625,120.03973563987074,0.03973563987074158
S:1731,B,HEXAGONAL_EDGE_COMPLETION_SEED,UPPER,3,P:1623,P:1625,119.92052872025862,-0.07947127974138368
S:1732,B,HEXAGONAL_EDGE_COMPLETION_SEED,UPPER,1,A:UPPER:13:-5,P:1625,34.98940943380369,-85.01059056619631
S:1732,B,HEXAGONAL_EDGE_COMPLETION_SEED,UPPER,2,A:UPPER:13:-5,P:1627,144.9795040290432,24.9795040290432
S:1732,B,HEXAGONAL_EDGE_COMPLETION_SEED,UPPER,3,P:1625,P:1627,119.49367073403238,-0.5063292659676222
S:1733,B,HEXAGONAL_EDGE_COMPLETION_SEED,UPPER,1,H:UPPER:SEED:11,P:1627,120.16225432397478,0.16225432397477846
S:1733,B,HEXAGONAL_EDGE_COMPLETION_SEED,UPPER,2,H:UPPER:SEED:11,P:1629,120.1622543239749,0.16225432397490636
S:1733,B,HEXAGONAL_EDGE_COMPLETION_SEED,UPPER,3,P:1627,P:1629,119.67549135205033,-0.3245086479496706
S:1734,B,HEXAGONAL_EDGE_COMPLETION_SEED,UPPER,1,A:UPPER:13:5,P:1629,144.99971772766403,24.999717727664034
S:1734,B,HEXAGONAL_EDGE_COMPLETION_SEED,UPPER,2,A:UPPER:13:5,P:1631,35.003990185480994,-84.996009814519
S:1734,B,HEXAGONAL_EDGE_COMPLETION_SEED,UPPER,3,P:1629,P:1631,119.63314175832984,-0.36685824167015824
S:1735,B,HEXAGONAL_EDGE_COMPLETION_SEED,UPPER,1,H:UPPER:SEED:12,P:1631,120.1818609228326,0.18186092283259825
S:1735,B,HEXAGONAL_EDGE_COMPLETION_SEED,UPPER,2,H:UPPER:SEED:12,P:1633,120.1818609228326,0.18186092283259825
S:1735,B,HEXAGONAL_EDGE_COMPLETION_SEED,UPPER,3,P:1631,P:1633,119.63627815433482,-0.3637218456651823
S:1736,B,HEXAGONAL_EDGE_COMPLETION_SEED,UPPER,1,A:UPPER:10:6,P:1633,130.5381147889846,10.538114788984586
S:1736,B,HEXAGONAL_EDGE_COMPLETION_SEED,UPPER,2,A:UPPER:10:6,P:1635,49.6411406261329,-70.35885937386709
S:1736,B,HEXAGONAL_EDGE_COMPLETION_SEED,UPPER,3,P:1633,P:1635,120.15355880926586,0.15355880926585996
S:1737,B,HEXAGONAL_EDGE_COMPLETION_SEED,UPPER,1,H:UPPER:SEED:13,P:1635,120.25394763181984,0.25394763181984104
S:1737,B,HEXAGONAL_EDGE_COMPLETION_SEED,UPPER,2,H:UPPER:SEED:13,P:1637,120.25394763181967,0.2539476318196705
S:1737,B,HEXAGONAL_EDGE_COMPLETION_SEED,UPPER,3,P:1635,P:1637,119.49210473636049,-0.5078952636395115
S:1738,B,HEXAGONAL_EDGE_COMPLETION_SEED,UPPER,1,A:UPPER:7:7,P:1637,90.03400885845122,-29.965991141548784
S:1738,B,HEXAGONAL_EDGE_COMPLETION_SEED,UPPER,2,A:UPPER:7:7,P:1639,89.89291342016871,-30.10708657983129
S:1738,B,HEXAGONAL_EDGE_COMPLETION_SEED,UPPER,3,P:1637,P:1639,119.41227090399157,-0.5877290960084309
S:1739,B,HEXAGONAL_EDGE_COMPLETION_SEED,UPPER,1,H:UPPER:SEED:14,P:1639,119.90193482402842,-0.09806517597158404
S:1739,B,HEXAGONAL_EDGE_COMPLETION_SEED,UPPER,2,H:UPPER:SEED:14,P:1641,119.90193482402842,-0.09806517597158404
S:1739,B,HEXAGONAL_EDGE_COMPLETION_SEED,UPPER,3,P:1639,P:1641,120.19613035194313,0.19613035194312545
