frame,absolute_time_ps,relative_time_ps,HBN_aligned_rms_nm,HBN_aligned_max_nm,HBN_bond_deviation_q99_nm,HBN_bond_deviation_max_nm,HBN_angle_deviation_q99_deg,HBN_angle_deviation_max_deg,HBN_planarity_q95_deg,HBN_planarity_q99_deg,HBN_planarity_max_deg,HBN_equilibrium_q99_deg,HBN_equilibrium_max_deg,PYR_max_aligned_rms_nm,PYR_max_bond_deviation_nm,PYR_max_angle_deviation_deg,HBN_PYR_minimum_contact_nm,PYR_PYR_minimum_contact_nm,PYR_waterO_minimum_contact_nm
0,0.0,0.0,2.4381133086817255e-05,0.0009986586137091648,0.007577117426796362,0.011955407680014685,2.8943866242946426,5.201332395657403,16.96064899859943,20.760470869255283,31.033584189749803,20.21056880721647,26.55498418974983,6.071379453265956e-16,0.006578122922714327,7.245084178867131,0.28303356691389053,1.8560223597791057,0.2992941696725816
1,0.5,0.5,0.03170213234113012,0.14746913653844843,0.007903061108968696,0.010653973535744848,2.8988537994733927,4.564718683228435,16.750077977253717,21.230005060620183,27.77260569420659,20.890803437262218,29.53180176442055,0.023462833219893904,0.007699058478129295,10.604310726557912,0.3004080558174162,1.8116172333028853,0.30161896492097445
2,1.0,1.0,0.03842457578828994,0.1597202325740101,0.007894678119359887,0.010689799357815971,2.9862128798594534,4.365235923649394,17.00712797959711,20.77636773293773,25.27379128618702,18.910827705115867,26.359666354878527,0.021536636106696896,0.009792105578551563,8.866331582769504,0.29986830442712686,1.8196821150959308,0.2948185882877804
3,1.5,1.5,0.04627074017592491,0.15665350888893745,0.0078100454091687335,0.010582921043844978,2.913348362637073,4.345372198180243,16.902903976999085,21.351894372073705,24.350946958283316,20.57062149462155,29.061046958283328,0.01664956511062068,0.006731268498502363,10.25173455467936,0.2962937731374052,1.843385201199142,0.29113227234368916
4,2.0,2.0,0.04458612601323183,0.16518791358101095,0.007958333570293602,0.010210199692652494,2.9437279231557594,4.478381998793637,16.748729689780898,21.212476855976476,26.742308384612954,19.399860232966248,27.124327274282905,0.02179104170358445,0.010012815496471317,7.511850797695672,0.3049688508684122,1.7763347094508959,0.2928924717366425
5,2.5,2.5,0.04112851321954542,0.18838502489108241,0.007550638041476998,0.00981547043850231,2.7703696855405338,4.359088084620723,16.848791232966775,20.665362464307783,26.878874404293015,19.821095642719808,30.548556940625758,0.01858188396567292,0.007515876617542314,8.89959198445328,0.3106798995751093,1.7402956645351964,0.2914566863189111
6,3.0,3.0,0.04053650223053895,0.20777517181987226,0.00802357124296825,0.011195390456952697,3.0146601687685437,5.16552570469392,17.12093164581716,20.577112252800788,26.848160535629574,19.759880895125445,27.825888926308153,0.018869972181700553,0.007197236581880678,7.1706090549742925,0.3055715955385897,1.6601569202939825,0.28832273583607637
7,3.5,3.5,0.04113457789921692,0.18210111645522795,0.007425049896500125,0.011260532945448376,3.049219514097878,4.978286315877597,17.31301080730447,20.466605279528878,25.92351809133362,21.855678540758802,27.648330736212415,0.022866149276241896,0.009264328785261178,6.754593525931298,0.29857997253667223,1.709244569978211,0.30006832555269786
8,4.0,4.0,0.04425045172712824,0.2028298152842096,0.007543156619440971,0.010572702679200435,2.994767929362513,4.361951223027376,16.93162266463642,20.761025134956764,24.9020741682869,21.50656080488962,32.916373715322834,0.01806619061167387,0.00676463929644984,8.446407099663048,0.2901189411258765,1.7458513682441583,0.2984308965238016
9,4.5,4.5,0.042944472026367274,0.23344985300262508,0.00774644685560637,0.010535326484115703,3.0020128556366688,4.345393718698901,16.832667574090202,20.745719855244733,28.902328531505873,19.91303007861044,28.755771334702672,0.020140852478576905,0.008790597038827647,8.12198899687408,0.29570424413592716,1.7078600645251945,0.2842868269899259
10,5.0,5.0,0.0419664079003802,0.18144708121926387,0.007756171757133888,0.010608090569846962,2.987464673683903,5.273342646430322,16.718956284925877,20.60452981968432,24.047811473731684,20.351975294394652,28.454492730582274,0.019938910951732534,0.006830149635209087,8.820570115073977,0.2911460114787768,1.6324601067101148,0.2980570415205783
11,5.5,5.5,0.04076425260116687,0.28507622072542604,0.007654703289302085,0.011397535434796019,2.9266282181102157,4.019767309283409,17.10799503807152,22.197719479215262,28.588548179161222,20.934044617574944,30.964597013001935,0.020238788643561288,0.008106219097896161,8.502297617540677,0.29397108701367214,1.6615673323702536,0.2836793965024598
12,6.0,6.0,0.040840331303835346,0.25501527893419423,0.007623519634259842,0.00988273364337136,3.0710395265046198,4.652098982497961,16.789819717603486,21.105031116594475,27.4115465372505,21.352061810888618,29.25016241659921,0.022836792251002835,0.008770414115012198,9.584645642334948,0.2862638642930683,1.6985655712983228,0.30123080851732265
13,6.5,6.5,0.04541657154434383,0.23209466272386323,0.007594885108325298,0.011328865053976234,2.9305381583162164,4.271487698478964,17.096605619040414,20.6291819885459,25.61829728370327,20.421949559071997,30.999364706301435,0.018467798809980417,0.00701141812122183,10.572999597983227,0.2806724069088374,1.7381150709892597,0.2852735529277112
14,7.0,7.0,0.04764892781347391,0.17804742013162916,0.0075702184737743965,0.010621070458759513,2.8610516998053814,5.04200524217984,17.283626508653295,21.062593418015236,30.844612255477898,21.27011737829956,29.505782735210914,0.017323578949048988,0.008258889263931993,7.052632832151033,0.30438626775858346,1.6528466353536855,0.3023805549303723
15,7.5,7.5,0.04137720886383616,0.21460980149116343,0.007948168095255633,0.011129718368137032,3.0037399549236987,4.5792685593918065,16.58126075463959,20.49245532520064,25.85447102059456,19.816539659028617,27.573720397069565,0.016123055829572117,0.008092695142738332,6.462093802302064,0.2865693633311141,1.6292762196754733,0.3058120337723814
16,8.0,8.0,0.03910079233517205,0.18999281773414337,0.007705879637570427,0.012168699173849523,2.9295501513368554,4.93396239463236,17.453285016662377,21.755606553693912,27.845036021544416,19.84248504368888,27.820343572716297,0.019280394669500326,0.008052136080850258,7.0620469601165325,0.2835436474336889,1.727164439189274,0.30004999583402736
17,8.5,8.5,0.040328178108040603,0.19620145329779765,0.007759022625850722,0.009992245670091354,2.9781951550916843,4.300035758977387,17.239557610165917,21.246229530320093,26.204444346703667,20.446853762062094,30.048877283368256,0.02403496855274346,0.008261571690283853,9.350767612076922,0.3017979456523852,1.7202645145442024,0.303935848494382
18,9.0,9.0,0.050533915434235396,0.20720321272667205,0.007897383996929032,0.012038211910350566,2.999900178170266,4.517129473378375,16.605793098776388,21.249921656488556,26.281480310097407,20.201255256949793,33.98138031009745,0.01691500557039109,0.01089808436034187,8.288349678997605,0.28175521290652294,1.7875374121958958,0.2900224129270009
19,9.5,9.5,0.057692896579142755,0.24490566025435437,0.00777982941550002,0.010928060163884479,2.928247015335765,4.81412238849434,16.744546887460285,20.778089766682733,25.77190542627946,22.24159591399912,32.24268981612994,0.01948862819109651,0.009254050310492062,13.396878148317995,0.2942549914614872,1.7678928134929448,0.2867106555396919
20,10.0,10.0,0.05379783291874393,0.18506830037463087,0.007934561652646985,0.011189799999872407,2.903668227235232,4.656524256454929,17.059438043956106,20.974092478191178,27.57630097711413,21.025879272295853,28.893520066372105,0.019569017483684743,0.006925557872700577,7.324615732079366,0.3053604427557704,1.7272877583078046,0.2883851591188422
21,10.5,10.5,0.047899157594428025,0.23488931092079626,0.007928136249642663,0.011041661103693423,2.97123490063168,4.218222687603756,17.104699130429253,21.38255797052323,25.573016292056565,20.375650929815162,32.24111629205652,0.018490292534178897,0.009337855212466273,8.523439360002541,0.2982901272251572,1.6373619025737716,0.2855398396021123
22,11.0,11.0,0.0438758378591775,0.19791365914210945,0.007696772002360096,0.010064089399194925,2.9613089520106577,4.630945399529253,17.37116945730646,20.962044241064863,23.842927502322766,20.293891138769663,28.03966135198891,0.019722593461526633,0.008420140275088361,7.3069922391293005,0.2956552045880475,1.530454507654507,0.30293563672833185
23,11.5,11.5,0.04811358637589054,0.22340965585622788,0.008104718011351106,0.010788978595232035,3.0189253431984606,4.3859664623103924,17.001163439617788,20.911127514041347,25.75957955548165,20.52298060534702,30.666756106988373,0.01627440235536139,0.00837235799513339,8.397180364386827,0.2984141417560501,1.6136932794059713,0.29201712278563435
24,12.0,12.0,0.0484266730296909,0.19606522521344327,0.007825433207205726,0.01176212135230606,2.945929589897039,5.713737226286668,16.86983188473601,20.286938305944968,24.67484456052003,19.716523967425825,27.869981921970066,0.019086243811387436,0.006911931921603887,8.391953376964352,0.3047261065284691,1.74323205569425,0.2997832550360341
25,12.5,12.5,0.044190650011292375,0.1984092742460149,0.007730006430801921,0.010017999470482652,2.9550715531147667,4.5091166022661895,17.318001773060193,20.559856974298384,25.049315946015668,21.85420677818904,28.56042435312071,0.01664801478042464,0.009334503920218257,8.977506131293183,0.28507192074983434,1.727083669079179,0.30066260159853603
26,13.0,13.0,0.045488508667672393,0.21903895635848472,0.007876192620897568,0.011500100778128075,3.000307766045897,4.866309537720511,16.910622909231314,21.21862582576632,25.40541826491608,21.161694335039638,29.96767666106996,0.019146830797653117,0.00799465836421917,8.77946708080789,0.2736622005319694,1.663286205077166,0.2821364917907645
27,13.5,13.5,0.05368343487416701,0.247114395318329,0.007861678884487515,0.01164753543479588,3.031369453322158,5.655497809705835,17.331921726191577,21.433715029448557,28.65860271351457,21.421002913618533,28.53012163337951,0.017736681108186794,0.007628982639382248,8.489036170216366,0.31094050877941265,1.7121956663886282,0.2932319900692964
28,14.0,14.0,0.05631151020739933,0.25342248561486913,0.00805850069586812,0.01091411502397363,3.02884928168005,4.2965490584333565,17.166050965024294,20.769202268333398,26.586789860646178,20.36085736913747,32.66159621366319,0.021170280768544394,0.00822443537387696,9.143724314064755,0.284576878892154,1.7624224805647484,0.2893268048418602
29,14.5,14.5,0.056435133000009824,0.2626730713020614,0.00794410850836252,0.011704075625523641,3.0351261176408086,4.403988820191785,17.485273358304134,21.23821129532258,26.23884323459407,20.920566272439956,32.93074323459405,0.02388626636005074,0.008173779928771663,8.633401329537008,0.27739142019896734,1.6920452121618976,0.28737780011684955
30,15.0,15.0,0.051821065087875325,0.22980157129030368,0.008276971340253113,0.011782329539032688,2.9946404094321633,5.457939645899813,17.05929305492386,20.851702822305658,26.95478334936817,20.07795656294641,26.600877360657705,0.02640282451206044,0.00824177335182813,9.087702892638234,0.30150456049618923,1.7485925769029216,0.29775493278869436
31,15.5,15.5,0.044825538696655044,0.18632125807934594,0.007710683201836126,0.009890347208323214,3.0385158370742755,4.549124207896725,17.24161690261577,21.572498592552492,25.5049844906587,21.14997669078173,28.565290565236296,0.027205180739610566,0.006642133330397454,6.3789580410624325,0.2881700886629287,1.774304934333442,0.30375483535246
32,16.0,16.0,0.047187483165781766,0.16090827631897225,0.007541257818744389,0.010974364508828854,2.9706204301433923,5.055583068354736,17.140181151250907,20.848734963883768,25.25983107245588,20.68836710998018,29.490290826825117,0.018712374820749538,0.007197811761225498,7.480135683937078,0.28600874112516217,1.7091857710617648,0.2911460114787765
33,16.5,16.5,0.052490910997734015,0.23189614120897822,0.00795477198713618,0.01120884318336135,2.9032765241578797,4.737561348865725,16.974489428036154,20.765811091305537,27.996525757443294,20.53822230383617,28.013509219377568,0.02211523703227546,0.008854491560170735,10.291008048205043,0.28900173009862756,1.7253225785342288,0.29900668888839255
34,17.0,17.0,0.050582721150635654,0.2425747334801126,0.007943074125689268,0.010824957711118882,2.965146211462759,4.1712604269306865,17.351220038506106,20.41850705504665,25.594404865963952,21.823352306714508,25.456118027479306,0.019817774845062204,0.008814140320366176,9.74410612544321,0.29020337696174375,1.6847593299934562,0.29764408275657045
35,17.5,17.5,0.04783175466879404,0.22468890768360325,0.008054998822098938,0.01139673246545636,3.0118056223328336,5.144551316938632,17.11226132380446,20.620612206877187,29.37381488747843,21.279915949852125,29.76299770828973,0.017305992033503647,0.00849006043354128,10.852507962164822,0.2846348538039573,1.5880591928514505,0.2863791193505561
36,18.0,18.0,0.049189646812928096,0.2179392310735068,0.0075486037378497016,0.009468133291800268,3.07364557643233,4.681339851062461,17.505637554643233,21.977767766541668,26.79510192100247,20.9010688812372,32.548101921002456,0.02299809903804745,0.007546459265877076,8.018764204505771,0.30023990407672285,1.6149532500973522,0.3018294220250901
37,18.5,18.5,0.04868984800294399,0.19744482849605877,0.008013411143679344,0.01122544589530472,2.8151343896574588,5.638395752577708,17.2636140510511,21.199274327700937,26.59488381504292,20.695510899645445,26.09881028537029,0.017059530978475304,0.007970984573599599,9.117634503026153,0.29396768529891215,1.60048773815984,0.2926448359359858
38,19.0,19.0,0.04880004962453196,0.20718059726499968,0.008062596771329103,0.011547117507797244,2.9293155542182445,4.415349165498625,17.47191498219381,20.50341408470622,28.081713500313015,23.378856308183863,28.270827692263993,0.018547693152289966,0.008389789207270237,7.673790033818662,0.30814606925936916,1.6550199394569234,0.2827826020108023
39,19.5,19.5,0.052985736889740905,0.2058845156306748,0.007859575870461493,0.010098340405708534,2.9581366161024096,5.353995410112361,17.53328171947129,21.68977596812222,27.018010924809403,21.513401254316793,28.357996087944457,0.01830186262659497,0.007007287031523701,5.4094921535036775,0.30663007028013406,1.505362082689743,0.301718411768324
40,20.0,20.0,0.06063527994754191,0.26190103295143224,0.007479332086592343,0.010356649448368893,2.965531691742199,4.137734678040999,17.513995693998318,21.51688296154416,28.05120348495572,19.870390759557814,31.52302155448473,0.016106269419668744,0.0066800969018375456,12.349624565948389,0.30918602814486945,1.4535907264426253,0.28936136576951643
41,20.5,20.5,0.060813518221061284,0.19266245079992494,0.00806928826613461,0.01223231220076873,2.974972565079364,4.824021967656819,17.243552105262914,21.504586449427723,29.28802809153791,21.077660991243146,29.45471608373782,0.019633773487756086,0.00865612990372773,7.4587177493470165,0.3055552323230611,1.5000846642773202,0.2910996392989864
42,21.0,21.0,0.06249277896520794,0.1971557601446702,0.008059491475692024,0.011256199876997025,2.908786576175772,4.281283778767616,17.52446026757813,20.74306393717082,28.813423203557647,19.939103177293703,33.410423203557684,0.0195412224527515,0.008214305671172956,10.762576359493977,0.28970847415980006,1.4492598110759853,0.29166761904606375
43,21.5,21.5,0.06518401481694006,0.19698676982062813,0.007970625956823506,0.0122484954354522,2.9300657240175987,4.654721212489804,17.357057623654402,21.686748768423318,29.123415515740845,20.576365409064486,26.814004435746824,0.02361208020537426,0.008985557542037642,8.00389264587804,0.3135602015562562,1.522709755665865,0.29872060524844996
44,22.0,22.0,0.06676992883839794,0.21371279042233862,0.007969962185087984,0.013088582762955742,3.216953156983579,4.944557867846655,17.217906307778367,20.96349824679281,28.498515984475546,21.0815933858221,25.488196824426495,0.018770083635489373,0.008996768663088683,10.382235770061556,0.29277294957014083,1.4643585626478237,0.29077138786338663
45,22.5,22.5,0.0721478795303883,0.20901703995930873,0.008006732813193857,0.012635502623376094,3.0158222170877775,4.121913142101974,17.344479216499455,21.750196501854077,25.470770641061222,20.142263994988298,28.050546237905564,0.01813563894825312,0.009200390446288842,6.159952572142274,0.29956802232548096,1.5199095367817124,0.2989397932694806
46,23.0,23.0,0.07607649288664453,0.2216647413653582,0.007851605422474836,0.011916870078886976,3.139847879419614,4.086349019974477,17.33936027186496,21.604692469014648,29.79788851854792,20.43194327211499,28.769724215362658,0.019461003263782643,0.009857911709342235,7.417985785639161,0.29453862225521443,1.6047563678016674,0.2885619517538652
47,23.5,23.5,0.07458700839551845,0.22755038661405017,0.008129594028409312,0.012914570680791243,3.0395539484249623,5.204120723076031,17.479577226769297,21.537925198528217,24.790545295601845,20.5168764403838,28.246220297089508,0.02167024257374749,0.006869965103711323,8.739109164550499,0.29912372022292066,1.5649015943502647,0.28114231271724316
48,24.0,24.0,0.07217435091385764,0.21008957420182,0.007861894892474106,0.011521427113900973,3.1196937547928463,5.390040703506173,17.650866197210263,21.61608970290162,26.026771973732934,22.20034818246069,27.192757000182382,0.021866805368039092,0.011269083898501009,12.73802606480865,0.28996206648456646,1.6896180041654387,0.30553068585659254
49,24.5,24.5,0.07564519592001992,0.18667839593433996,0.00827142463808858,0.013154297587733121,2.980786792852136,4.890314564836103,17.35895971541418,21.3382094788541,26.718187063263485,20.986942394021334,31.413532765242678,0.019090218937705412,0.008830954667726848,10.860769907746672,0.28240396597781714,1.6493741237208737,0.3026169195534187
50,25.0,25.0,0.06839111813223916,0.20308155201541261,0.007749237046211466,0.010397082982580491,2.9810239936271743,5.868624362249378,17.083058955958375,21.55263380976747,27.789561230328815,20.141253829840203,27.96308706328682,0.019385185751227618,0.009704691369361917,8.674665361176366,0.2896256204136643,1.6604348827942637,0.2953828024784112
51,25.5,25.5,0.05735013205514502,0.23757188156541184,0.008067576613797563,0.011005015869723883,2.979161458697182,3.907144527403858,17.486325047020582,20.937769226218183,25.324004149268234,20.44307592736328,27.345314340540938,0.01811323116765673,0.009478541575844102,10.341819361843449,0.2996097461699131,1.6710251344608797,0.29793623478858694
52,26.0,26.0,0.057513442408307906,0.21921688179443086,0.008098733019844066,0.010068978595232592,2.871844793529138,5.663464152005261,17.26151923782755,20.937046198080274,24.25678248579746,18.999641318138696,29.38738182483263,0.01608339625926448,0.009361312150778484,10.916735417347752,0.29885280657875674,1.6848341164636944,0.3060816884428072
53,26.5,26.5,0.05664762547749369,0.2822220724447271,0.007888722199855919,0.011808148984787936,3.0360136261406554,4.772464302749398,17.41652687211767,22.14825050896576,32.91762466313591,20.636645013386758,29.72111899384413,0.022759983731308622,0.009143355666910769,8.048094614026795,0.29865197136466365,1.7635152395145324,0.2887801932266128
54,27.0,27.0,0.06023243546548118,0.21549445432467126,0.007961446537054202,0.012897832230499146,3.0436201913500613,4.9673529008295105,17.053760641962125,21.12449387279534,25.212559575573295,19.942938828178065,27.783874793589348,0.01585465677535238,0.008730084610029082,9.67642950638303,0.2948660712933927,1.885314562612828,0.2866321684668348
55,27.5,27.5,0.058485222174510264,0.2850698692137049,0.007765866597904397,0.011371271268331706,3.0375019930871403,5.801436321670849,17.0918564118666,21.133383589625257,27.962049460021973,20.750043463571252,29.605112542287998,0.018793298751080892,0.007575250557103591,9.064706287575902,0.2955909335551414,1.8817454663157824,0.2940153057240389
56,28.0,28.0,0.058914960563080356,0.25740143163591583,0.00814536095375572,0.010409710237978237,2.987911727398076,6.132585136117072,17.644141036295157,21.238628444738257,29.008635121503346,20.17579026995864,25.04330748326788,0.016686323513244998,0.008480823780913083,6.920303726030809,0.303079197570536,1.8837178663483551,0.29587497359526704
57,28.5,28.5,0.06159338624581263,0.27183025953705364,0.008132045652784857,0.012949541928253733,2.9996834430676973,5.108768816349581,17.25614003551406,21.773566283021268,27.150591355488643,21.803368199061687,32.45675280738317,0.019665347406107394,0.009763845831402815,8.516129491380383,0.29516944286290875,1.8846296718453739,0.30511145504552917
58,29.0,29.0,0.06799233702095082,0.29699324820288836,0.008160696553923846,0.011362559741976946,3.070087080616111,4.638911703896383,17.445499876904396,21.359897416027984,25.499884370650136,21.057658877952356,30.17574042780177,0.01812849181887247,0.006731268498502141,9.124077971572945,0.2792382495289635,1.8219607569868237,0.297124553007657
59,29.5,29.5,0.07151796266399882,0.2454610963978095,0.008224818161238993,0.011039471236196585,3.0887793834640176,4.920964909135037,17.263008171215848,21.601589687519212,28.458879411976056,20.547477832763068,28.530948702163982,0.024998955603589307,0.007408620369349625,10.054815961963925,0.2947829710142702,1.8167773666577858,0.2909209514627643
60,30.0,30.0,0.07173703880245375,0.23841457624747472,0.008195967187686337,0.012737123087750074,3.0607988151837615,4.572369334402694,17.306867087436256,21.219708992699832,24.912217737860345,20.525852310759625,28.77890271339561,0.01883929780161057,0.008561696527158769,8.400901270564816,0.29109105104760546,1.7236243790339,0.3018029158242183
61,30.5,30.5,0.0682714585913952,0.22545852937311947,0.008179399775770833,0.012009473397594644,2.927128082905538,4.525911270095349,17.239003064412724,21.37988934543622,27.133499782439316,20.723941690828017,31.216192753245082,0.016080265079983582,0.009384765402341455,11.823799822814294,0.2967962263911053,1.6570905225726205,0.2955807842198136
62,31.0,31.0,0.07085059187508272,0.2285358344256855,0.00824653334515608,0.010329885648165726,2.8922757781904442,4.323178367586635,17.10456476853989,20.939757509081048,30.6501952390455,22.054346651225988,32.00617641717713,0.017812954149231234,0.006652798075799937,11.858345562970214,0.28849436736269235,1.6668734205091877,0.2750363612324741
63,31.5,31.5,0.07151780621163559,0.25282243165516816,0.00828979688190048,0.01051527256189369,3.0288710602472024,4.521570723982222,16.985509767668916,21.24441070597464,25.088682549032484,20.64396492521482,28.285646519820034,0.02095700644946696,0.008366178524577994,8.094223146111048,0.30243346375690655,1.7211362525959408,0.2972961486464296
64,32.0,32.0,0.06863734501406508,0.3160588510977166,0.008037386381799221,0.010208704844951871,3.237812699775178,4.498660962019315,17.13347979406631,20.876673918701524,26.725464126595114,20.360008901175174,31.697892846695083,0.022527427649003392,0.010572709209134445,10.135342224879096,0.29583948350414646,1.758712313029052,0.3154631515724136
65,32.5,32.5,0.06785043411106287,0.2601602915567563,0.00826058727182844,0.014267155038660134,2.9985271336087753,4.4691248562699,17.22892461112867,20.711600176396438,28.88186892067418,21.377714369155726,27.979069029722496,0.020312490354388462,0.007167208366342825,8.729104443162555,0.29622457696821886,1.7034054126954046,0.29201883500897685
66,33.0,33.0,0.07349232899576444,0.3632639899354981,0.007769136352722684,0.01058277539624905,3.1519156772726653,4.235250364010156,16.829364337507787,20.803658923999382,29.45571272783826,21.014579088053804,35.41041272783826,0.01739006686773731,0.009364789359915804,10.175406997037072,0.2837269814451912,1.681607861542042,0.29880595710259844
67,33.5,33.5,0.07626787031381965,0.2638179361408877,0.008446854383308755,0.01166050890502865,3.0896795860641806,5.040958004214758,17.19353813379673,21.106152297768023,26.762275164726475,21.171992706089284,26.80312344043557,0.01784292925883061,0.007279389695621474,9.520490886757173,0.298202951024969,1.9082140865217405,0.28940283343464324
68,34.0,34.0,0.07889539825145678,0.2842227102423675,0.00823410760459698,0.012480012356630515,3.2255248106973347,4.7282355784184205,17.146958689129892,20.868009082157965,28.42302221171505,20.20687069328369,33.985122211715066,0.017891495042416463,0.007529238351071721,9.309912740309215,0.2904840787375444,1.9119500516488392,0.2990016722361264
69,34.5,34.5,0.07598820262366342,0.2521865153995398,0.008200754509358752,0.011049090673249051,2.9376621453309544,4.0167205808644155,17.176613466132004,22.236250610252537,29.447794954103983,21.30534605667618,27.8534481629182,0.021605743089287612,0.008780505919483456,8.378224131432248,0.28722290994974653,1.8508190078989362,0.3014962686336267
70,35.0,35.0,0.0761163586929465,0.30521566404531275,0.0083664886324784,0.011332733643371284,3.0585043281875395,5.441413921226967,16.95110094364497,21.268727149913524,25.829495077063427,19.66806429013156,26.663058443553723,0.020842437607127832,0.008197421293226342,10.711827386872415,0.3128274284649606,1.798795986208553,0.30345180836501817
71,35.5,35.5,0.07475843484099191,0.30870376946034733,0.007902845911389863,0.009887105270118046,2.994976990450904,4.604309550087464,17.143754090551585,21.01233790070723,25.254702486647204,20.057000424243242,27.50886614789465,0.01624061239998213,0.0075781226142006275,9.343292979419203,0.26798880573635936,1.7732064177641584,0.29523041848698445
72,36.0,36.0,0.0770260256164176,0.2474825051501421,0.008195660610276758,0.010956124231193048,3.0608326330124065,5.606639119803717,17.7493484350142,21.33186625316636,26.92858059510067,20.066583982377374,31.583844327119436,0.02016785024791218,0.008254820325313827,7.762660404228271,0.2933905247277082,1.598213377493757,0.2878350221915325
73,36.5,36.5,0.07297116724049904,0.24149380180990848,0.008272957938997209,0.012546292806985437,3.030785441019322,4.861800584673645,16.625033485606714,21.833611442618274,30.866393653626943,20.630938318847633,30.085304652712693,0.018389433980620373,0.007415252503603059,9.901055066190324,0.29370733732748316,1.5484963674481125,0.2888009695274582
74,37.0,37.0,0.06450184206370885,0.2626053075654343,0.00780799711429585,0.011138897586092045,3.1166502665696467,4.250514390573585,17.17611200751092,21.343637131016038,27.199716950086724,20.05974562017708,29.686813718658073,0.017553315580800043,0.006809696938393034,11.754772162281625,0.30161896492097456,1.4778288128196715,0.288182234011745
75,37.5,37.5,0.06474106625935137,0.2680000570900509,0.008186852616983178,0.012470278852617867,3.093689022920727,4.694050515016045,17.788079910325703,20.89920657442539,28.029273688412758,20.98045820542801,27.812515328825043,0.017960789988073884,0.009706038925954036,9.085622857990415,0.27912183719659045,1.4897788426474585,0.3022680929241458
76,38.0,38.0,0.0685664079489122,0.26035391325851753,0.008448224055898788,0.010788317918899448,2.991143387725868,4.579065113678098,17.56183943313658,22.026919920894752,29.76664053292373,20.586026532244922,38.0610405329237,0.018478645496230996,0.009736981283094914,7.8959763019889095,0.31153490976133,1.5341453646900611,0.29075247204452115
77,38.5,38.5,0.0655823836000762,0.19631329399753533,0.007968057420696525,0.011775341975092307,3.0333193439556356,5.270830334958561,17.583819091701002,22.036138390135672,26.096501003468404,22.117037571549783,29.4224262510387,0.018392843097009417,0.008507786261034322,9.000111657583034,0.29237475951251324,1.5053630791274244,0.29201883500897696
78,39.0,39.0,0.0635889287979605,0.3113983856301133,0.007956174998335792,0.012303548264752134,3.1768912570912513,4.613656176698555,17.30306556690625,21.52671662107384,26.368623350864823,20.44320918767598,26.16121638193499,0.02544086457491847,0.00857853947004475,9.548417059601377,0.29619081687317733,1.4776159852952324,0.29997833255086936
79,39.5,39.5,0.05521814283134258,0.2010473083740523,0.007960007864550271,0.010957160152952089,3.095019598253184,4.6174326762925375,17.665859859280953,21.40220939305149,27.60208709427326,21.45723345609932,29.090019272783593,0.019918991353803126,0.007656100816148065,8.795863165876767,0.29402891014320315,1.4973967410142182,0.2918801123749269
80,40.0,40.0,0.05588109656418755,0.24564184537877484,0.008158656483549064,0.012170947147733091,2.991310211409724,4.992231354027595,17.1669313000686,21.523815105913595,28.12977952304888,21.12298796429406,30.966983118677263,0.01825995324995138,0.008241316672067567,9.360711685089285,0.326231512886171,1.5997527934027804,0.29917553375902883
81,40.5,40.5,0.06190632601773878,0.2240680162671773,0.008291097119911732,0.011808897586092104,3.0781149935970307,5.812055023662126,17.097146869524607,21.017455193838067,26.94547950098584,21.14274122415809,31.379998286675118,0.019175383389985732,0.01002662381947228,9.459200254059084,0.28708709479877337,1.6073272846561146,0.2809430547281781
82,41.0,41.0,0.07089498514385849,0.40486221535010597,0.008148429462315167,0.010621335298216156,3.093604236160949,5.123623322850861,17.054211399501355,20.71606351842492,26.61803176181874,20.81379175791485,31.310531761818766,0.02030278609306916,0.0076323726841495965,7.145218154249022,0.2865414455187943,1.5608161326690597,0.29432125305522844
83,41.5,41.5,0.07741904205042772,0.26987246877662796,0.00838337657697509,0.01088774041458418,3.0370236983551298,4.418372466275855,17.45437223373204,20.944244257174976,28.157084286777547,21.311718952053745,28.259919812511612,0.022951027925334214,0.00776912219233325,7.650534263165326,0.28191488077077437,1.6791006521349454,0.2856343816839981
84,42.0,42.0,0.08046721363991892,0.2875830486352617,0.008296078863403021,0.010712494365666153,3.186885528600746,5.530728990751797,17.25954116681433,21.47096550296529,28.640870019969128,20.931620015872912,28.663098530947934,0.019766807130161403,0.007907398484297973,6.965511622358946,0.2849157770289315,1.862884591165003,0.2819982269447807
85,42.5,42.5,0.08128556261132264,0.338886631256428,0.007949530227632791,0.013056951761066193,3.013905315267164,4.900231305267226,17.91328324296374,21.495395426977698,28.507512940045814,22.605889140068392,31.898378092161238,0.01779653274956547,0.008177157497703397,7.343824877540484,0.3127203223329112,1.7106007716588931,0.313716432467284
86,43.0,43.0,0.07940620427553198,0.2677135830446733,0.008213048110149501,0.0141378651014063,3.1490227920327714,4.876151237880066,17.47356379198306,21.862376770143488,27.27665280159752,20.848053713705152,32.361519288017746,0.01857944844905342,0.006038562447372067,7.836580785664026,0.2871880916751248,1.6787495346239116,0.28057619286033536
87,43.5,43.5,0.07831091680356106,0.30608381503441184,0.00818832037418305,0.012022423450659625,3.0323664004654884,4.460843428802605,17.3630098298823,20.902896073344,26.370062426012794,21.45079331639719,29.30851028176312,0.019447582562338788,0.006645886633585091,5.988348978691874,0.3049606531997205,1.7374015079998055,0.2926345844222791
88,44.0,44.0,0.07943856431031354,0.2886771917158435,0.007711518959196959,0.01098174214718961,3.0278806949544155,4.541242754856967,17.501568525133127,20.79285311551025,27.291294683958796,19.271150584744348,25.679247279695346,0.019985769075060795,0.007116188547669378,8.397597833801711,0.28700696855651425,1.7595311875610504,0.30149295182474817
89,44.5,44.5,0.0794616444518854,0.3622863053359806,0.008306914087079682,0.010993849196990396,3.1410905894740386,6.281246572934421,17.232758000667296,21.117099149266963,31.676018656373515,21.66499056491681,28.916488710431395,0.018755220408338043,0.008507786261034517,8.14649177141672,0.2979345565724127,1.7145885803888934,0.29238844026397504
90,45.0,45.0,0.076691395476972,0.2892625045838915,0.008059657083920271,0.01125939971726489,3.149274476823811,4.717213349654784,17.481172074130736,21.108700643265202,30.461118615639037,21.997490619475112,26.380518615639062,0.016068290378936496,0.0060385624473723865,11.023565954619556,0.3036148876455175,1.6552924212960072,0.2960979567643114
91,45.5,45.5,0.07464947157009537,0.3073600725622168,0.007979200200720038,0.012671243411554595,3.0966288694109223,4.777834184286007,17.287239269616702,21.832847250068856,28.09988607235249,20.51560642876783,33.20273248832109,0.01763820221441866,0.007907510487522057,8.065262941270461,0.29218316173250014,1.5786874294805795,0.2838679270365004
92,46.0,46.0,0.07504987462262143,0.3116128262361953,0.008064645645299205,0.011062702679200481,3.1226178356236436,4.661063733099041,17.70396466097725,21.425664761429882,26.752508403633072,21.043215068830854,31.516808403633092,0.021482994163925843,0.007292981621168398,8.358140459153162,0.28850303291300045,1.5622912660576456,0.2882186669874113
93,46.5,46.5,0.07702666810003266,0.2742921990454491,0.008374518188702102,0.011428897586092113,3.0175054643383654,4.656063972439242,17.605305574956216,21.508094017466153,30.755559680923824,21.002375975464773,31.20290859196035,0.018096630017263412,0.010595973626838395,8.364731892313614,0.2831413074773794,1.644789044224213,0.3072409477917942
94,47.0,47.0,0.07172706539448598,0.3303918519744455,0.008100653360298235,0.010650248955792196,3.150499909637706,4.5073065881328205,17.179740012153903,21.88191245212272,30.125359710279383,22.8120226214955,28.70083231618605,0.018606642864450275,0.007825476604844228,8.38111198550817,0.30607352057961484,1.647780325164735,0.28975334338019343
95,47.5,47.5,0.06123956000976498,0.23656634797542123,0.008053032155949337,0.01231585339544275,3.050353079681978,4.1743753903933225,17.46837662687957,22.466050338536675,29.61731493416417,21.748168969797085,31.09035508630427,0.018565536954358138,0.009414609127037399,9.027723004931019,0.30163554167239615,1.5935573412965096,0.29394897516405805
96,48.0,48.0,0.05520166227236029,0.22850423927700977,0.008372061661644172,0.013091388882799954,3.075073724204,5.081894529946041,17.50611256037537,21.502341600707418,28.187940773491846,21.068379153877643,29.11526724774251,0.016405437822785487,0.008713214274982645,9.21903230933269,0.2882464223542073,1.6704756807568317,0.28962044126753167
97,48.5,48.5,0.05040838045803769,0.23650677585766613,0.008016338996853535,0.01106258545689398,3.071823398342052,5.949869705860664,17.13181247115372,21.595550860576044,25.936181966558536,20.578753414691946,32.4119631547822,0.019952567932242506,0.007354129756623279,7.555566827512521,0.27084497410880687,1.6757177566642898,0.2896100826974087
98,49.0,49.0,0.04839551206108513,0.2480943109911587,0.008144787787225076,0.01265650735856666,3.189064956160759,5.421735949770948,18.03017717710291,22.19427142025406,29.507318571818047,21.867630776328003,26.959986312666956,0.019164475203093313,0.009629130039611716,7.82311231212492,0.2935489737675818,1.7357203115709632,0.29482367611845545
99,49.5,49.5,0.04938155638712116,0.22330891465126648,0.008062840997760392,0.01192139581651619,3.19445581787621,4.909904657831476,17.13632844443116,21.67699253625683,26.752517191809517,20.395961159032417,29.748735016649675,0.01774001556137099,0.00830882263148311,6.703908647621887,0.2990953025375024,1.6488426243883922,0.29465573132046835
100,50.0,50.0,0.059974485327050804,0.29811021431652257,0.008265209662304956,0.011855015869724372,3.0676942776494065,4.687316641532789,17.349837234537155,21.48969069020414,27.11961212406996,20.475556705509973,27.414095697661196,0.018675957491164585,0.008783686350279207,11.06917101037493,0.2973079211860994,1.6074554426173064,0.30973052804010154
101,50.5,50.5,0.0596925848108436,0.20312062913492712,0.00791778047575166,0.011895061635107396,3.1177667420220923,4.494854202011936,17.311103765709362,21.687716189181042,26.335067412268813,20.83196543840339,31.82637859089664,0.019315795897103385,0.009849719123375816,11.904086514114383,0.31001612861268985,1.6719177611353977,0.2973028758690368
102,51.0,51.0,0.06017378510424392,0.23465613728255297,0.008149266752521674,0.011653923548632178,2.9856308741676894,5.902380011452735,17.476930880648,21.407150312257112,26.454850339060926,22.38324242692051,30.84831017944839,0.029898004872929717,0.007197811761225054,11.715846198975655,0.28687453703666393,1.7198008605649668,0.29502033828195656
103,51.5,51.5,0.06453956423926968,0.24850772838439195,0.008283371585466,0.012346750840301624,3.262098443753004,4.725357791559603,17.35324624657246,21.16973848850046,31.67792098138932,20.96680374836463,31.264915719830583,0.018319276704298074,0.007928966356009343,9.93666021606063,0.3044683891638014,1.6914328245602899,0.29833035380262596
104,52.0,52.0,0.06987474107046898,0.1806935588370798,0.00818037093600359,0.011785701213067795,3.2303801903516116,6.483482406861569,17.690573112170753,21.362442465876747,27.514428143530296,20.89714335665869,32.184480320925786,0.018315734228746248,0.008169002736171313,7.0628737376250825,0.30116606714568644,1.6682026255823958,0.29396938616121254
105,52.5,52.5,0.07324860679747465,0.21859141207020097,0.008168175985989286,0.010133244842817996,3.0500831247229048,5.324248891481531,16.876485214963832,21.011439586314776,25.830274576026795,20.452701405950183,29.38580047128835,0.017763893256282144,0.008904915218609366,9.528588044594471,0.30335128152028623,1.639977438869206,0.2915578844757928
106,53.0,53.0,0.0759134465190313,0.2522053121821718,0.00853522199293772,0.013477061912979815,3.230844543789785,4.243543958894421,17.565071167498985,20.860542585475965,28.050863269837578,22.259516367780112,28.474758141529207,0.017332843570224667,0.00807579688499982,6.818322319117925,0.29795805073869025,1.6116569113803347,0.2815261977152387
107,53.5,53.5,0.07216878604672658,0.2715260954493767,0.00817397114065023,0.010081742147189876,3.0865570595460565,5.066461747973463,18.077521873946694,21.572612261932814,26.869974449444356,21.90940181428646,29.922532535760467,0.018300142132366286,0.007515876617541356,9.333569646047636,0.3005079033902431,1.595406531264054,0.3052032109922829
108,54.0,54.0,0.05883214621844998,0.26313245705977406,0.008489872019130406,0.011781747364036532,3.1550511570334074,4.90278319619371,17.256878968427383,23.013248441329324,29.69025621611894,20.881480512001122,27.25011390282077,0.020012585275218948,0.006680096901838073,7.053251168372626,0.2710977683419761,1.474517209123041,0.2914206581558693
109,54.5,54.5,0.06048904687278864,0.270964275332209,0.008233032781635246,0.012985853395443725,3.0526421922151146,4.6873776501745255,17.217470751989048,21.692258734786208,27.585820427811115,20.8145168920854,29.193848717615197,0.02203500664117379,0.008291949025316214,6.8061565472333285,0.29931087517829996,1.6758830508123177,0.2931091946698365
110,55.0,55.0,0.06280171488331225,0.21550264548632556,0.008286471672874676,0.010996479008873628,3.1821518162888625,4.617255646509591,17.690974557770012,21.393738252647164,28.520785126257692,21.902306364872675,33.61688512625767,0.01943889447608752,0.008224435373876987,9.652077797295675,0.3104963767904545,1.602127647848323,0.2845856637288674
111,55.5,55.5,0.06666151000955446,0.30096266863696397,0.008226918648356833,0.01183363995254924,3.10595330022181,5.571805097457911,17.842578249940967,22.34913556195803,25.27831495856796,21.48659218885087,30.578163315426025,0.01979154815884501,0.009560345357326083,10.034906535493121,0.29053399112668366,1.5930960423025349,0.298137552146656
112,56.0,56.0,0.06859743981552431,0.2427958006026664,0.008521170959582748,0.01332012610335448,3.174965530904641,4.581982443674562,17.515446199548805,21.981929195628723,30.762695737117724,20.21560100446223,29.30915806756275,0.025868742418866324,0.008830954667726626,6.680145590009715,0.2780557498056821,1.5971089505728777,0.2821099076601176
113,56.5,56.5,0.06570427262248431,0.20028676748719906,0.007920745543294751,0.01050562690783885,3.0378308878104274,5.646997000226989,18.127874707775195,21.05613176092643,26.72667525556284,22.390359499103162,27.398229226104377,0.017246555207768376,0.007805161768102892,8.203912121702544,0.2809804263645424,1.6051252287594264,0.3002815345638155
114,57.0,57.0,0.059501475631313167,0.19182857199003,0.008027074789412718,0.011241354954730248,3.183110124386779,5.056922073101347,17.870548286191884,22.20730826137726,26.563859742350417,21.789511617541148,26.10666765786334,0.016494884240836834,0.007130792848273462,10.279447965518727,0.2923781797603921,1.5757699705223478,0.2815546128196089
115,57.5,57.5,0.054984626973596074,0.16428300222930003,0.008258254555842634,0.011295702494326848,3.115126876897802,4.854704201889149,17.50997101621602,21.34018784579718,25.10094751824886,21.94930801165317,30.13349103868893,0.020713622820818452,0.006823332386471093,9.10412818685387,0.29778515745416195,1.4967584975539643,0.29398469347909956
116,58.0,58.0,0.06103129589941653,0.24464975993994126,0.007776278177828696,0.009835396469929203,3.1109926291767063,4.281680981122193,17.345454048283997,21.461172568764834,30.771808643388738,20.938409778859707,27.942563146946213,0.019129348075390712,0.007920384482716286,9.731933987817968,0.3006476342830591,1.5307792133420157,0.29503050689716875
117,58.5,58.5,0.06124500092064616,0.2802002933506378,0.00843314209692697,0.0106213352982161,3.1006276858816983,4.115493821771594,17.457359387766694,21.60192676453833,26.106377487638866,21.771195674862604,29.218865045069037,0.017737522105212494,0.007063304466023157,10.233803985123146,0.2853857039166473,1.4891628520749502,0.2923251614213182
118,59.0,59.0,0.06547385211805931,0.23750901307979455,0.007683000785054946,0.011018843487350466,3.1940309974443144,4.3704424939959665,17.853598155160526,21.858938006187415,26.68480513313466,21.331606793735496,32.115963239775624,0.016527119469972897,0.008550012493754214,8.626629439342764,0.27655198426335725,1.5481924944915602,0.2886347172465572
119,59.5,59.5,0.07007768625737791,0.27558793397873627,0.007839359698836089,0.012197750206468044,3.012841357163655,4.033753187125427,17.817726557422162,20.733846246143933,27.440310140862522,22.293066139956363,30.73412944675482,0.026654878443738084,0.008497675905225738,8.604089092348119,0.2901258347682949,1.566636524532733,0.2956568957423453
120,60.0,60.0,0.0654898590223322,0.2401020968050754,0.008306397174131069,0.011301760031025482,3.1690599260212053,5.046543898991345,17.299276316312877,21.375562901973005,27.76967865783982,21.23323940706297,27.704537647812458,0.023621480366660032,0.009334503920218479,8.577725986057203,0.271516113702299,1.6498008970781899,0.2990886156308863
121,60.5,60.5,0.06343466595291684,0.22391452750097307,0.008167743278351784,0.011941796764690094,3.2180545420849525,6.422552969202528,17.59254422521333,20.597039340829276,27.30429624883189,20.53247541867427,29.774465995764103,0.02250283099918567,0.009394815667702477,8.183954877708658,0.29003620463659374,1.7251718754953085,0.29454371492191117
122,61.0,61.0,0.06486709870931175,0.24911176036356938,0.008118571970161527,0.010871271268331373,3.1461665017263494,4.861830160080899,17.97532233403285,21.97360945903453,27.231396056051892,20.91977768370778,31.68453509877918,0.0166389268922809,0.00726630226256475,7.467961156192402,0.3048179784723998,1.6376562520871099,0.2965636525267385
123,61.5,61.5,0.06318443931306711,0.23108218029537664,0.008371145005731977,0.011098090569846952,3.1615518171166404,4.427892497037533,17.636461442663975,22.100115830059448,30.359271370264736,19.937620355172207,27.51082558297344,0.018061355076882533,0.008000225997463833,9.203308162742871,0.3032490725459852,1.6339476735807668,0.29770791054320306
124,62.0,62.0,0.06068640877615391,0.22953818589723451,0.008322704552966577,0.014464998046569755,3.2419052658154826,5.204253214652752,17.604858305725788,21.187053958926256,27.335540332464205,20.27209573639781,24.475966222078114,0.01945129535115039,0.006485481652150571,11.061521844105897,0.28925421345245783,1.7183396055494968,0.3012175293703871
125,62.5,62.5,0.055534357788436836,0.2804818048040211,0.008617657614874388,0.012397585750226842,3.229194922479032,4.397579411920063,17.486715863111247,22.100279076542396,27.548705287509193,20.092147631212146,29.410300564567365,0.01873565106963325,0.00905862386045031,8.08805299767181,0.29986330218951457,1.6622244132487047,0.28935272592460526
126,63.0,63.0,0.05900319689378633,0.22775722122766454,0.008356572057598093,0.010773427695891596,3.1792317252390587,4.721046950457492,17.598934986011407,21.04715002836216,28.05616419420977,19.8383170142307,32.348724740993816,0.01839625206092569,0.008867939540625508,7.62527713799598,0.2999499958326386,1.653237732451083,0.29882436312991645
127,63.5,63.5,0.06269812053832216,0.25121597768612935,0.008322574145240146,0.014176003216565203,3.0605939411036998,3.882980548486799,17.301006933743636,20.799083952962107,25.129273565660952,20.637732323093502,28.26174083117337,0.018151758648467832,0.005666629865464484,10.616863157808467,0.29027056344038754,1.7579436851048444,0.29972320564147253
128,64.0,64.0,0.06623879072574694,0.26153263479802347,0.008582367882105616,0.013091745515064757,3.1598089894319923,4.2556374172019105,17.508740845105898,21.833997525058965,26.99407562220898,20.723121583301577,29.626085549052846,0.01979634444779679,0.0075645569774590304,10.664591460112334,0.32198602454143854,1.6684088228009344,0.2909106392004252
129,64.5,64.5,0.06772158451595868,0.22305183343279236,0.008313935103430568,0.012951351754930118,3.1876588562837695,4.498525181221581,17.41161580229534,21.707483091239986,24.94696522274029,20.890286853214135,28.906822663200273,0.019167007163624402,0.008183912404394617,9.731494868376231,0.30316662085394575,1.610662596573224,0.29699999999999976
130,65.0,65.0,0.06304175207771891,0.20577415013446043,0.008517063930758805,0.011185786805330583,3.211651889751857,4.456449310527532,17.450298100861016,21.353015736217106,26.534377533514373,20.76157680552741,33.42237753351435,0.017651089984549517,0.00690171162806652,10.074933112130736,0.30678657076214993,1.523720774945331,0.29643211701838273
131,65.5,65.5,0.06049889867427303,0.235640680637693,0.008226623022554377,0.010899718368137912,3.1758879941360405,4.625019505703989,17.51391338720029,20.694988773374035,27.077295494161916,20.21482781925192,28.124159888350277,0.019364467696470766,0.008173779928772135,6.298536314056264,0.27782548479216207,1.585282624644577,0.3026549190084314
132,66.0,66.0,0.06614603502656535,0.25302674185064694,0.008011660095080156,0.011910802687386701,3.167585344505893,4.756697517264115,17.016677549854712,21.31121351326375,28.766660117907463,20.515158954612666,26.526041817125474,0.023790008176189162,0.008878024728043027,11.880970288729998,0.3000216658843159,1.4657950061314844,0.29993499295680726
133,66.5,66.5,0.06941963899942509,0.2594896208090055,0.008107128454496975,0.011715397935823157,3.0981032749782647,4.909730903383803,17.823170438375257,22.199021648497933,25.38620533398455,20.482973581572185,31.863246104798804,0.016782434068688554,0.007632372684148958,9.032148319074537,0.27912183719659023,1.4837897425174496,0.2812205540141046
134,67.0,67.0,0.07715730415581165,0.2512463986872508,0.00801239322055436,0.01142777492679592,3.040030280470082,5.259951008572898,17.848243138673745,22.107820714397732,27.44518503383088,21.929007658851997,32.74776809738876,0.016390057364507007,0.0077272623230071336,7.0630836740360365,0.3066414844733183,1.5597942171966144,0.2843659613948194
135,67.5,67.5,0.07599503959486409,0.25895271748659277,0.008134462903715176,0.0128722510936356,3.203651966532382,4.887450177620337,17.436861763547064,21.500193360156725,26.009793876060996,19.66395688260412,27.698174183581614,0.019042349690536295,0.006229013960667051,9.040792157784693,0.2941156235224506,1.6257013870941988,0.297053867168903
136,68.0,68.0,0.0680281696331286,0.23230888805124855,0.00833165805066675,0.010755479810268753,3.0747369143938794,4.486165595549892,18.074880282634435,21.956554106977382,29.12897954547617,21.346825112787386,28.7341230679134,0.017230923967673187,0.007837903951932235,7.864922535531008,0.302014900294671,1.6204869638475956,0.2926858384001522
137,68.5,68.5,0.05880123902941043,0.3808110468714574,0.008318283596803651,0.010553050037638123,3.2132186918161563,5.047302717497658,17.206597666506628,22.154565804699303,27.961486851444477,21.08334908409766,29.76510225255754,0.018911908042529738,0.008146756602528143,7.375076357877333,0.3155075276439538,1.4819075544716012,0.30000000000000004
138,69.0,69.0,0.05746945652706001,0.27025401259844006,0.008749289737685394,0.013244601253264848,3.175787977840259,5.921640355692759,17.92613156721219,21.39260587759762,25.837829833617548,21.34807133383673,30.16149349062323,0.01742508945313341,0.005562165361383972,11.22707081307368,0.28122233197240976,1.6070510259478386,0.2932490409191479
139,69.5,69.5,0.05922525321378622,0.2525778809738431,0.008088036902203671,0.011716006338819945,3.236663903623643,4.649039059097817,17.834853660512294,22.17212400111981,27.220737787424525,21.303373117646874,31.46776434115293,0.01809354711714999,0.00866945835759303,10.991911151493724,0.29837057495671404,1.6544790720948992,0.29665131046398546
140,70.0,70.0,0.06812999223515515,0.2049878747917604,0.008299072178484317,0.010047689700409895,3.153138084505635,4.224050535863157,18.04124129450693,22.045632936129888,28.78305736063973,21.990310714625373,27.553381888920967,0.027873101072545484,0.0074043102647481235,8.83596017555152,0.28094305472817777,1.7563100523540824,0.2986318804146671
141,70.5,70.5,0.07192428006124763,0.26233759935895,0.007977787603358093,0.011172915067778427,3.097081614331717,4.362718008455104,17.821199347235797,21.829791966687626,25.84398610174358,21.61627520310526,29.025942994223897,0.01882950721833143,0.009226143109243426,9.851157892224904,0.30979993544221346,1.9200526034460623,0.2894926596651459
142,71.0,71.0,0.06821112711011675,0.24289101405040747,0.008197957091781628,0.010974356866761847,3.188980088243173,4.933868108830779,17.476743568043812,21.098349671405526,26.773920403484425,21.908312198605163,29.502009179452898,0.018133581659492942,0.007527245038368241,8.276255021155862,0.29992499062265554,1.9734072058244843,0.2919400623415701
143,71.5,71.5,0.06375762800610515,0.19880437439376358,0.00894728540499254,0.01188579920123245,3.2154294541378383,4.095915321897536,17.729364502013272,21.804963933301977,28.326995405070846,22.218133736494696,32.923995405070855,0.018323492997462547,0.0070372115388710466,9.237768257107291,0.2894771148122076,1.9849395456789103,0.3002565569642067
144,72.0,72.0,0.06103611750369322,0.22877453082766494,0.008319004724189581,0.01274909412695846,3.1463660708153487,4.472598992114314,17.39313292577473,21.228520144707797,25.96257765462022,21.241396441336214,28.141700994991652,0.016987663138190962,0.006850599480746455,8.362744356547509,0.29498813535462765,2.0314007482522993,0.2857428914251414
145,72.5,72.5,0.062225065499424075,0.22787366129476075,0.008600544891718222,0.012831028792787164,3.070136492939827,4.400528324529432,17.26684930349909,21.7442462008237,29.21268017072842,22.31934079860368,29.9402834365236,0.02026427680420896,0.007605250143890047,8.179035236424554,0.304586605089587,2.0820958191207244,0.29265337858975754
146,73.0,73.0,0.06570927332594526,0.2831655232372139,0.008090396783465034,0.014996600188243697,3.190131390991716,4.811238743892616,17.982648511451934,21.635295741370424,25.97751363918681,22.554949634883272,29.03101215971867,0.019215439813964494,0.0093680134559192,13.517470671894074,0.3008089094425233,2.0602977940094,0.2944044836615094
147,73.5,73.5,0.06912268473042604,0.26345308053575733,0.008303076845256755,0.011257759686758795,3.04536903315506,5.197822204256298,17.669711405724453,21.833915350570923,27.952749102756684,21.45786601763405,31.55453096527924,0.01566030100103702,0.009071109721850157,10.299699476975604,0.2929061283073469,1.9959792083085435,0.2902240513809979
148,74.0,74.0,0.07051968157502968,0.22688314252617964,0.008364565220164245,0.011176957720381575,3.0684229818274864,4.876827363163727,17.428531180040263,21.65515361459858,25.29840075354369,21.335911788891185,30.006502967363758,0.020198969288173014,0.006924889093216494,8.200332671646436,0.3086405676511107,2.063894134881923,0.2984644032376391
149,74.5,74.5,0.071535129725218,0.23729970707843637,0.008263797773398758,0.011401898820113165,3.14875346724205,4.380835077662013,17.603527152573303,21.30889905727989,32.00751066570268,21.518823368768164,27.83591066570267,0.025166099550330646,0.009116508215221586,10.277061801639007,0.3062254071758256,2.049649238284444,0.29569071679712894
150,75.0,75.0,0.07155504436682189,0.2525499906421301,0.008274263984531948,0.010874142451217955,3.1990228609985287,4.937752820540069,17.853954101235008,21.395269262866787,28.799370660096628,19.777423749100247,30.971162732189214,0.018406542245183632,0.008285199044720831,9.357175260195334,0.2984325719488406,2.0874817364470517,0.2845294360870239
151,75.5,75.5,0.07379423707589974,0.29092159469328577,0.008264044027225189,0.013006348962963571,3.1146520880210855,4.338251776851308,17.99644862529115,23.21861496718172,27.75205371047025,22.231778834125794,30.285842697712894,0.02122170112342349,0.008945735779738409,9.943116157222022,0.30894983411550786,2.1272877097374487,0.28941838227728395
152,76.0,76.0,0.0759165929321348,0.22400990061237624,0.008117246456864053,0.010939090673249996,3.233990074779488,4.743420116837214,17.81026487182749,22.27791741850759,26.712347316847712,20.551029608674025,28.926083866160866,0.015042920835484568,0.007635762650999828,7.773005438041224,0.3132187733837165,2.146238104218635,0.28462782717085133
153,76.5,76.5,0.07090128429022687,0.2674124034229097,0.008311772231143807,0.010608780048695643,3.1609214765646456,5.801736363801453,17.741775790907905,21.9739169483461,28.878197155454018,20.861786239463257,29.307548585933773,0.01746375326059842,0.00798451291813257,9.722301431852657,0.30102657689978124,2.15819067739623,0.28872305069044946
154,77.0,77.0,0.06299534136245416,0.25962275949124647,0.008016269395572938,0.012424970679843217,3.3053352948911687,5.082228189581286,17.742963945874912,21.749679868351535,28.628521213346403,21.500778275786637,25.87616891282073,0.028567823627186954,0.0075204600345646355,7.861899277209957,0.28062430400804605,2.051357842990833,0.29428387655459465
155,77.5,77.5,0.059816132549817505,0.2307616764785797,0.0084896629378231,0.010803824162733566,3.2511351703824682,5.392849336597919,17.852532232083625,22.12278237415062,28.64171685320005,21.142205727229005,30.369081231887378,0.02439245744908426,0.006884711080389169,8.26932976054411,0.31325867904975907,2.0138766099242527,0.301353612886921
156,78.0,78.0,0.060176950413693184,0.2624544247176641,0.008392637531425247,0.01039258802814444,3.179861483405918,5.085573870714953,17.806589257460875,21.778527168135817,26.473188506744577,21.83198435625535,28.953014653447553,0.023606373035446875,0.006973238743820553,10.203170595792528,0.2908023383674899,2.173084673914019,0.278643140952725
157,78.5,78.5,0.06570120643738742,0.24373989563274576,0.008404810202912978,0.013166328987164688,3.1961646889509514,5.146380282424232,17.124285026782125,21.53610961016672,28.97423024750762,21.36137033961096,28.644632437409086,0.017866073282871965,0.007822090992780556,11.549923846108356,0.2994678613808161,2.0996985497923273,0.29756343861435697
158,79.0,79.0,0.06816757183224571,0.26889618685615646,0.008353111296111415,0.012625689989313627,3.0996907005332677,4.568356029863807,17.6694464497842,21.695083103517916,25.940370813592693,21.32428406552843,31.60514940461303,0.016127831828550578,0.00922696542824053,10.676931482533845,0.2968939204497119,2.0075522409142925,0.2838045101826258
159,79.5,79.5,0.06641384794010793,0.2388696983669589,0.00857364842421134,0.010309368680708475,3.1972163223919865,4.651472579256549,17.903681810487377,22.31586398490847,25.225966649613923,21.811178390853836,30.2381633765973,0.0200820641744166,0.009525407587220452,9.981123862715435,0.28725250216490733,1.9260272583740863,0.2860227263697763
160,80.0,80.0,0.06413100101541752,0.3650067550390588,0.008378191342256007,0.010770035615731033,3.162968574551129,5.230429730022038,17.923186178161586,22.1853339830355,30.341602673301338,21.86700443904921,32.57872190140074,0.015751562825624163,0.00817040228277452,8.397639402506059,0.2845575512967454,1.9571872674836204,0.29847277932836674
161,80.5,80.5,0.057540199668378283,0.2117691437151001,0.0081743068056308,0.011438486313310903,3.2120955019461968,4.6892840712146295,17.40897844709614,21.994975591179887,25.462300930156715,21.341510657152643,30.580282845452757,0.025766277116918486,0.007209665154907591,8.077706401075915,0.30079394940723164,1.8995244141626606,0.2987440375974048
162,81.0,81.0,0.05927347448147192,0.2525170690619554,0.008186234129077603,0.009954512066472854,3.1487593638700004,5.344584911924272,17.84695914590336,21.978550096952944,29.430074653572575,21.291114797213996,29.116279428628843,0.017835421816872882,0.009620133649053286,11.196377050157992,0.2941071233411388,1.8844219272763731,0.3058757917848352
163,81.5,81.5,0.0674304545790982,0.254283120937777,0.00794366813498674,0.010327651267911214,3.2300906568901535,6.198365312947644,18.07560211306815,22.22626183497715,31.00656456294874,20.572034484560955,27.02664761355379,0.020671095891946118,0.008965401057749511,11.854678151245196,0.27788846683516716,1.8454536027762927,0.28950647661149126
164,82.0,82.0,0.07557393553263646,0.2831888596327606,0.008233947796273674,0.01219086156250454,3.0733922683668133,4.685822566611719,17.86989769661475,21.005337783770695,27.15302909784461,20.760842455013766,28.9044520482484,0.018946710910110867,0.009357619508024329,8.615600600877372,0.2838978689599479,1.8769299400883341,0.2905202230482418
165,82.5,82.5,0.07714299406208489,0.249128131584184,0.008495258184997505,0.011159779406900272,3.155796105922586,4.643068118302651,17.354713657803714,20.882905030555122,24.83609140888305,20.78148299838213,28.168261050364094,0.02175272897566821,0.00920709898565808,8.861957302124722,0.28045142181846766,1.8912522306662325,0.297546635000297
166,83.0,83.0,0.07515653899280196,0.2420693758670963,0.008529050967077633,0.01238805545529817,3.037148696412812,4.749568629160407,18.033577200935895,22.026812420926536,28.394112167705657,21.395010704481294,29.52983057305272,0.017319825887059773,0.01136666203575043,9.111969388479679,0.2915390196869023,1.854243241864454,0.292550850280767
167,83.5,83.5,0.06966565736906448,0.2318545083580791,0.00808778467029892,0.013249822815895207,3.2335863663186473,4.675124219168879,18.045864065500666,22.04215428548013,29.621197460310725,21.89734196389811,36.47809746031072,0.016727057283324864,0.007940541270997525,8.80645528612476,0.28843890167590036,1.8570495416116393,0.28538044782360256
168,84.0,84.0,0.06483555282027613,0.2267849693516902,0.00847292261112148,0.011566279894490467,3.1645849719138335,5.081192210248545,17.295460438399612,22.073871676799847,26.392025814987164,20.978459086977946,33.279325814987146,0.01839351029972972,0.008359431924427618,9.887018690315529,0.28406161303491867,1.9985367146990314,0.3075776324767456
169,84.5,84.5,0.06151050553756694,0.22617053747209181,0.008670421485547494,0.01315733838059524,3.2670593462214432,4.698873080983546,17.776356432253618,21.913748716891675,30.14887005316055,21.647248884948308,28.818291935244247,0.021853242559591732,0.007805161768103253,7.797925529879436,0.2934007498286259,1.9906815415831838,0.2896118091514918
170,85.0,85.0,0.06387853549153781,0.2763082462962379,0.008247629486958258,0.011028843487350004,3.2535634874649064,4.507340330613985,17.654844424430248,21.93041268743655,27.987380458951492,21.514869634563176,29.485644165507097,0.020546300360072975,0.008410180157861977,7.451011522653616,0.3038338361670733,1.909670652232997,0.289335445460801
171,85.5,85.5,0.05697553807249868,0.2968218801418546,0.008005675673682934,0.012477588814042179,3.178369935921387,7.1166254820791295,17.85082410505748,21.98222831676475,29.364833966419724,21.288969769500103,29.733464658017738,0.02383755024009645,0.008753592918009812,7.613734061837064,0.29778851556096,1.9225865390145636,0.29525751472231826
172,86.0,86.0,0.05169891235766728,0.23992122911153807,0.008170519765446648,0.010529368680708084,3.108228535910346,4.870500324153355,17.686181978479055,22.07310615956197,29.972062923886597,20.750308039754493,26.600144896200845,0.02026735991851575,0.007408462340040667,9.85899211522326,0.30019327107715127,1.9199252589619211,0.2944418448522562
173,86.5,86.5,0.05851770151129469,0.2909820373312731,0.008206685693575936,0.012261554640935951,3.2140560250814465,4.997932922977313,17.630258529234204,21.680168336438427,28.829644795030873,21.45947341145785,28.97976029979816,0.01715944824440727,0.008027612510931523,6.6058738510750885,0.31453298714125355,1.914359945255855,0.3070569979661755
174,87.0,87.0,0.06472616043212137,0.21675452070976295,0.008599049251450587,0.011352585456894299,3.131789426042772,4.943640412022319,17.711498241275915,22.2801424215231,27.534724348024668,21.228469091720267,29.031076451889987,0.019275626671422942,0.0065954860226739576,8.139357876680052,0.30783599529619665,1.8963327767034979,0.30400986826088305
175,87.5,87.5,0.06845652732934869,0.24931832617425098,0.008534039883632855,0.01217318468107556,3.3464724890149644,5.098480922849234,17.478342637749556,21.452515243535675,26.39944782064964,21.49236881817527,32.740060970991635,0.01901721030817884,0.006860000000000144,9.898607897670473,0.2813414295833441,1.8881986124346133,0.305941170815567
176,88.0,88.0,0.07085023444096966,0.30665524663976657,0.008260875663150535,0.012055308426251216,3.2740551553148087,4.998757313188335,17.74719243587334,21.756001490121527,29.171305586435295,21.681132626900695,29.783866729399165,0.020791032927108283,0.007615421681038653,11.196745477508301,0.29768943548604443,1.9932011940594458,0.2884891679075665
177,88.5,88.5,0.07110908096383045,0.20814119289055566,0.008280950987565846,0.012003184681075585,3.2927057336695706,4.658520110745215,18.00525920191778,22.115287226516347,31.577481614975397,22.011637916048965,29.54602802903048,0.021477367631389164,0.010066648731971828,7.507047333204554,0.3033628190797284,1.9368492455532003,0.2943756104027642
178,89.0,89.0,0.06309672093431995,0.29844399307766706,0.008203767701416079,0.01125457068079136,3.2215437449899853,5.198312842767535,17.684350943067464,22.303961559166304,25.6737278307572,21.064721093395054,31.028927830757198,0.018984968737633265,0.006772192918199221,9.061524056646334,0.28995516894858087,1.981601877270003,0.29713633234594483
179,89.5,89.5,0.055648073241795326,0.19821599381337243,0.00853761723261258,0.011320184237352982,3.1316775958847245,4.7182943699274915,17.868672673515043,22.669392836858858,28.28419572482602,21.64552462023382,28.21690211362511,0.017789169913811353,0.008359431924427563,11.415043964613687,0.29984495993763205,2.0372591882232367,0.2920222594255445
180,90.0,90.0,0.055558668454777145,0.1801676496983584,0.008514339329703942,0.01292564898608331,3.1920812931611118,4.2373542111971005,17.313999878144493,22.7373535789974,26.635911863161198,21.450566244084108,30.11547376295573,0.0212655077553475,0.0074661687549093525,7.274770171003979,0.286679263289133,2.025171844560357,0.29120782956507174
181,90.5,90.5,0.05787535121717832,0.21118239234697264,0.008340337823507163,0.010929471236196836,3.2465873867604484,4.961149604687691,17.320322740579098,22.329129579517854,29.172388140478375,20.6031168141653,32.78238860633809,0.021096627849843064,0.008116170455142332,8.930452276566655,0.30062601351180485,1.978524955617189,0.3053014903337353
182,91.0,91.0,0.05675304920095931,0.24107848119829503,0.008661711700461795,0.015268105935821452,3.216357599967509,5.303440520035693,17.54575809343645,21.816735237791352,26.882744335176966,21.065181977220888,27.203253929738196,0.029867506000172028,0.006173690364996001,12.058292796243578,0.3252230004166375,2.091956739514467,0.2889446313742479
183,91.5,91.5,0.055206633634928975,0.22066727854373774,0.008088790658895381,0.010078287626318627,3.2973838685897,4.687687988949662,17.655011698751167,22.524142031563258,28.973149406035986,22.16894888911674,35.81884940603595,0.018140546043344995,0.007283562251080164,8.681349995103346,0.2940221080123064,2.0584426151826527,0.28509998246229334
184,92.0,92.0,0.05457224361076104,0.17384194597508057,0.008313125909611467,0.011049521743981244,3.1378582943055404,4.372308596925251,17.81439084589615,21.299188702495353,26.45476479453808,21.23438530366662,31.80996479453802,0.017771815810139088,0.007292981621168676,8.27504251928221,0.30180291582421775,2.0208263161390194,0.29741049073628845
185,92.5,92.5,0.05855138150652163,0.24233397873704451,0.008499993495621142,0.011651661103694033,3.203696772521948,4.690095297197388,17.845673449469118,21.974664640126502,25.895216907393262,21.278333702251892,31.021280079346525,0.0248079641479255,0.00748313692873534,12.37815121491822,0.3010830450224657,2.1016916995601425,0.28920062240596933
186,93.0,93.0,0.05793284899163269,0.19977903598985938,0.008411711744537101,0.012076414524905349,3.1806638866576553,4.570050173000567,18.029796620068677,22.918109003941847,27.714480260006837,20.783318480323608,30.027908073658978,0.02172087509656883,0.0079337752410433,8.51578551280744,0.29697811367169824,2.1756035944077676,0.2899465467978538
187,93.5,93.5,0.05928281723757017,0.19455004296518486,0.00863993953893705,0.010950778286407337,3.2420109664451893,5.59341074529857,17.949308921721578,21.49636486696015,28.042351136282576,20.94156117615064,27.938027097287318,0.019766967420140915,0.010556089564913579,11.068640409700322,0.2840492914970921,2.0658088004459665,0.2876073712546325
188,94.0,94.0,0.06426624576480386,0.2580716032537341,0.008245247620742325,0.013555087709578945,3.222512819274476,5.008993365539553,17.627028522924803,21.46586306028371,26.718336730360818,21.780793957295753,29.735658489978846,0.019253321625762237,0.007710322219611987,9.864943918330084,0.31545047154822886,2.085944869837168,0.3024334637569062
189,94.5,94.5,0.06087565174895503,0.19687555816849675,0.008452856779738196,0.011265799201232995,3.27363305098306,4.918762383988181,18.158446325846057,22.614777368878777,27.684749155925573,22.34372903049443,27.847473319423898,0.019106063137146627,0.008659359007504475,7.870413700348379,0.30875556675143506,2.0154101319582574,0.2938162691206877
190,95.0,95.0,0.055244804407546005,0.20449513438470449,0.008528744048426844,0.011787059264750016,3.2784943802518027,4.858951036699949,17.796633510139404,21.924497320122725,27.4641481712859,21.175947514393545,27.444751381699916,0.02264127109646899,0.008472627031258034,8.543478575627319,0.3107313952596357,2.0715622124377537,0.29506609429075376
191,95.5,95.5,0.05080101529636914,0.24269886436303448,0.008194954987896307,0.00956235732380012,3.1910497638888273,5.329159264751553,18.167894866169544,21.739059713118525,30.40843600886808,20.48493349869288,31.401526494772952,0.02121469164695961,0.00993319076646973,8.622635490694904,0.29935430513022504,2.1267508081578335,0.29111681504165954
192,96.0,96.0,0.04819729099045412,0.1684494431957213,0.008133614288772555,0.010756960969121793,3.1726543916865286,5.149379953154138,18.25073934728785,21.63416218409301,28.179415504226938,20.265923684142724,34.76607708480401,0.022605469272287845,0.009665917485899095,7.990776373742108,0.29150300169981114,2.0976667990889304,0.29290783533391523
193,96.5,96.5,0.055445888042207035,0.20525088387899068,0.00803127952193146,0.011316985641356525,3.227363669026763,4.772071270440378,17.981500022218277,21.957648595651108,26.746034571951924,20.167454824213262,28.01007492424037,0.018995364516960767,0.00845048513169916,11.949253589701385,0.2896497885378127,2.07624661348309,0.28282326636965355
194,97.0,97.0,0.056399989719944484,0.19356145965268595,0.00852456161033289,0.010630973780928255,3.2126252998931952,4.836746063263433,18.268650003611867,21.97606127393504,25.883005892730125,21.807313232904583,31.52540068202893,0.020252457118648655,0.009131273241111654,8.022995607701858,0.27553221227290264,2.0160324898175626,0.30914559676631326
195,97.5,97.5,0.054124904342616235,0.2751072800273434,0.008628054399559467,0.012622739211416961,3.210844224018415,5.3325927580036705,17.767227867301806,21.75694275189506,27.225950801558668,22.28161219064928,32.733806548802306,0.021866637832861066,0.008284558432668648,8.104378438771022,0.29323881052821116,2.1418965894739177,0.2889463618044015
196,98.0,98.0,0.05302168076934957,0.27077255900711994,0.008091653206108222,0.009750624192708113,3.3237707401465317,4.569885830818279,18.08187115686134,22.045856914483245,28.345669624070638,22.186176993229132,28.05129283527424,0.01592073985841206,0.0063478142462919385,9.202655060140685,0.28468403537957665,2.2415115435794664,0.2905873362691497
197,98.5,98.5,0.048829264675806096,0.16851575277439884,0.00830417414022039,0.011044550359066013,3.16270651268168,5.133214142522036,17.455171393005806,20.612677547351826,25.847159894001322,21.391094198020497,26.25918552204496,0.02114389969676114,0.007180810661530451,9.842506124025093,0.2959898646913441,2.2140289067670276,0.2833831328784407
198,99.0,99.0,0.05451829287475215,0.18753533746122866,0.008643012614276782,0.011633329786479352,3.223892478088634,5.709401466771553,18.257091190904294,22.201996800840433,27.198034864462585,21.717852003303317,30.341395382131964,0.01687989093515296,0.006758552714177218,9.404164457683407,0.29603547084766696,2.2644478355661004,0.2731501418634085
199,99.5,99.5,0.059233373462948206,0.24348999083765552,0.008732165438388766,0.011617368130102695,3.241980999664621,5.004179802519133,18.137197857260507,22.25905578986904,27.7128110585503,21.56335009740152,33.21166604020277,0.016142746180322597,0.007704788222333059,9.23737770089879,0.3003914113286192,2.400017916599791,0.29519146329120016
200,100.0,100.0,0.06252354108577803,0.2789491065739968,0.008594119035826615,0.010878090569847176,3.1915318105610515,4.313274561520558,17.676115419920855,21.547762339095808,31.186869820049253,22.128419635706138,30.332670017102146,0.01907205456256408,0.007158369027902123,9.310574852206372,0.29832197371296687,2.398761972351572,0.29299146745255256
