run,timestep,r_A,count,shell_volume_A3,number_density_O_per_A3
nvt300_contained_carbon_like,0,0.875,28,1924.225500323748,0.014551309082687576
nvt300_contained_carbon_like,0,2.625,76,5772.676500971245,0.013165470122431614
nvt300_contained_carbon_like,0,4.375,119,9621.127501618741,0.012368612720284439
nvt300_contained_carbon_like,0,6.125,163,13469.578502266239,0.01210134377794936
nvt300_contained_carbon_like,0,7.875,206,17318.029502913734,0.011895117742196985
nvt300_contained_carbon_like,0,9.625,261,21166.480503561233,0.012330817112277456
nvt300_contained_carbon_like,0,11.375,304,25014.931504208726,0.012152741651475337
nvt300_contained_carbon_like,0,13.125,347,28863.382504856225,0.012022152980220448
nvt300_contained_carbon_like,0,14.875,409,32711.83350550372,0.012503120619368105
nvt300_contained_carbon_like,0,16.625,434,36560.28450615122,0.011870804777981967
nvt300_contained_carbon_like,0,18.375,489,40408.73550679871,0.012101343777949362
nvt300_contained_carbon_like,0,20.125,517,44257.18650744621,0.01168171862694018
nvt300_contained_carbon_like,0,21.875,618,48105.63750809371,0.012846727161572744
nvt300_contained_carbon_like,0,23.625,649,51954.0885087412,0.012491798405640523
nvt300_contained_carbon_like,0,25.375,672,55802.539509388705,0.01204246268912075
nvt300_contained_carbon_like,0,27.125,732,59650.990510036194,0.012271380470653577
nvt300_contained_carbon_like,0,28.875,798,63499.4415106837,0.012567039662321085
nvt300_contained_carbon_like,0,30.625,786,67347.89251133119,0.011670743815298402
nvt300_contained_carbon_like,0,32.375,901,71196.34351197869,0.012655144289094115
nvt300_contained_carbon_like,0,34.125,936,75044.79451262619,0.012472550642303633
nvt300_contained_carbon_like,0,35.875,970,78893.24551327368,0.012295095653490372
nvt300_contained_carbon_like,0,37.625,983,82741.69651392118,0.01188034620289193
nvt300_contained_carbon_like,0,39.375,1015,86590.14751456867,0.01172188787216499
nvt300_contained_carbon_like,0,41.125,1102,90438.59851521616,0.012185062772888836
nvt300_contained_carbon_like,0,42.875,1136,94287.04951586366,0.01204831422589875
nvt300_contained_carbon_like,0,44.625,1197,98135.50051651117,0.012197420848723408
nvt300_contained_carbon_like,0,46.375,1311,101983.95151715867,0.012854963751619547
nvt300_contained_carbon_like,0,48.125,1350,105832.40251780614,0.012756017702355993
nvt300_contained_carbon_like,0,49.875,1470,109680.85351845366,0.013402521523528027
nvt300_contained_carbon_like,0,51.625,1555,113529.30451910115,0.01369690413049587
nvt300_contained_carbon_like,0,53.375,1570,117377.75551974864,0.013375617833617971
nvt300_contained_carbon_like,0,55.125,1513,121226.20652039614,0.01248079968373373
nvt300_contained_carbon_like,0,56.875,1391,125074.65752104363,0.011121357656054076
nvt300_contained_carbon_like,0,58.625,1136,128923.10852169115,0.008811453687597592
nvt300_contained_carbon_like,0,60.375,878,132771.55952233865,0.006612861995134414
nvt300_contained_carbon_like,0,62.125,635,136620.01052298612,0.004647928202971132
nvt300_contained_carbon_like,0,63.875,392,140468.46152363362,0.002790662015857891
nvt300_contained_carbon_like,0,65.625,302,144316.9125242811,0.002092616829986499
nvt300_contained_carbon_like,0,67.375,403,148165.36352492863,0.0027199339333595046
nvt300_contained_carbon_like,0,69.125,167,152013.8145255761,0.0010985843656459427
nvt300_contained_carbon_like,0,70.875,55,155862.2655262236,0.000352875661176286
nvt300_contained_carbon_like,0,72.625,20,159710.7165268711,0.00012522641207132163
nvt300_contained_carbon_like,0,74.375,0,163559.16752751858,0.0
nvt300_contained_carbon_like,0,76.125,0,167407.61852816612,0.0
nvt300_contained_carbon_like,0,77.875,0,171256.0695288136,0.0
nvt300_contained_carbon_like,0,79.625,0,175104.5205294611,0.0
nvt300_contained_carbon_like,0,81.375,0,178952.9715301086,0.0
nvt300_contained_carbon_like,0,83.125,0,182801.42253075607,0.0
nvt300_contained_carbon_like,0,84.875,0,186649.8735314036,0.0
nvt300_contained_carbon_like,0,86.625,0,190498.32453205108,0.0
nvt300_contained_carbon_like,0,88.375,0,194346.77553269858,0.0
nvt300_contained_carbon_like,0,90.125,0,198195.22653334605,0.0
nvt300_contained_carbon_like,0,91.875,0,202043.67753399356,0.0
nvt300_contained_carbon_like,0,93.625,0,205892.12853464106,0.0
nvt300_contained_carbon_like,0,95.375,0,209740.57953528853,0.0
nvt300_contained_carbon_like,0,97.125,0,213589.0305359361,0.0
nvt300_contained_carbon_like,0,98.875,0,217437.48153658357,0.0
nvt300_contained_carbon_like,0,100.625,0,221285.93253723107,0.0
nvt300_contained_carbon_like,0,102.375,0,225134.38353787854,0.0
nvt300_contained_carbon_like,0,104.125,0,228982.83453852605,0.0
nvt300_contained_carbon_like,0,105.875,0,232831.28553917355,0.0
nvt300_contained_carbon_like,0,107.625,0,236679.73653982102,0.0
nvt300_contained_carbon_like,0,109.375,0,240528.18754046853,0.0
nvt300_contained_carbon_like,0,111.125,0,244376.63854111603,0.0
nvt300_contained_carbon_like,0,112.875,0,248225.0895417635,0.0
nvt300_contained_carbon_like,0,114.625,0,252073.54054241104,0.0
nvt300_contained_carbon_like,0,116.375,0,255921.99154305854,0.0
nvt300_contained_carbon_like,0,118.125,0,259770.44254370604,0.0
nvt300_contained_carbon_like,0,119.875,0,263618.89354435354,0.0
nvt300_contained_carbon_like,0,121.625,0,267467.344545001,0.0
nvt300_contained_carbon_like,0,123.375,0,271315.7955456485,0.0
nvt300_contained_carbon_like,0,125.125,0,275164.246546296,0.0
nvt300_contained_carbon_like,0,126.875,0,279012.6975469435,0.0
nvt300_contained_carbon_like,0,128.625,0,282861.148547591,0.0
nvt300_contained_carbon_like,0,130.375,0,286709.59954823845,0.0
nvt300_contained_carbon_like,0,132.125,0,290558.050548886,0.0
nvt300_contained_carbon_like,0,133.875,0,294406.5015495335,0.0
nvt300_contained_carbon_like,0,135.625,0,298254.952550181,0.0
nvt300_contained_carbon_like,0,137.375,0,302103.4035508285,0.0
nvt300_contained_carbon_like,0,139.125,0,305951.85455147596,0.0
nvt300_contained_carbon_like,1000,0.875,27,1924.225500323748,0.014031619472591591
nvt300_contained_carbon_like,1000,2.625,79,5772.676500971245,0.013685159732527598
nvt300_contained_carbon_like,1000,4.375,112,9621.127501618741,0.01164104726615006
nvt300_contained_carbon_like,1000,6.125,174,13469.578502266239,0.012917998879528764
nvt300_contained_carbon_like,1000,7.875,194,17318.029502913734,0.011202198262069005
nvt300_contained_carbon_like,1000,9.625,261,21166.480503561233,0.012330817112277456
nvt300_contained_carbon_like,1000,11.375,303,25014.931504208726,0.0121127655276218
nvt300_contained_carbon_like,1000,13.125,357,28863.382504856225,0.012368612720284437
nvt300_contained_carbon_like,1000,14.875,408,32711.83350550372,0.012472550642303635
nvt300_contained_carbon_like,1000,16.625,427,36560.28450615122,0.01167934018478871
nvt300_contained_carbon_like,1000,18.375,487,40408.73550679871,0.012051849529368792
nvt300_contained_carbon_like,1000,20.125,526,44257.18650744621,0.011885075430890783
nvt300_contained_carbon_like,1000,21.875,628,48105.63750809371,0.013054603005611138
nvt300_contained_carbon_like,1000,23.625,623,51954.0885087412,0.011991356558881427
nvt300_contained_carbon_like,1000,25.375,700,55802.539509388705,0.012544231967834114
nvt300_contained_carbon_like,1000,27.125,745,59650.990510036194,0.012489314823274474
nvt300_contained_carbon_like,1000,28.875,777,63499.4415106837,0.012236328092260005
nvt300_contained_carbon_like,1000,30.625,779,67347.89251133119,0.011566805893279205
nvt300_contained_carbon_like,1000,32.375,910,71196.34351197869,0.01278155527533368
nvt300_contained_carbon_like,1000,34.125,927,75044.79451262619,0.012352622270743022
nvt300_contained_carbon_like,1000,35.875,980,78893.24551327368,0.012421849216928417
nvt300_contained_carbon_like,1000,37.625,991,82741.69651392118,0.011977032641979555
nvt300_contained_carbon_like,1000,39.375,1008,86590.14751456867,0.01164104726615006
nvt300_contained_carbon_like,1000,41.125,1096,90438.59851521616,0.012118719418408497
nvt300_contained_carbon_like,1000,42.875,1155,94287.04951586366,0.01224982652369107
nvt300_contained_carbon_like,1000,44.625,1209,98135.50051651117,0.012319700756981286
nvt300_contained_carbon_like,1000,46.375,1305,101983.95151715867,0.012796130965570945
nvt300_contained_carbon_like,1000,48.125,1355,105832.40251780614,0.012803262212364717
nvt300_contained_carbon_like,1000,49.875,1482,109680.85351845366,0.013511929862495603
nvt300_contained_carbon_like,1000,51.625,1536,113529.30451910115,0.01352954645944801
nvt300_contained_carbon_like,1000,53.375,1558,117377.75551974864,0.013273383811959744
nvt300_contained_carbon_like,1000,55.125,1526,121226.20652039614,0.012588037222324966
nvt300_contained_carbon_like,1000,56.875,1380,125074.65752104363,0.011033410183576293
nvt300_contained_carbon_like,1000,58.625,1121,128923.10852169115,0.00869510526742685
nvt300_contained_carbon_like,1000,60.375,894,132771.55952233865,0.006733369730808845
nvt300_contained_carbon_like,1000,62.125,615,136620.01052298612,0.004501536763507474
nvt300_contained_carbon_like,1000,63.875,409,140468.46152363362,0.0029116856236884626
nvt300_contained_carbon_like,1000,65.625,297,144316.9125242811,0.0020579708559801003
nvt300_contained_carbon_like,1000,67.375,417,148165.36352492863,0.0028144229533769564
nvt300_contained_carbon_like,1000,69.125,141,152013.8145255761,0.0009275472787789096
nvt300_contained_carbon_like,1000,70.875,53,155862.2655262236,0.0003400438189516938
nvt300_contained_carbon_like,1000,72.625,21,159710.7165268711,0.0001314877326748877
nvt300_contained_carbon_like,1000,74.375,2,163559.16752751858,1.2227990825787878e-05
nvt300_contained_carbon_like,1000,76.125,0,167407.61852816612,0.0
nvt300_contained_carbon_like,1000,77.875,0,171256.0695288136,0.0
nvt300_contained_carbon_like,1000,79.625,0,175104.5205294611,0.0
nvt300_contained_carbon_like,1000,81.375,0,178952.9715301086,0.0
nvt300_contained_carbon_like,1000,83.125,0,182801.42253075607,0.0
nvt300_contained_carbon_like,1000,84.875,0,186649.8735314036,0.0
nvt300_contained_carbon_like,1000,86.625,0,190498.32453205108,0.0
nvt300_contained_carbon_like,1000,88.375,0,194346.77553269858,0.0
nvt300_contained_carbon_like,1000,90.125,0,198195.22653334605,0.0
nvt300_contained_carbon_like,1000,91.875,0,202043.67753399356,0.0
nvt300_contained_carbon_like,1000,93.625,0,205892.12853464106,0.0
nvt300_contained_carbon_like,1000,95.375,0,209740.57953528853,0.0
nvt300_contained_carbon_like,1000,97.125,0,213589.0305359361,0.0
nvt300_contained_carbon_like,1000,98.875,0,217437.48153658357,0.0
nvt300_contained_carbon_like,1000,100.625,0,221285.93253723107,0.0
nvt300_contained_carbon_like,1000,102.375,0,225134.38353787854,0.0
nvt300_contained_carbon_like,1000,104.125,0,228982.83453852605,0.0
nvt300_contained_carbon_like,1000,105.875,0,232831.28553917355,0.0
nvt300_contained_carbon_like,1000,107.625,0,236679.73653982102,0.0
nvt300_contained_carbon_like,1000,109.375,0,240528.18754046853,0.0
nvt300_contained_carbon_like,1000,111.125,0,244376.63854111603,0.0
nvt300_contained_carbon_like,1000,112.875,0,248225.0895417635,0.0
nvt300_contained_carbon_like,1000,114.625,0,252073.54054241104,0.0
nvt300_contained_carbon_like,1000,116.375,0,255921.99154305854,0.0
nvt300_contained_carbon_like,1000,118.125,0,259770.44254370604,0.0
nvt300_contained_carbon_like,1000,119.875,0,263618.89354435354,0.0
nvt300_contained_carbon_like,1000,121.625,0,267467.344545001,0.0
nvt300_contained_carbon_like,1000,123.375,0,271315.7955456485,0.0
nvt300_contained_carbon_like,1000,125.125,0,275164.246546296,0.0
nvt300_contained_carbon_like,1000,126.875,0,279012.6975469435,0.0
nvt300_contained_carbon_like,1000,128.625,0,282861.148547591,0.0
nvt300_contained_carbon_like,1000,130.375,0,286709.59954823845,0.0
nvt300_contained_carbon_like,1000,132.125,0,290558.050548886,0.0
nvt300_contained_carbon_like,1000,133.875,0,294406.5015495335,0.0
nvt300_contained_carbon_like,1000,135.625,0,298254.952550181,0.0
nvt300_contained_carbon_like,1000,137.375,0,302103.4035508285,0.0
nvt300_contained_carbon_like,1000,139.125,0,305951.85455147596,0.0
nvt300_contained_carbon_like,2000,0.875,29,1924.225500323748,0.01507099869278356
nvt300_contained_carbon_like,2000,2.625,75,5772.676500971245,0.012992240252399619
nvt300_contained_carbon_like,2000,4.375,115,9621.127501618741,0.01195286103220765
nvt300_contained_carbon_like,2000,6.125,175,13469.578502266239,0.012992240252399619
nvt300_contained_carbon_like,2000,7.875,203,17318.029502913734,0.01172188787216499
nvt300_contained_carbon_like,2000,9.625,257,21166.480503561233,0.012141839072242552
nvt300_contained_carbon_like,2000,11.375,288,25014.931504208726,0.01151312366981874
nvt300_contained_carbon_like,2000,13.125,370,28863.382504856225,0.012819010382367624
nvt300_contained_carbon_like,2000,14.875,414,32711.83350550372,0.012655970504690453
nvt300_contained_carbon_like,2000,16.625,412,36560.28450615122,0.0112690589136603
nvt300_contained_carbon_like,2000,18.375,506,40408.73550679871,0.012522044890884206
nvt300_contained_carbon_like,2000,20.125,522,44257.18650744621,0.011794694629134959
nvt300_contained_carbon_like,2000,21.875,618,48105.63750809371,0.012846727161572744
nvt300_contained_carbon_like,2000,23.625,624,51954.0885087412,0.012010604322218316
nvt300_contained_carbon_like,2000,25.375,722,55802.539509388705,0.012938479258251758
nvt300_contained_carbon_like,2000,27.125,708,59650.990510036194,0.01186904012735346
nvt300_contained_carbon_like,2000,28.875,800,63499.4415106837,0.012598536002326903
nvt300_contained_carbon_like,2000,30.625,798,67347.89251133119,0.011848923110188455
nvt300_contained_carbon_like,2000,32.375,898,71196.34351197869,0.012613007293680928
nvt300_contained_carbon_like,2000,34.125,937,75044.79451262619,0.01248587601692148
nvt300_contained_carbon_like,2000,35.875,970,78893.24551327368,0.012295095653490372
nvt300_contained_carbon_like,2000,37.625,999,82741.69651392118,0.01207371908106718
nvt300_contained_carbon_like,2000,39.375,1011,86590.14751456867,0.011675693240156458
nvt300_contained_carbon_like,2000,41.125,1095,90438.59851521616,0.012107662192661775
nvt300_contained_carbon_like,2000,42.875,1149,94287.04951586366,0.012186191061230338
nvt300_contained_carbon_like,2000,44.625,1231,98135.50051651117,0.012543880588787398
nvt300_contained_carbon_like,2000,46.375,1328,101983.95151715867,0.01302165664542392
nvt300_contained_carbon_like,2000,48.125,1329,105832.40251780614,0.012557590760319343
nvt300_contained_carbon_like,2000,49.875,1477,109680.85351845366,0.013466343054592447
nvt300_contained_carbon_like,2000,51.625,1552,113529.30451910115,0.013670479235067262
nvt300_contained_carbon_like,2000,53.375,1569,117377.75551974864,0.013367098331813118
nvt300_contained_carbon_like,2000,55.125,1505,121226.20652039614,0.01241480735229297
nvt300_contained_carbon_like,2000,56.875,1387,125074.65752104363,0.011089376756971246
nvt300_contained_carbon_like,2000,58.625,1101,128923.10852169115,0.008539974040532526
nvt300_contained_carbon_like,2000,60.375,875,132771.55952233865,0.006590266794695459
nvt300_contained_carbon_like,2000,62.125,624,136620.01052298612,0.00456741291126612
nvt300_contained_carbon_like,2000,63.875,420,140468.46152363362,0.0029899950169905974
nvt300_contained_carbon_like,2000,65.625,358,144316.9125242811,0.0024806517388581677
nvt300_contained_carbon_like,2000,67.375,351,148165.36352492863,0.0023689747161518265
nvt300_contained_carbon_like,2000,69.125,113,152013.8145255761,0.0007433534929221049
nvt300_contained_carbon_like,2000,70.875,48,155862.2655262236,0.0003079642133902132
nvt300_contained_carbon_like,2000,72.625,26,159710.7165268711,0.00016279433569271813
nvt300_contained_carbon_like,2000,74.375,6,163559.16752751858,3.668397247736364e-05
nvt300_contained_carbon_like,2000,76.125,0,167407.61852816612,0.0
nvt300_contained_carbon_like,2000,77.875,0,171256.0695288136,0.0
nvt300_contained_carbon_like,2000,79.625,0,175104.5205294611,0.0
nvt300_contained_carbon_like,2000,81.375,0,178952.9715301086,0.0
nvt300_contained_carbon_like,2000,83.125,0,182801.42253075607,0.0
nvt300_contained_carbon_like,2000,84.875,0,186649.8735314036,0.0
nvt300_contained_carbon_like,2000,86.625,0,190498.32453205108,0.0
nvt300_contained_carbon_like,2000,88.375,0,194346.77553269858,0.0
nvt300_contained_carbon_like,2000,90.125,0,198195.22653334605,0.0
nvt300_contained_carbon_like,2000,91.875,0,202043.67753399356,0.0
nvt300_contained_carbon_like,2000,93.625,0,205892.12853464106,0.0
nvt300_contained_carbon_like,2000,95.375,0,209740.57953528853,0.0
nvt300_contained_carbon_like,2000,97.125,0,213589.0305359361,0.0
nvt300_contained_carbon_like,2000,98.875,0,217437.48153658357,0.0
nvt300_contained_carbon_like,2000,100.625,0,221285.93253723107,0.0
nvt300_contained_carbon_like,2000,102.375,0,225134.38353787854,0.0
nvt300_contained_carbon_like,2000,104.125,0,228982.83453852605,0.0
nvt300_contained_carbon_like,2000,105.875,0,232831.28553917355,0.0
nvt300_contained_carbon_like,2000,107.625,0,236679.73653982102,0.0
nvt300_contained_carbon_like,2000,109.375,0,240528.18754046853,0.0
nvt300_contained_carbon_like,2000,111.125,0,244376.63854111603,0.0
nvt300_contained_carbon_like,2000,112.875,0,248225.0895417635,0.0
nvt300_contained_carbon_like,2000,114.625,0,252073.54054241104,0.0
nvt300_contained_carbon_like,2000,116.375,0,255921.99154305854,0.0
nvt300_contained_carbon_like,2000,118.125,0,259770.44254370604,0.0
nvt300_contained_carbon_like,2000,119.875,0,263618.89354435354,0.0
nvt300_contained_carbon_like,2000,121.625,0,267467.344545001,0.0
nvt300_contained_carbon_like,2000,123.375,0,271315.7955456485,0.0
nvt300_contained_carbon_like,2000,125.125,0,275164.246546296,0.0
nvt300_contained_carbon_like,2000,126.875,0,279012.6975469435,0.0
nvt300_contained_carbon_like,2000,128.625,0,282861.148547591,0.0
nvt300_contained_carbon_like,2000,130.375,0,286709.59954823845,0.0
nvt300_contained_carbon_like,2000,132.125,0,290558.050548886,0.0
nvt300_contained_carbon_like,2000,133.875,0,294406.5015495335,0.0
nvt300_contained_carbon_like,2000,135.625,0,298254.952550181,0.0
nvt300_contained_carbon_like,2000,137.375,0,302103.4035508285,0.0
nvt300_contained_carbon_like,2000,139.125,0,305951.85455147596,0.0
nvt300_contained_carbon_like,3000,0.875,30,1924.225500323748,0.015590688302879546
nvt300_contained_carbon_like,3000,2.625,72,5772.676500971245,0.012472550642303635
nvt300_contained_carbon_like,3000,4.375,115,9621.127501618741,0.01195286103220765
nvt300_contained_carbon_like,3000,6.125,167,13469.578502266239,0.01239830926943278
nvt300_contained_carbon_like,3000,7.875,218,17318.029502913734,0.012588037222324966
nvt300_contained_carbon_like,3000,9.625,254,21166.480503561233,0.012000105542216375
nvt300_contained_carbon_like,3000,11.375,295,25014.931504208726,0.011792956536793502
nvt300_contained_carbon_like,3000,13.125,359,28863.382504856225,0.012437904668297235
nvt300_contained_carbon_like,3000,14.875,414,32711.83350550372,0.012655970504690453
nvt300_contained_carbon_like,3000,16.625,413,36560.28450615122,0.011296410998402196
nvt300_contained_carbon_like,3000,18.375,506,40408.73550679871,0.012522044890884206
nvt300_contained_carbon_like,3000,20.125,530,44257.18650744621,0.011975456232646606
nvt300_contained_carbon_like,3000,21.875,626,48105.63750809371,0.01301302783680346
nvt300_contained_carbon_like,3000,23.625,620,51954.0885087412,0.011933613268870762
nvt300_contained_carbon_like,3000,25.375,698,55802.539509388705,0.012508391305068874
nvt300_contained_carbon_like,3000,27.125,740,59650.990510036194,0.012405493918420283
nvt300_contained_carbon_like,3000,28.875,777,63499.4415106837,0.012236328092260005
nvt300_contained_carbon_like,3000,30.625,820,67347.89251133119,0.012175585150820217
nvt300_contained_carbon_like,3000,32.375,890,71196.34351197869,0.012500641972579093
nvt300_contained_carbon_like,3000,34.125,941,75044.79451262619,0.012539177515392862
nvt300_contained_carbon_like,3000,35.875,984,78893.24551327368,0.012472550642303635
nvt300_contained_carbon_like,3000,37.625,994,82741.69651392118,0.012013290056637415
nvt300_contained_carbon_like,3000,39.375,1009,86590.14751456867,0.011652595924152192
nvt300_contained_carbon_like,3000,41.125,1102,90438.59851521616,0.012185062772888836
nvt300_contained_carbon_like,3000,42.875,1169,94287.04951586366,0.01239830926943278
nvt300_contained_carbon_like,3000,44.625,1215,98135.50051651117,0.012380840711110225
nvt300_contained_carbon_like,3000,46.375,1329,101983.95151715867,0.013031462109765354
nvt300_contained_carbon_like,3000,48.125,1351,105832.40251780614,0.012765466604357737
nvt300_contained_carbon_like,3000,49.875,1479,109680.85351845366,0.01348457777775371
nvt300_contained_carbon_like,3000,51.625,1559,113529.30451910115,0.013732137324400684
nvt300_contained_carbon_like,3000,53.375,1553,117377.75551974864,0.013230786302935482
nvt300_contained_carbon_like,3000,55.125,1515,121226.20652039614,0.01249729776659392
nvt300_contained_carbon_like,3000,56.875,1378,125074.65752104363,0.011017419734034879
nvt300_contained_carbon_like,3000,58.625,1091,128923.10852169115,0.008462408427085363
nvt300_contained_carbon_like,3000,60.375,868,132771.55952233865,0.006537544660337895
nvt300_contained_carbon_like,3000,62.125,606,136620.01052298612,0.004435660615748828
nvt300_contained_carbon_like,3000,63.875,430,140468.46152363362,0.0030611853745379928
nvt300_contained_carbon_like,3000,65.625,388,144316.9125242811,0.0026885275828965618
nvt300_contained_carbon_like,3000,67.375,318,148165.36352492863,0.0021462505975392617
nvt300_contained_carbon_like,3000,69.125,93,152013.8145255761,0.0006117865030243872
nvt300_contained_carbon_like,3000,70.875,43,155862.2655262236,0.00027588460782873266
nvt300_contained_carbon_like,3000,72.625,23,159710.7165268711,0.00014401037388201988
nvt300_contained_carbon_like,3000,74.375,13,163559.16752751858,7.948194036762121e-05
nvt300_contained_carbon_like,3000,76.125,0,167407.61852816612,0.0
nvt300_contained_carbon_like,3000,77.875,0,171256.0695288136,0.0
nvt300_contained_carbon_like,3000,79.625,0,175104.5205294611,0.0
nvt300_contained_carbon_like,3000,81.375,0,178952.9715301086,0.0
nvt300_contained_carbon_like,3000,83.125,0,182801.42253075607,0.0
nvt300_contained_carbon_like,3000,84.875,0,186649.8735314036,0.0
nvt300_contained_carbon_like,3000,86.625,0,190498.32453205108,0.0
nvt300_contained_carbon_like,3000,88.375,0,194346.77553269858,0.0
nvt300_contained_carbon_like,3000,90.125,0,198195.22653334605,0.0
nvt300_contained_carbon_like,3000,91.875,0,202043.67753399356,0.0
nvt300_contained_carbon_like,3000,93.625,0,205892.12853464106,0.0
nvt300_contained_carbon_like,3000,95.375,0,209740.57953528853,0.0
nvt300_contained_carbon_like,3000,97.125,0,213589.0305359361,0.0
nvt300_contained_carbon_like,3000,98.875,0,217437.48153658357,0.0
nvt300_contained_carbon_like,3000,100.625,0,221285.93253723107,0.0
nvt300_contained_carbon_like,3000,102.375,0,225134.38353787854,0.0
nvt300_contained_carbon_like,3000,104.125,0,228982.83453852605,0.0
nvt300_contained_carbon_like,3000,105.875,0,232831.28553917355,0.0
nvt300_contained_carbon_like,3000,107.625,0,236679.73653982102,0.0
nvt300_contained_carbon_like,3000,109.375,0,240528.18754046853,0.0
nvt300_contained_carbon_like,3000,111.125,0,244376.63854111603,0.0
nvt300_contained_carbon_like,3000,112.875,0,248225.0895417635,0.0
nvt300_contained_carbon_like,3000,114.625,0,252073.54054241104,0.0
nvt300_contained_carbon_like,3000,116.375,0,255921.99154305854,0.0
nvt300_contained_carbon_like,3000,118.125,0,259770.44254370604,0.0
nvt300_contained_carbon_like,3000,119.875,0,263618.89354435354,0.0
nvt300_contained_carbon_like,3000,121.625,0,267467.344545001,0.0
nvt300_contained_carbon_like,3000,123.375,0,271315.7955456485,0.0
nvt300_contained_carbon_like,3000,125.125,0,275164.246546296,0.0
nvt300_contained_carbon_like,3000,126.875,0,279012.6975469435,0.0
nvt300_contained_carbon_like,3000,128.625,0,282861.148547591,0.0
nvt300_contained_carbon_like,3000,130.375,0,286709.59954823845,0.0
nvt300_contained_carbon_like,3000,132.125,0,290558.050548886,0.0
nvt300_contained_carbon_like,3000,133.875,0,294406.5015495335,0.0
nvt300_contained_carbon_like,3000,135.625,0,298254.952550181,0.0
nvt300_contained_carbon_like,3000,137.375,0,302103.4035508285,0.0
nvt300_contained_carbon_like,3000,139.125,0,305951.85455147596,0.0
nvt300_contained_carbon_like,4000,0.875,31,1924.225500323748,0.01611037791297553
nvt300_contained_carbon_like,4000,2.625,72,5772.676500971245,0.012472550642303635
nvt300_contained_carbon_like,4000,4.375,120,9621.127501618741,0.012472550642303636
nvt300_contained_carbon_like,4000,6.125,161,13469.578502266239,0.01195286103220765
nvt300_contained_carbon_like,4000,7.875,222,17318.029502913734,0.012819010382367626
nvt300_contained_carbon_like,4000,9.625,244,21166.480503561233,0.011527660442129117
nvt300_contained_carbon_like,4000,11.375,300,25014.931504208726,0.01199283715606119
nvt300_contained_carbon_like,4000,13.125,365,28863.382504856225,0.01264578051233563
nvt300_contained_carbon_like,4000,14.875,411,32711.83350550372,0.012564260573497044
nvt300_contained_carbon_like,4000,16.625,424,36560.28450615122,0.011597283930563028
nvt300_contained_carbon_like,4000,18.375,500,40408.73550679871,0.012373562145142496
nvt300_contained_carbon_like,4000,20.125,517,44257.18650744621,0.01168171862694018
nvt300_contained_carbon_like,4000,21.875,640,48105.63750809371,0.01330405401845721
nvt300_contained_carbon_like,4000,23.625,626,51954.0885087412,0.012049099848892093
nvt300_contained_carbon_like,4000,25.375,682,55802.539509388705,0.01222166600294695
nvt300_contained_carbon_like,4000,27.125,766,59650.990510036194,0.012841362623662077
nvt300_contained_carbon_like,4000,28.875,782,63499.4415106837,0.012315068942274549
nvt300_contained_carbon_like,4000,30.625,826,67347.89251133119,0.012264674798265242
nvt300_contained_carbon_like,4000,32.375,878,71196.34351197869,0.012332093990926342
nvt300_contained_carbon_like,4000,34.125,925,75044.79451262619,0.01232597152150733
nvt300_contained_carbon_like,4000,35.875,988,78893.24551327368,0.012523252067678852
nvt300_contained_carbon_like,4000,37.625,1004,82741.69651392118,0.012134148105496947
nvt300_contained_carbon_like,4000,39.375,1020,86590.14751456867,0.011779631162175655
nvt300_contained_carbon_like,4000,41.125,1103,90438.59851521616,0.01219611999863556
nvt300_contained_carbon_like,4000,42.875,1161,94287.04951586366,0.012313461986151804
nvt300_contained_carbon_like,4000,44.625,1244,98135.50051651117,0.0126763504894001
nvt300_contained_carbon_like,4000,46.375,1323,101983.95151715867,0.01297262932371675
nvt300_contained_carbon_like,4000,48.125,1344,105832.40251780614,0.012699324290345522
nvt300_contained_carbon_like,4000,49.875,1492,109680.85351845366,0.013603103478301917
nvt300_contained_carbon_like,4000,51.625,1546,113529.30451910115,0.013617629444210043
nvt300_contained_carbon_like,4000,53.375,1570,117377.75551974864,0.013375617833617971
nvt300_contained_carbon_like,4000,55.125,1534,121226.20652039614,0.012654029553765725
nvt300_contained_carbon_like,4000,56.875,1357,125074.65752104363,0.010849520013850021
nvt300_contained_carbon_like,4000,58.625,1069,128923.10852169115,0.008291764077501608
nvt300_contained_carbon_like,4000,60.375,856,132771.55952233865,0.0064471638585820714
nvt300_contained_carbon_like,4000,62.125,605,136620.01052298612,0.004428341043775645
nvt300_contained_carbon_like,4000,63.875,442,140468.46152363362,0.003146613803594867
nvt300_contained_carbon_like,4000,65.625,398,144316.9125242811,0.0027578195309093598
nvt300_contained_carbon_like,4000,67.375,294,148165.36352492863,0.001984269420366487
nvt300_contained_carbon_like,4000,69.125,73,152013.8145255761,0.0004802195131266695
nvt300_contained_carbon_like,4000,70.875,39,155862.2655262236,0.0002502209233795482
nvt300_contained_carbon_like,4000,72.625,22,159710.7165268711,0.0001377490532784538
nvt300_contained_carbon_like,4000,74.375,16,163559.16752751858,9.782392660630303e-05
nvt300_contained_carbon_like,4000,76.125,3,167407.61852816612,1.7920331382620164e-05
nvt300_contained_carbon_like,4000,77.875,0,171256.0695288136,0.0
nvt300_contained_carbon_like,4000,79.625,0,175104.5205294611,0.0
nvt300_contained_carbon_like,4000,81.375,0,178952.9715301086,0.0
nvt300_contained_carbon_like,4000,83.125,0,182801.42253075607,0.0
nvt300_contained_carbon_like,4000,84.875,0,186649.8735314036,0.0
nvt300_contained_carbon_like,4000,86.625,0,190498.32453205108,0.0
nvt300_contained_carbon_like,4000,88.375,0,194346.77553269858,0.0
nvt300_contained_carbon_like,4000,90.125,0,198195.22653334605,0.0
nvt300_contained_carbon_like,4000,91.875,0,202043.67753399356,0.0
nvt300_contained_carbon_like,4000,93.625,0,205892.12853464106,0.0
nvt300_contained_carbon_like,4000,95.375,0,209740.57953528853,0.0
nvt300_contained_carbon_like,4000,97.125,0,213589.0305359361,0.0
nvt300_contained_carbon_like,4000,98.875,0,217437.48153658357,0.0
nvt300_contained_carbon_like,4000,100.625,0,221285.93253723107,0.0
nvt300_contained_carbon_like,4000,102.375,0,225134.38353787854,0.0
nvt300_contained_carbon_like,4000,104.125,0,228982.83453852605,0.0
nvt300_contained_carbon_like,4000,105.875,0,232831.28553917355,0.0
nvt300_contained_carbon_like,4000,107.625,0,236679.73653982102,0.0
nvt300_contained_carbon_like,4000,109.375,0,240528.18754046853,0.0
nvt300_contained_carbon_like,4000,111.125,0,244376.63854111603,0.0
nvt300_contained_carbon_like,4000,112.875,0,248225.0895417635,0.0
nvt300_contained_carbon_like,4000,114.625,0,252073.54054241104,0.0
nvt300_contained_carbon_like,4000,116.375,0,255921.99154305854,0.0
nvt300_contained_carbon_like,4000,118.125,0,259770.44254370604,0.0
nvt300_contained_carbon_like,4000,119.875,0,263618.89354435354,0.0
nvt300_contained_carbon_like,4000,121.625,0,267467.344545001,0.0
nvt300_contained_carbon_like,4000,123.375,0,271315.7955456485,0.0
nvt300_contained_carbon_like,4000,125.125,0,275164.246546296,0.0
nvt300_contained_carbon_like,4000,126.875,0,279012.6975469435,0.0
nvt300_contained_carbon_like,4000,128.625,0,282861.148547591,0.0
nvt300_contained_carbon_like,4000,130.375,0,286709.59954823845,0.0
nvt300_contained_carbon_like,4000,132.125,0,290558.050548886,0.0
nvt300_contained_carbon_like,4000,133.875,0,294406.5015495335,0.0
nvt300_contained_carbon_like,4000,135.625,0,298254.952550181,0.0
nvt300_contained_carbon_like,4000,137.375,0,302103.4035508285,0.0
nvt300_contained_carbon_like,4000,139.125,0,305951.85455147596,0.0
nvt300_contained_carbon_like,5000,0.875,29,1924.225500323748,0.01507099869278356
nvt300_contained_carbon_like,5000,2.625,75,5772.676500971245,0.012992240252399619
nvt300_contained_carbon_like,5000,4.375,115,9621.127501618741,0.01195286103220765
nvt300_contained_carbon_like,5000,6.125,160,13469.578502266239,0.011878619659336795
nvt300_contained_carbon_like,5000,7.875,225,17318.029502913734,0.01299224025239962
nvt300_contained_carbon_like,5000,9.625,251,21166.480503561233,0.011858372012190197
nvt300_contained_carbon_like,5000,11.375,305,25014.931504208726,0.012192717775328875
nvt300_contained_carbon_like,5000,13.125,356,28863.382504856225,0.01233396674627804
nvt300_contained_carbon_like,5000,14.875,400,32711.83350550372,0.012227990825787877
nvt300_contained_carbon_like,5000,16.625,436,36560.28450615122,0.011925508947465755
nvt300_contained_carbon_like,5000,18.375,502,40408.73550679871,0.012423056393723066
nvt300_contained_carbon_like,5000,20.125,529,44257.18650744621,0.01195286103220765
nvt300_contained_carbon_like,5000,21.875,639,48105.63750809371,0.013283266434053372
nvt300_contained_carbon_like,5000,23.625,630,51954.0885087412,0.012126090902239645
nvt300_contained_carbon_like,5000,25.375,696,55802.539509388705,0.012472550642303635
nvt300_contained_carbon_like,5000,27.125,727,59650.990510036194,0.012187559565799385
nvt300_contained_carbon_like,5000,28.875,797,63499.4415106837,0.012551291492318177
nvt300_contained_carbon_like,5000,30.625,823,67347.89251133119,0.01222012997454273
nvt300_contained_carbon_like,5000,32.375,878,71196.34351197869,0.012332093990926342
nvt300_contained_carbon_like,5000,34.125,957,75044.79451262619,0.012752383509278395
nvt300_contained_carbon_like,5000,35.875,977,78893.24551327368,0.012383823147897004
nvt300_contained_carbon_like,5000,37.625,1000,82741.69651392118,0.012085804885953134
nvt300_contained_carbon_like,5000,39.375,1019,86590.14751456867,0.011768082504173523
nvt300_contained_carbon_like,5000,41.125,1109,90438.59851521616,0.012262463353115897
nvt300_contained_carbon_like,5000,42.875,1182,94287.04951586366,0.012536186104764369
nvt300_contained_carbon_like,5000,44.625,1242,98135.50051651117,0.012655970504690453
nvt300_contained_carbon_like,5000,46.375,1321,101983.95151715867,0.012953018395033884
nvt300_contained_carbon_like,5000,48.125,1355,105832.40251780614,0.012803262212364717
nvt300_contained_carbon_like,5000,49.875,1477,109680.85351845366,0.013466343054592447
nvt300_contained_carbon_like,5000,51.625,1579,113529.30451910115,0.013908303293924746
nvt300_contained_carbon_like,5000,53.375,1549,117377.75551974864,0.013196708295716075
nvt300_contained_carbon_like,5000,55.125,1536,121226.20652039614,0.012670527636625914
nvt300_contained_carbon_like,5000,56.875,1335,125074.65752104363,0.010673625068894457
nvt300_contained_carbon_like,5000,58.625,1081,128923.10852169115,0.008384842813638202
nvt300_contained_carbon_like,5000,60.375,848,132771.55952233865,0.006386909990744856
nvt300_contained_carbon_like,5000,62.125,601,136620.01052298612,0.004399062755882914
nvt300_contained_carbon_like,5000,63.875,440,140468.46152363362,0.0031323757320853877
nvt300_contained_carbon_like,5000,65.625,413,144316.9125242811,0.0028617574529285566
nvt300_contained_carbon_like,5000,67.375,262,148165.36352492863,0.0017682945174694546
nvt300_contained_carbon_like,5000,69.125,60,152013.8145255761,0.00039470096969315303
nvt300_contained_carbon_like,5000,70.875,36,155862.2655262236,0.0002309731600426599
nvt300_contained_carbon_like,5000,72.625,21,159710.7165268711,0.0001314877326748877
nvt300_contained_carbon_like,5000,74.375,15,163559.16752751858,9.17099311934091e-05
nvt300_contained_carbon_like,5000,76.125,6,167407.61852816612,3.584066276524033e-05
nvt300_contained_carbon_like,5000,77.875,1,171256.0695288136,5.839209102202077e-06
nvt300_contained_carbon_like,5000,79.625,0,175104.5205294611,0.0
nvt300_contained_carbon_like,5000,81.375,0,178952.9715301086,0.0
nvt300_contained_carbon_like,5000,83.125,0,182801.42253075607,0.0
nvt300_contained_carbon_like,5000,84.875,0,186649.8735314036,0.0
nvt300_contained_carbon_like,5000,86.625,0,190498.32453205108,0.0
nvt300_contained_carbon_like,5000,88.375,0,194346.77553269858,0.0
nvt300_contained_carbon_like,5000,90.125,0,198195.22653334605,0.0
nvt300_contained_carbon_like,5000,91.875,0,202043.67753399356,0.0
nvt300_contained_carbon_like,5000,93.625,0,205892.12853464106,0.0
nvt300_contained_carbon_like,5000,95.375,0,209740.57953528853,0.0
nvt300_contained_carbon_like,5000,97.125,0,213589.0305359361,0.0
nvt300_contained_carbon_like,5000,98.875,0,217437.48153658357,0.0
nvt300_contained_carbon_like,5000,100.625,0,221285.93253723107,0.0
nvt300_contained_carbon_like,5000,102.375,0,225134.38353787854,0.0
nvt300_contained_carbon_like,5000,104.125,0,228982.83453852605,0.0
nvt300_contained_carbon_like,5000,105.875,0,232831.28553917355,0.0
nvt300_contained_carbon_like,5000,107.625,0,236679.73653982102,0.0
nvt300_contained_carbon_like,5000,109.375,0,240528.18754046853,0.0
nvt300_contained_carbon_like,5000,111.125,0,244376.63854111603,0.0
nvt300_contained_carbon_like,5000,112.875,0,248225.0895417635,0.0
nvt300_contained_carbon_like,5000,114.625,0,252073.54054241104,0.0
nvt300_contained_carbon_like,5000,116.375,0,255921.99154305854,0.0
nvt300_contained_carbon_like,5000,118.125,0,259770.44254370604,0.0
nvt300_contained_carbon_like,5000,119.875,0,263618.89354435354,0.0
nvt300_contained_carbon_like,5000,121.625,0,267467.344545001,0.0
nvt300_contained_carbon_like,5000,123.375,0,271315.7955456485,0.0
nvt300_contained_carbon_like,5000,125.125,0,275164.246546296,0.0
nvt300_contained_carbon_like,5000,126.875,0,279012.6975469435,0.0
nvt300_contained_carbon_like,5000,128.625,0,282861.148547591,0.0
nvt300_contained_carbon_like,5000,130.375,0,286709.59954823845,0.0
nvt300_contained_carbon_like,5000,132.125,0,290558.050548886,0.0
nvt300_contained_carbon_like,5000,133.875,0,294406.5015495335,0.0
nvt300_contained_carbon_like,5000,135.625,0,298254.952550181,0.0
nvt300_contained_carbon_like,5000,137.375,0,302103.4035508285,0.0
nvt300_contained_carbon_like,5000,139.125,0,305951.85455147596,0.0
nvt300_contained_carbon_like,6000,0.875,28,1924.225500323748,0.014551309082687576
nvt300_contained_carbon_like,6000,2.625,74,5772.676500971245,0.012819010382367624
nvt300_contained_carbon_like,6000,4.375,121,9621.127501618741,0.012576488564322832
nvt300_contained_carbon_like,6000,6.125,163,13469.578502266239,0.01210134377794936
nvt300_contained_carbon_like,6000,7.875,229,17318.029502913734,0.01322321341244228
nvt300_contained_carbon_like,6000,9.625,234,21166.480503561233,0.011055215342041857
nvt300_contained_carbon_like,6000,11.375,308,25014.931504208726,0.012312646146889487
nvt300_contained_carbon_like,6000,13.125,357,28863.382504856225,0.012368612720284437
nvt300_contained_carbon_like,6000,14.875,416,32711.83350550372,0.012717110458819392
nvt300_contained_carbon_like,6000,16.625,440,36560.28450615122,0.012034917286433331
nvt300_contained_carbon_like,6000,18.375,474,40408.73550679871,0.011730136913595087
nvt300_contained_carbon_like,6000,20.125,555,44257.18650744621,0.012540336243620503
nvt300_contained_carbon_like,6000,21.875,631,48105.63750809371,0.013116965758822657
nvt300_contained_carbon_like,6000,23.625,636,51954.0885087412,0.012241577482260976
nvt300_contained_carbon_like,6000,25.375,693,55802.539509388705,0.012418789648155773
nvt300_contained_carbon_like,6000,27.125,725,59650.990510036194,0.01215403120385771
nvt300_contained_carbon_like,6000,28.875,807,63499.4415106837,0.012708773192347264
nvt300_contained_carbon_like,6000,30.625,850,67347.89251133119,0.012621033388045346
nvt300_contained_carbon_like,6000,32.375,871,71196.34351197869,0.012233774334962236
nvt300_contained_carbon_like,6000,34.125,939,75044.79451262619,0.01251252676615717
nvt300_contained_carbon_like,6000,35.875,978,78893.24551327368,0.012396498504240808
nvt300_contained_carbon_like,6000,37.625,1013,82741.69651392118,0.012242920349470525
nvt300_contained_carbon_like,6000,39.375,1026,86590.14751456867,0.011848923110188453
nvt300_contained_carbon_like,6000,41.125,1110,90438.59851521616,0.01227352057886262
nvt300_contained_carbon_like,6000,42.875,1176,94287.04951586366,0.012472550642303636
nvt300_contained_carbon_like,6000,44.625,1245,98135.50051651117,0.012686540481754922
nvt300_contained_carbon_like,6000,46.375,1311,101983.95151715867,0.012854963751619547
nvt300_contained_carbon_like,6000,48.125,1372,105832.40251780614,0.012963893546394385
nvt300_contained_carbon_like,6000,49.875,1496,109680.85351845366,0.013639572924624442
nvt300_contained_carbon_like,6000,51.625,1581,113529.30451910115,0.013925919890877152
nvt300_contained_carbon_like,6000,53.375,1549,117377.75551974864,0.013196708295716075
nvt300_contained_carbon_like,6000,55.125,1517,121226.20652039614,0.01251379584945411
nvt300_contained_carbon_like,6000,56.875,1333,125074.65752104363,0.010657634619353044
nvt300_contained_carbon_like,6000,58.625,1093,128923.10852169115,0.008477921549774796
nvt300_contained_carbon_like,6000,60.375,832,132771.55952233865,0.006266402255070425
nvt300_contained_carbon_like,6000,62.125,587,136620.01052298612,0.004296588748258353
nvt300_contained_carbon_like,6000,63.875,447,140468.46152363362,0.0031822089823685643
nvt300_contained_carbon_like,6000,65.625,415,144316.9125242811,0.0028756158425311163
nvt300_contained_carbon_like,6000,67.375,239,148165.36352492863,0.0016130625560122124
nvt300_contained_carbon_like,6000,69.125,47,152013.8145255761,0.00030918242625963655
nvt300_contained_carbon_like,6000,70.875,30,155862.2655262236,0.00019247763336888325
nvt300_contained_carbon_like,6000,72.625,20,159710.7165268711,0.00012522641207132163
nvt300_contained_carbon_like,6000,74.375,16,163559.16752751858,9.782392660630303e-05
nvt300_contained_carbon_like,6000,76.125,10,167407.61852816612,5.9734437942067215e-05
nvt300_contained_carbon_like,6000,77.875,0,171256.0695288136,0.0
nvt300_contained_carbon_like,6000,79.625,1,175104.5205294611,5.710874836219613e-06
nvt300_contained_carbon_like,6000,81.375,0,178952.9715301086,0.0
nvt300_contained_carbon_like,6000,83.125,0,182801.42253075607,0.0
nvt300_contained_carbon_like,6000,84.875,0,186649.8735314036,0.0
nvt300_contained_carbon_like,6000,86.625,0,190498.32453205108,0.0
nvt300_contained_carbon_like,6000,88.375,0,194346.77553269858,0.0
nvt300_contained_carbon_like,6000,90.125,0,198195.22653334605,0.0
nvt300_contained_carbon_like,6000,91.875,0,202043.67753399356,0.0
nvt300_contained_carbon_like,6000,93.625,0,205892.12853464106,0.0
nvt300_contained_carbon_like,6000,95.375,0,209740.57953528853,0.0
nvt300_contained_carbon_like,6000,97.125,0,213589.0305359361,0.0
nvt300_contained_carbon_like,6000,98.875,0,217437.48153658357,0.0
nvt300_contained_carbon_like,6000,100.625,0,221285.93253723107,0.0
nvt300_contained_carbon_like,6000,102.375,0,225134.38353787854,0.0
nvt300_contained_carbon_like,6000,104.125,0,228982.83453852605,0.0
nvt300_contained_carbon_like,6000,105.875,0,232831.28553917355,0.0
nvt300_contained_carbon_like,6000,107.625,0,236679.73653982102,0.0
nvt300_contained_carbon_like,6000,109.375,0,240528.18754046853,0.0
nvt300_contained_carbon_like,6000,111.125,0,244376.63854111603,0.0
nvt300_contained_carbon_like,6000,112.875,0,248225.0895417635,0.0
nvt300_contained_carbon_like,6000,114.625,0,252073.54054241104,0.0
nvt300_contained_carbon_like,6000,116.375,0,255921.99154305854,0.0
nvt300_contained_carbon_like,6000,118.125,0,259770.44254370604,0.0
nvt300_contained_carbon_like,6000,119.875,0,263618.89354435354,0.0
nvt300_contained_carbon_like,6000,121.625,0,267467.344545001,0.0
nvt300_contained_carbon_like,6000,123.375,0,271315.7955456485,0.0
nvt300_contained_carbon_like,6000,125.125,0,275164.246546296,0.0
nvt300_contained_carbon_like,6000,126.875,0,279012.6975469435,0.0
nvt300_contained_carbon_like,6000,128.625,0,282861.148547591,0.0
nvt300_contained_carbon_like,6000,130.375,0,286709.59954823845,0.0
nvt300_contained_carbon_like,6000,132.125,0,290558.050548886,0.0
nvt300_contained_carbon_like,6000,133.875,0,294406.5015495335,0.0
nvt300_contained_carbon_like,6000,135.625,0,298254.952550181,0.0
nvt300_contained_carbon_like,6000,137.375,0,302103.4035508285,0.0
nvt300_contained_carbon_like,6000,139.125,0,305951.85455147596,0.0
nvt300_contained_carbon_like,7000,0.875,29,1924.225500323748,0.01507099869278356
nvt300_contained_carbon_like,7000,2.625,71,5772.676500971245,0.01229932077227164
nvt300_contained_carbon_like,7000,4.375,125,9621.127501618741,0.01299224025239962
nvt300_contained_carbon_like,7000,6.125,154,13469.578502266239,0.011433171422111666
nvt300_contained_carbon_like,7000,7.875,235,17318.029502913734,0.01356967315250627
nvt300_contained_carbon_like,7000,9.625,235,21166.480503561233,0.011102459852050583
nvt300_contained_carbon_like,7000,11.375,310,25014.931504208726,0.012392598394596561
nvt300_contained_carbon_like,7000,13.125,367,28863.382504856225,0.012715072460348427
nvt300_contained_carbon_like,7000,14.875,400,32711.83350550372,0.012227990825787877
nvt300_contained_carbon_like,7000,16.625,448,36560.28450615122,0.012253733964368482
nvt300_contained_carbon_like,7000,18.375,486,40408.73550679871,0.012027102405078507
nvt300_contained_carbon_like,7000,20.125,551,44257.18650744621,0.012449955441864679
nvt300_contained_carbon_like,7000,21.875,632,48105.63750809371,0.013137753343226496
nvt300_contained_carbon_like,7000,23.625,629,51954.0885087412,0.012106843138902756
nvt300_contained_carbon_like,7000,25.375,699,55802.539509388705,0.012526311636451494
nvt300_contained_carbon_like,7000,27.125,745,59650.990510036194,0.012489314823274474
nvt300_contained_carbon_like,7000,28.875,799,63499.4415106837,0.012582787832323994
nvt300_contained_carbon_like,7000,30.625,825,67347.89251133119,0.012249826523691072
nvt300_contained_carbon_like,7000,32.375,911,71196.34351197869,0.01279560094047141
nvt300_contained_carbon_like,7000,34.125,930,75044.79451262619,0.01239259839459656
nvt300_contained_carbon_like,7000,35.875,956,78893.24551327368,0.01211764066467711
nvt300_contained_carbon_like,7000,37.625,1019,82741.69651392118,0.012315435178786244
nvt300_contained_carbon_like,7000,39.375,1024,86590.14751456867,0.011825825794184187
nvt300_contained_carbon_like,7000,41.125,1116,90438.59851521616,0.01233986393334296
nvt300_contained_carbon_like,7000,42.875,1196,94287.04951586366,0.012684668850506078
nvt300_contained_carbon_like,7000,44.625,1244,98135.50051651117,0.0126763504894001
nvt300_contained_carbon_like,7000,46.375,1320,101983.95151715867,0.012943212930692451
nvt300_contained_carbon_like,7000,48.125,1382,105832.40251780614,0.013058382566411838
nvt300_contained_carbon_like,7000,49.875,1537,109680.85351845366,0.014013384749430325
nvt300_contained_carbon_like,7000,51.625,1567,113529.30451910115,0.013802603712210308
nvt300_contained_carbon_like,7000,53.375,1510,117377.75551974864,0.012864447725326838
nvt300_contained_carbon_like,7000,55.125,1538,121226.20652039614,0.012687025719486105
nvt300_contained_carbon_like,7000,56.875,1321,125074.65752104363,0.010561691922104554
nvt300_contained_carbon_like,7000,58.625,1053,128923.10852169115,0.008167659095986149
nvt300_contained_carbon_like,7000,60.375,822,132771.55952233865,0.006191084920273905
nvt300_contained_carbon_like,7000,62.125,615,136620.01052298612,0.004501536763507474
nvt300_contained_carbon_like,7000,63.875,456,140468.46152363362,0.00324628030416122
nvt300_contained_carbon_like,7000,65.625,397,144316.9125242811,0.00275089033610808
nvt300_contained_carbon_like,7000,67.375,227,148165.36352492863,0.001532071967425825
nvt300_contained_carbon_like,7000,69.125,35,152013.8145255761,0.00023024223232100593
nvt300_contained_carbon_like,7000,70.875,27,155862.2655262236,0.00017322987003199494
nvt300_contained_carbon_like,7000,72.625,19,159710.7165268711,0.00011896509146775555
nvt300_contained_carbon_like,7000,74.375,18,163559.16752751858,0.00011005191743209092
nvt300_contained_carbon_like,7000,76.125,12,167407.61852816612,7.168132553048066e-05
nvt300_contained_carbon_like,7000,77.875,2,171256.0695288136,1.1678418204404154e-05
nvt300_contained_carbon_like,7000,79.625,1,175104.5205294611,5.710874836219613e-06
nvt300_contained_carbon_like,7000,81.375,0,178952.9715301086,0.0
nvt300_contained_carbon_like,7000,83.125,0,182801.42253075607,0.0
nvt300_contained_carbon_like,7000,84.875,0,186649.8735314036,0.0
nvt300_contained_carbon_like,7000,86.625,0,190498.32453205108,0.0
nvt300_contained_carbon_like,7000,88.375,0,194346.77553269858,0.0
nvt300_contained_carbon_like,7000,90.125,0,198195.22653334605,0.0
nvt300_contained_carbon_like,7000,91.875,0,202043.67753399356,0.0
nvt300_contained_carbon_like,7000,93.625,0,205892.12853464106,0.0
nvt300_contained_carbon_like,7000,95.375,0,209740.57953528853,0.0
nvt300_contained_carbon_like,7000,97.125,0,213589.0305359361,0.0
nvt300_contained_carbon_like,7000,98.875,0,217437.48153658357,0.0
nvt300_contained_carbon_like,7000,100.625,0,221285.93253723107,0.0
nvt300_contained_carbon_like,7000,102.375,0,225134.38353787854,0.0
nvt300_contained_carbon_like,7000,104.125,0,228982.83453852605,0.0
nvt300_contained_carbon_like,7000,105.875,0,232831.28553917355,0.0
nvt300_contained_carbon_like,7000,107.625,0,236679.73653982102,0.0
nvt300_contained_carbon_like,7000,109.375,0,240528.18754046853,0.0
nvt300_contained_carbon_like,7000,111.125,0,244376.63854111603,0.0
nvt300_contained_carbon_like,7000,112.875,0,248225.0895417635,0.0
nvt300_contained_carbon_like,7000,114.625,0,252073.54054241104,0.0
nvt300_contained_carbon_like,7000,116.375,0,255921.99154305854,0.0
nvt300_contained_carbon_like,7000,118.125,0,259770.44254370604,0.0
nvt300_contained_carbon_like,7000,119.875,0,263618.89354435354,0.0
nvt300_contained_carbon_like,7000,121.625,0,267467.344545001,0.0
nvt300_contained_carbon_like,7000,123.375,0,271315.7955456485,0.0
nvt300_contained_carbon_like,7000,125.125,0,275164.246546296,0.0
nvt300_contained_carbon_like,7000,126.875,0,279012.6975469435,0.0
nvt300_contained_carbon_like,7000,128.625,0,282861.148547591,0.0
nvt300_contained_carbon_like,7000,130.375,0,286709.59954823845,0.0
nvt300_contained_carbon_like,7000,132.125,0,290558.050548886,0.0
nvt300_contained_carbon_like,7000,133.875,0,294406.5015495335,0.0
nvt300_contained_carbon_like,7000,135.625,0,298254.952550181,0.0
nvt300_contained_carbon_like,7000,137.375,0,302103.4035508285,0.0
nvt300_contained_carbon_like,7000,139.125,0,305951.85455147596,0.0
nvt300_contained_carbon_like,8000,0.875,30,1924.225500323748,0.015590688302879546
nvt300_contained_carbon_like,8000,2.625,72,5772.676500971245,0.012472550642303635
nvt300_contained_carbon_like,8000,4.375,118,9621.127501618741,0.012264674798265242
nvt300_contained_carbon_like,8000,6.125,160,13469.578502266239,0.011878619659336795
nvt300_contained_carbon_like,8000,7.875,221,17318.029502913734,0.01276126709235696
nvt300_contained_carbon_like,8000,9.625,252,21166.480503561233,0.011905616522198924
nvt300_contained_carbon_like,8000,11.375,313,25014.931504208726,0.012512526766157174
nvt300_contained_carbon_like,8000,13.125,366,28863.382504856225,0.012680426486342029
nvt300_contained_carbon_like,8000,14.875,402,32711.83350550372,0.012289130779916817
nvt300_contained_carbon_like,8000,16.625,436,36560.28450615122,0.011925508947465755
nvt300_contained_carbon_like,8000,18.375,501,40408.73550679871,0.012398309269432781
nvt300_contained_carbon_like,8000,20.125,545,44257.18650744621,0.012314384239230943
nvt300_contained_carbon_like,8000,21.875,624,48105.63750809371,0.01297145266799578
nvt300_contained_carbon_like,8000,23.625,641,51954.0885087412,0.012337816298945417
nvt300_contained_carbon_like,8000,25.375,692,55802.539509388705,0.012400869316773153
nvt300_contained_carbon_like,8000,27.125,745,59650.990510036194,0.012489314823274474
nvt300_contained_carbon_like,8000,28.875,802,63499.4415106837,0.01263003234233272
nvt300_contained_carbon_like,8000,30.625,848,67347.89251133119,0.012591336838897004
nvt300_contained_carbon_like,8000,32.375,909,71196.34351197869,0.01276750961019595
nvt300_contained_carbon_like,8000,34.125,929,75044.79451262619,0.012379273019978713
nvt300_contained_carbon_like,8000,35.875,976,78893.24551327368,0.012371147791553199
nvt300_contained_carbon_like,8000,37.625,1012,82741.69651392118,0.012230834544584571
nvt300_contained_carbon_like,8000,39.375,1041,86590.14751456867,0.012022152980220448
nvt300_contained_carbon_like,8000,41.125,1105,90438.59851521616,0.012218234450129005
nvt300_contained_carbon_like,8000,42.875,1193,94287.04951586366,0.012652851119275712
nvt300_contained_carbon_like,8000,44.625,1269,98135.50051651117,0.01293110029827068
nvt300_contained_carbon_like,8000,46.375,1298,101983.95151715867,0.01272749271518091
nvt300_contained_carbon_like,8000,48.125,1388,105832.40251780614,0.013115075978422309
nvt300_contained_carbon_like,8000,49.875,1554,109680.85351845366,0.014168379896301058
nvt300_contained_carbon_like,8000,51.625,1569,113529.30451910115,0.013820220309162714
nvt300_contained_carbon_like,8000,53.375,1510,117377.75551974864,0.012864447725326838
nvt300_contained_carbon_like,8000,55.125,1539,121226.20652039614,0.0126952747609162
nvt300_contained_carbon_like,8000,56.875,1286,125074.65752104363,0.010281859055129792
nvt300_contained_carbon_like,8000,58.625,1059,128923.10852169115,0.008214198464054445
nvt300_contained_carbon_like,8000,60.375,820,132771.55952233865,0.006176021453314601
nvt300_contained_carbon_like,8000,62.125,601,136620.01052298612,0.004399062755882914
nvt300_contained_carbon_like,8000,63.875,466,140468.46152363362,0.0033174706617086153
nvt300_contained_carbon_like,8000,65.625,396,144316.9125242811,0.0027439611413068
nvt300_contained_carbon_like,8000,67.375,197,148165.36352492863,0.001329595495959857
nvt300_contained_carbon_like,8000,69.125,32,152013.8145255761,0.0002105071838363483
nvt300_contained_carbon_like,8000,70.875,25,155862.2655262236,0.00016039802780740272
nvt300_contained_carbon_like,8000,72.625,18,159710.7165268711,0.00011270377086418947
nvt300_contained_carbon_like,8000,74.375,16,163559.16752751858,9.782392660630303e-05
nvt300_contained_carbon_like,8000,76.125,13,167407.61852816612,7.765476932468737e-05
nvt300_contained_carbon_like,8000,77.875,5,171256.0695288136,2.9196045511010382e-05
nvt300_contained_carbon_like,8000,79.625,0,175104.5205294611,0.0
nvt300_contained_carbon_like,8000,81.375,1,178952.9715301086,5.5880603236127395e-06
nvt300_contained_carbon_like,8000,83.125,0,182801.42253075607,0.0
nvt300_contained_carbon_like,8000,84.875,0,186649.8735314036,0.0
nvt300_contained_carbon_like,8000,86.625,0,190498.32453205108,0.0
nvt300_contained_carbon_like,8000,88.375,0,194346.77553269858,0.0
nvt300_contained_carbon_like,8000,90.125,0,198195.22653334605,0.0
nvt300_contained_carbon_like,8000,91.875,0,202043.67753399356,0.0
nvt300_contained_carbon_like,8000,93.625,0,205892.12853464106,0.0
nvt300_contained_carbon_like,8000,95.375,0,209740.57953528853,0.0
nvt300_contained_carbon_like,8000,97.125,0,213589.0305359361,0.0
nvt300_contained_carbon_like,8000,98.875,0,217437.48153658357,0.0
nvt300_contained_carbon_like,8000,100.625,0,221285.93253723107,0.0
nvt300_contained_carbon_like,8000,102.375,0,225134.38353787854,0.0
nvt300_contained_carbon_like,8000,104.125,0,228982.83453852605,0.0
nvt300_contained_carbon_like,8000,105.875,0,232831.28553917355,0.0
nvt300_contained_carbon_like,8000,107.625,0,236679.73653982102,0.0
nvt300_contained_carbon_like,8000,109.375,0,240528.18754046853,0.0
nvt300_contained_carbon_like,8000,111.125,0,244376.63854111603,0.0
nvt300_contained_carbon_like,8000,112.875,0,248225.0895417635,0.0
nvt300_contained_carbon_like,8000,114.625,0,252073.54054241104,0.0
nvt300_contained_carbon_like,8000,116.375,0,255921.99154305854,0.0
nvt300_contained_carbon_like,8000,118.125,0,259770.44254370604,0.0
nvt300_contained_carbon_like,8000,119.875,0,263618.89354435354,0.0
nvt300_contained_carbon_like,8000,121.625,0,267467.344545001,0.0
nvt300_contained_carbon_like,8000,123.375,0,271315.7955456485,0.0
nvt300_contained_carbon_like,8000,125.125,0,275164.246546296,0.0
nvt300_contained_carbon_like,8000,126.875,0,279012.6975469435,0.0
nvt300_contained_carbon_like,8000,128.625,0,282861.148547591,0.0
nvt300_contained_carbon_like,8000,130.375,0,286709.59954823845,0.0
nvt300_contained_carbon_like,8000,132.125,0,290558.050548886,0.0
nvt300_contained_carbon_like,8000,133.875,0,294406.5015495335,0.0
nvt300_contained_carbon_like,8000,135.625,0,298254.952550181,0.0
nvt300_contained_carbon_like,8000,137.375,0,302103.4035508285,0.0
nvt300_contained_carbon_like,8000,139.125,0,305951.85455147596,0.0
nvt300_contained_carbon_like,9000,0.875,28,1924.225500323748,0.014551309082687576
nvt300_contained_carbon_like,9000,2.625,69,5772.676500971245,0.011952861032207648
nvt300_contained_carbon_like,9000,4.375,124,9621.127501618741,0.012888302330380423
nvt300_contained_carbon_like,9000,6.125,160,13469.578502266239,0.011878619659336795
nvt300_contained_carbon_like,9000,7.875,224,17318.029502913734,0.012934496962388955
nvt300_contained_carbon_like,9000,9.625,249,21166.480503561233,0.011763882992172745
nvt300_contained_carbon_like,9000,11.375,314,25014.931504208726,0.012552502890010711
nvt300_contained_carbon_like,9000,13.125,364,28863.382504856225,0.012611134538329231
nvt300_contained_carbon_like,9000,14.875,410,32711.83350550372,0.012533690596432575
nvt300_contained_carbon_like,9000,16.625,458,36560.28450615122,0.012527254811787422
nvt300_contained_carbon_like,9000,18.375,463,40408.73550679871,0.011457918546401952
nvt300_contained_carbon_like,9000,20.125,550,44257.18650744621,0.012427360241425723
nvt300_contained_carbon_like,9000,21.875,642,48105.63750809371,0.013345629187264889
nvt300_contained_carbon_like,9000,23.625,641,51954.0885087412,0.012337816298945417
nvt300_contained_carbon_like,9000,25.375,675,55802.539509388705,0.01209622368326861
nvt300_contained_carbon_like,9000,27.125,782,59650.990510036194,0.013109589519195488
nvt300_contained_carbon_like,9000,28.875,788,63499.4415106837,0.012409557962292
nvt300_contained_carbon_like,9000,30.625,842,67347.89251133119,0.012502247191451979
nvt300_contained_carbon_like,9000,32.375,904,71196.34351197869,0.012697281284507304
nvt300_contained_carbon_like,9000,34.125,941,75044.79451262619,0.012539177515392862
nvt300_contained_carbon_like,9000,35.875,992,78893.24551327368,0.01257395349305407
nvt300_contained_carbon_like,9000,37.625,988,82741.69651392118,0.011940775227321697
nvt300_contained_carbon_like,9000,39.375,1064,86590.14751456867,0.012287772114269508
nvt300_contained_carbon_like,9000,41.125,1126,90438.59851521616,0.01245043619081019
nvt300_contained_carbon_like,9000,42.875,1179,94287.04951586366,0.012504368373534002
nvt300_contained_carbon_like,9000,44.625,1267,98135.50051651117,0.012910720313561034
nvt300_contained_carbon_like,9000,46.375,1328,101983.95151715867,0.01302165664542392
nvt300_contained_carbon_like,9000,48.125,1371,105832.40251780614,0.01295444464439264
nvt300_contained_carbon_like,9000,49.875,1543,109680.85351845366,0.014068088918914114
nvt300_contained_carbon_like,9000,51.625,1582,113529.30451910115,0.013934728189353355
nvt300_contained_carbon_like,9000,53.375,1520,117377.75551974864,0.01294964274337536
nvt300_contained_carbon_like,9000,55.125,1523,121226.20652039614,0.01256329009803468
nvt300_contained_carbon_like,9000,56.875,1267,125074.65752104363,0.01012994978448635
nvt300_contained_carbon_like,9000,58.625,1070,128923.10852169115,0.008299520638846324
nvt300_contained_carbon_like,9000,60.375,836,132771.55952233865,0.006296529188989032
nvt300_contained_carbon_like,9000,62.125,573,136620.01052298612,0.004194114740633793
nvt300_contained_carbon_like,9000,63.875,475,140468.46152363362,0.003381541983501271
nvt300_contained_carbon_like,9000,65.625,379,144316.9125242811,0.0026261648296850436
nvt300_contained_carbon_like,9000,67.375,177,148165.36352492863,0.0011946111816492117
nvt300_contained_carbon_like,9000,69.125,32,152013.8145255761,0.0002105071838363483
nvt300_contained_carbon_like,9000,70.875,22,155862.2655262236,0.00014115026447051438
nvt300_contained_carbon_like,9000,72.625,16,159710.7165268711,0.0001001811296570573
nvt300_contained_carbon_like,9000,74.375,17,163559.16752751858,0.00010393792201919697
nvt300_contained_carbon_like,9000,76.125,11,167407.61852816612,6.570788173627393e-05
nvt300_contained_carbon_like,9000,77.875,7,171256.0695288136,4.087446371541453e-05
nvt300_contained_carbon_like,9000,79.625,1,175104.5205294611,5.710874836219613e-06
nvt300_contained_carbon_like,9000,81.375,0,178952.9715301086,0.0
nvt300_contained_carbon_like,9000,83.125,1,182801.42253075607,5.4704169483787874e-06
nvt300_contained_carbon_like,9000,84.875,0,186649.8735314036,0.0
nvt300_contained_carbon_like,9000,86.625,0,190498.32453205108,0.0
nvt300_contained_carbon_like,9000,88.375,0,194346.77553269858,0.0
nvt300_contained_carbon_like,9000,90.125,0,198195.22653334605,0.0
nvt300_contained_carbon_like,9000,91.875,0,202043.67753399356,0.0
nvt300_contained_carbon_like,9000,93.625,0,205892.12853464106,0.0
nvt300_contained_carbon_like,9000,95.375,0,209740.57953528853,0.0
nvt300_contained_carbon_like,9000,97.125,0,213589.0305359361,0.0
nvt300_contained_carbon_like,9000,98.875,0,217437.48153658357,0.0
nvt300_contained_carbon_like,9000,100.625,0,221285.93253723107,0.0
nvt300_contained_carbon_like,9000,102.375,0,225134.38353787854,0.0
nvt300_contained_carbon_like,9000,104.125,0,228982.83453852605,0.0
nvt300_contained_carbon_like,9000,105.875,0,232831.28553917355,0.0
nvt300_contained_carbon_like,9000,107.625,0,236679.73653982102,0.0
nvt300_contained_carbon_like,9000,109.375,0,240528.18754046853,0.0
nvt300_contained_carbon_like,9000,111.125,0,244376.63854111603,0.0
nvt300_contained_carbon_like,9000,112.875,0,248225.0895417635,0.0
nvt300_contained_carbon_like,9000,114.625,0,252073.54054241104,0.0
nvt300_contained_carbon_like,9000,116.375,0,255921.99154305854,0.0
nvt300_contained_carbon_like,9000,118.125,0,259770.44254370604,0.0
nvt300_contained_carbon_like,9000,119.875,0,263618.89354435354,0.0
nvt300_contained_carbon_like,9000,121.625,0,267467.344545001,0.0
nvt300_contained_carbon_like,9000,123.375,0,271315.7955456485,0.0
nvt300_contained_carbon_like,9000,125.125,0,275164.246546296,0.0
nvt300_contained_carbon_like,9000,126.875,0,279012.6975469435,0.0
nvt300_contained_carbon_like,9000,128.625,0,282861.148547591,0.0
nvt300_contained_carbon_like,9000,130.375,0,286709.59954823845,0.0
nvt300_contained_carbon_like,9000,132.125,0,290558.050548886,0.0
nvt300_contained_carbon_like,9000,133.875,0,294406.5015495335,0.0
nvt300_contained_carbon_like,9000,135.625,0,298254.952550181,0.0
nvt300_contained_carbon_like,9000,137.375,0,302103.4035508285,0.0
nvt300_contained_carbon_like,9000,139.125,0,305951.85455147596,0.0
nvt300_contained_carbon_like,10000,0.875,28,1924.225500323748,0.014551309082687576
nvt300_contained_carbon_like,10000,2.625,71,5772.676500971245,0.01229932077227164
nvt300_contained_carbon_like,10000,4.375,123,9621.127501618741,0.012784364408361226
nvt300_contained_carbon_like,10000,6.125,162,13469.578502266239,0.012027102405078505
nvt300_contained_carbon_like,10000,7.875,214,17318.029502913734,0.012357064062282305
nvt300_contained_carbon_like,10000,9.625,264,21166.480503561233,0.012472550642303633
nvt300_contained_carbon_like,10000,11.375,304,25014.931504208726,0.012152741651475337
nvt300_contained_carbon_like,10000,13.125,382,28863.382504856225,0.013234762070444413
nvt300_contained_carbon_like,10000,14.875,406,32711.83350550372,0.012411410688174696
nvt300_contained_carbon_like,10000,16.625,444,36560.28450615122,0.012144325625400907
nvt300_contained_carbon_like,10000,18.375,471,40408.73550679871,0.011655895540724232
nvt300_contained_carbon_like,10000,20.125,563,44257.18650744621,0.01272109784713215
nvt300_contained_carbon_like,10000,21.875,635,48105.63750809371,0.013200116096438013
nvt300_contained_carbon_like,10000,23.625,645,51954.0885087412,0.01241480735229297
nvt300_contained_carbon_like,10000,25.375,682,55802.539509388705,0.01222166600294695
nvt300_contained_carbon_like,10000,27.125,767,59650.990510036194,0.012858126804632915
nvt300_contained_carbon_like,10000,28.875,794,63499.4415106837,0.012504046982309452
nvt300_contained_carbon_like,10000,30.625,848,67347.89251133119,0.012591336838897004
nvt300_contained_carbon_like,10000,32.375,909,71196.34351197869,0.01276750961019595
nvt300_contained_carbon_like,10000,34.125,962,75044.79451262619,0.012819010382367624
nvt300_contained_carbon_like,10000,35.875,981,78893.24551327368,0.012434524573272222
nvt300_contained_carbon_like,10000,37.625,993,82741.69651392118,0.012001204251751461
nvt300_contained_carbon_like,10000,39.375,1061,86590.14751456867,0.012253126140263108
nvt300_contained_carbon_like,10000,41.125,1121,90438.59851521616,0.012395150062076575
nvt300_contained_carbon_like,10000,42.875,1185,94287.04951586366,0.012568003835994735
nvt300_contained_carbon_like,10000,44.625,1288,98135.50051651117,0.013124710153012321
nvt300_contained_carbon_like,10000,46.375,1326,101983.95151715867,0.013002045716741052
nvt300_contained_carbon_like,10000,48.125,1369,105832.40251780614,0.01293554684038915
nvt300_contained_carbon_like,10000,49.875,1560,109680.85351845366,0.014223084065784847
nvt300_contained_carbon_like,10000,51.625,1569,113529.30451910115,0.013820220309162714
nvt300_contained_carbon_like,10000,53.375,1549,117377.75551974864,0.013196708295716075
nvt300_contained_carbon_like,10000,55.125,1524,121226.20652039614,0.012571539139464774
nvt300_contained_carbon_like,10000,56.875,1238,125074.65752104363,0.009898088266135835
nvt300_contained_carbon_like,10000,58.625,1038,128923.10852169115,0.008051310675815406
nvt300_contained_carbon_like,10000,60.375,822,132771.55952233865,0.006191084920273905
nvt300_contained_carbon_like,10000,62.125,601,136620.01052298612,0.004399062755882914
nvt300_contained_carbon_like,10000,63.875,458,140468.46152363362,0.003260518375670699
nvt300_contained_carbon_like,10000,65.625,370,144316.9125242811,0.0025638020764735254
nvt300_contained_carbon_like,10000,67.375,169,148165.36352492863,0.0011406174559249536
nvt300_contained_carbon_like,10000,69.125,26,152013.8145255761,0.00017103708686703299
nvt300_contained_carbon_like,10000,70.875,17,155862.2655262236,0.00010907065890903385
nvt300_contained_carbon_like,10000,72.625,17,159710.7165268711,0.00010644245026062339
nvt300_contained_carbon_like,10000,74.375,15,163559.16752751858,9.17099311934091e-05
nvt300_contained_carbon_like,10000,76.125,12,167407.61852816612,7.168132553048066e-05
nvt300_contained_carbon_like,10000,77.875,8,171256.0695288136,4.6713672817616614e-05
nvt300_contained_carbon_like,10000,79.625,3,175104.5205294611,1.7132624508658838e-05
nvt300_contained_carbon_like,10000,81.375,0,178952.9715301086,0.0
nvt300_contained_carbon_like,10000,83.125,0,182801.42253075607,0.0
nvt300_contained_carbon_like,10000,84.875,1,186649.8735314036,5.357624846350358e-06
nvt300_contained_carbon_like,10000,86.625,0,190498.32453205108,0.0
nvt300_contained_carbon_like,10000,88.375,0,194346.77553269858,0.0
nvt300_contained_carbon_like,10000,90.125,0,198195.22653334605,0.0
nvt300_contained_carbon_like,10000,91.875,0,202043.67753399356,0.0
nvt300_contained_carbon_like,10000,93.625,0,205892.12853464106,0.0
nvt300_contained_carbon_like,10000,95.375,0,209740.57953528853,0.0
nvt300_contained_carbon_like,10000,97.125,0,213589.0305359361,0.0
nvt300_contained_carbon_like,10000,98.875,0,217437.48153658357,0.0
nvt300_contained_carbon_like,10000,100.625,0,221285.93253723107,0.0
nvt300_contained_carbon_like,10000,102.375,0,225134.38353787854,0.0
nvt300_contained_carbon_like,10000,104.125,0,228982.83453852605,0.0
nvt300_contained_carbon_like,10000,105.875,0,232831.28553917355,0.0
nvt300_contained_carbon_like,10000,107.625,0,236679.73653982102,0.0
nvt300_contained_carbon_like,10000,109.375,0,240528.18754046853,0.0
nvt300_contained_carbon_like,10000,111.125,0,244376.63854111603,0.0
nvt300_contained_carbon_like,10000,112.875,0,248225.0895417635,0.0
nvt300_contained_carbon_like,10000,114.625,0,252073.54054241104,0.0
nvt300_contained_carbon_like,10000,116.375,0,255921.99154305854,0.0
nvt300_contained_carbon_like,10000,118.125,0,259770.44254370604,0.0
nvt300_contained_carbon_like,10000,119.875,0,263618.89354435354,0.0
nvt300_contained_carbon_like,10000,121.625,0,267467.344545001,0.0
nvt300_contained_carbon_like,10000,123.375,0,271315.7955456485,0.0
nvt300_contained_carbon_like,10000,125.125,0,275164.246546296,0.0
nvt300_contained_carbon_like,10000,126.875,0,279012.6975469435,0.0
nvt300_contained_carbon_like,10000,128.625,0,282861.148547591,0.0
nvt300_contained_carbon_like,10000,130.375,0,286709.59954823845,0.0
nvt300_contained_carbon_like,10000,132.125,0,290558.050548886,0.0
nvt300_contained_carbon_like,10000,133.875,0,294406.5015495335,0.0
nvt300_contained_carbon_like,10000,135.625,0,298254.952550181,0.0
nvt300_contained_carbon_like,10000,137.375,0,302103.4035508285,0.0
nvt300_contained_carbon_like,10000,139.125,0,305951.85455147596,0.0
