end,node_id,node_type,layer,element,heavy_degree,cycles_length3,cycles_length4,cycles_length5,cycles_length6,cycles_length7,cycles_length8,cycles_length9,cycles_length10
LOWER,LOWER:L1:0,COLLAR_BN,1,N,3,0,1,0,4,0,0,0,0
LOWER,LOWER:L1:1,COLLAR_BN,1,N,3,0,1,0,4,0,0,0,0
LOWER,LOWER:L1:10,COLLAR_BN,1,N,3,0,1,0,4,0,0,0,4
LOWER,LOWER:L1:11,COLLAR_BN,1,N,3,0,1,0,4,0,0,0,4
LOWER,LOWER:L1:12,COLLAR_BN,1,N,3,0,1,0,4,0,4,0,0
LOWER,LOWER:L1:13,COLLAR_BN,1,N,3,0,1,0,4,0,4,0,0
LOWER,LOWER:L1:14,COLLAR_BN,1,N,3,0,1,0,4,0,0,0,8
LOWER,LOWER:L1:15,COLLAR_BN,1,N,3,0,1,0,4,0,0,0,8
LOWER,LOWER:L1:16,COLLAR_BN,1,N,3,0,1,0,4,0,4,0,0
LOWER,LOWER:L1:17,COLLAR_BN,1,N,3,0,1,0,4,0,4,0,0
LOWER,LOWER:L1:18,COLLAR_BN,1,N,3,0,1,0,4,0,0,0,0
LOWER,LOWER:L1:19,COLLAR_BN,1,N,3,0,1,0,4,0,0,0,0
LOWER,LOWER:L1:2,COLLAR_BN,1,N,3,0,1,0,4,0,0,0,0
LOWER,LOWER:L1:20,COLLAR_BN,1,N,3,0,1,0,4,0,4,0,0
LOWER,LOWER:L1:21,COLLAR_BN,1,N,3,0,1,0,4,0,4,0,0
LOWER,LOWER:L1:22,COLLAR_BN,1,N,3,0,1,0,4,0,0,0,4
LOWER,LOWER:L1:23,COLLAR_BN,1,N,3,0,1,0,4,0,0,0,4
LOWER,LOWER:L1:24,COLLAR_BN,1,N,3,0,1,0,4,0,0,0,0
LOWER,LOWER:L1:25,COLLAR_BN,1,N,3,0,1,0,4,0,0,0,0
LOWER,LOWER:L1:26,COLLAR_BN,1,N,3,0,1,0,4,0,0,0,4
LOWER,LOWER:L1:27,COLLAR_BN,1,N,3,0,1,0,4,0,0,0,4
LOWER,LOWER:L1:28,COLLAR_BN,1,N,3,0,1,0,4,0,0,0,0
LOWER,LOWER:L1:29,COLLAR_BN,1,N,3,0,1,0,4,0,0,0,0
LOWER,LOWER:L1:3,COLLAR_BN,1,N,3,0,1,0,4,0,0,0,0
LOWER,LOWER:L1:4,COLLAR_BN,1,N,3,0,1,0,4,0,0,0,4
LOWER,LOWER:L1:5,COLLAR_BN,1,N,3,0,1,0,4,0,0,0,4
LOWER,LOWER:L1:6,COLLAR_BN,1,N,3,0,1,0,4,0,0,0,0
LOWER,LOWER:L1:7,COLLAR_BN,1,N,3,0,1,0,4,0,0,0,0
LOWER,LOWER:L1:8,COLLAR_BN,1,N,3,0,1,0,4,0,4,0,0
LOWER,LOWER:L1:9,COLLAR_BN,1,N,3,0,1,0,4,0,4,0,0
LOWER,LOWER:L2:0,COLLAR_BN,2,B,3,0,1,0,4,0,2,0,2
LOWER,LOWER:L2:1,COLLAR_BN,2,B,3,0,1,0,4,0,2,0,2
LOWER,LOWER:L2:10,COLLAR_BN,2,B,3,0,1,0,5,0,1,0,4
LOWER,LOWER:L2:11,COLLAR_BN,2,B,3,0,1,0,5,0,1,0,4
LOWER,LOWER:L2:12,COLLAR_BN,2,B,3,0,2,0,4,0,4,0,0
LOWER,LOWER:L2:13,COLLAR_BN,2,B,3,0,2,0,4,0,4,0,0
LOWER,LOWER:L2:14,COLLAR_BN,2,B,3,0,1,0,6,0,0,0,8
LOWER,LOWER:L2:15,COLLAR_BN,2,B,3,0,1,0,6,0,0,0,8
LOWER,LOWER:L2:16,COLLAR_BN,2,B,3,0,2,0,4,0,4,0,0
LOWER,LOWER:L2:17,COLLAR_BN,2,B,3,0,2,0,4,0,4,0,0
LOWER,LOWER:L2:18,COLLAR_BN,2,B,3,0,1,0,4,0,2,0,0
LOWER,LOWER:L2:19,COLLAR_BN,2,B,3,0,1,0,4,0,2,0,0
LOWER,LOWER:L2:2,COLLAR_BN,2,B,3,0,1,0,4,0,1,0,3
LOWER,LOWER:L2:20,COLLAR_BN,2,B,3,0,2,0,4,0,4,0,0
LOWER,LOWER:L2:21,COLLAR_BN,2,B,3,0,2,0,4,0,4,0,0
LOWER,LOWER:L2:22,COLLAR_BN,2,B,3,0,1,0,5,0,0,0,4
LOWER,LOWER:L2:23,COLLAR_BN,2,B,3,0,1,0,5,0,0,0,4
LOWER,LOWER:L2:24,COLLAR_BN,2,B,3,0,1,0,4,0,1,0,0
LOWER,LOWER:L2:25,COLLAR_BN,2,B,3,0,1,0,4,0,1,0,0
LOWER,LOWER:L2:26,COLLAR_BN,2,B,3,0,1,0,5,0,0,0,5
LOWER,LOWER:L2:27,COLLAR_BN,2,B,3,0,1,0,5,0,0,0,5
LOWER,LOWER:L2:28,COLLAR_BN,2,B,3,0,1,0,4,0,0,0,1
LOWER,LOWER:L2:29,COLLAR_BN,2,B,3,0,1,0,4,0,0,0,1
LOWER,LOWER:L2:3,COLLAR_BN,2,B,3,0,1,0,4,0,1,0,3
LOWER,LOWER:L2:4,COLLAR_BN,2,B,3,0,1,0,5,0,0,0,7
LOWER,LOWER:L2:5,COLLAR_BN,2,B,3,0,1,0,5,0,0,0,7
LOWER,LOWER:L2:6,COLLAR_BN,2,B,3,0,1,0,4,0,1,0,3
LOWER,LOWER:L2:7,COLLAR_BN,2,B,3,0,1,0,4,0,1,0,3
LOWER,LOWER:L2:8,COLLAR_BN,2,B,3,0,2,0,4,0,4,0,0
LOWER,LOWER:L2:9,COLLAR_BN,2,B,3,0,2,0,4,0,4,0,0
LOWER,LOWER:L3:0,COLLAR_BN,3,N,3,0,1,0,2,0,4,0,4
LOWER,LOWER:L3:1,COLLAR_BN,3,N,3,0,1,0,2,0,4,0,4
LOWER,LOWER:L3:10,COLLAR_BN,3,N,3,0,1,0,4,0,2,0,4
LOWER,LOWER:L3:11,COLLAR_BN,3,N,3,0,1,0,4,0,2,0,4
LOWER,LOWER:L3:12,COLLAR_BN,3,N,3,0,3,0,2,0,4,0,0
LOWER,LOWER:L3:13,COLLAR_BN,3,N,3,0,3,0,2,0,4,0,0
LOWER,LOWER:L3:14,COLLAR_BN,3,N,3,0,1,0,6,0,0,0,8
LOWER,LOWER:L3:15,COLLAR_BN,3,N,3,0,1,0,6,0,0,0,8
LOWER,LOWER:L3:16,COLLAR_BN,3,N,3,0,3,0,2,0,4,0,0
LOWER,LOWER:L3:17,COLLAR_BN,3,N,3,0,3,0,2,0,4,0,0
LOWER,LOWER:L3:18,COLLAR_BN,3,N,3,0,1,0,2,0,4,0,0
LOWER,LOWER:L3:19,COLLAR_BN,3,N,3,0,1,0,2,0,4,0,0
LOWER,LOWER:L3:2,COLLAR_BN,3,N,3,0,1,0,2,0,2,0,6
LOWER,LOWER:L3:20,COLLAR_BN,3,N,3,0,3,0,2,0,4,0,0
LOWER,LOWER:L3:21,COLLAR_BN,3,N,3,0,3,0,2,0,4,0,0
LOWER,LOWER:L3:22,COLLAR_BN,3,N,3,0,1,0,4,0,0,0,4
LOWER,LOWER:L3:23,COLLAR_BN,3,N,3,0,1,0,4,0,0,0,4
LOWER,LOWER:L3:24,COLLAR_BN,3,N,3,0,1,0,2,0,2,0,0
LOWER,LOWER:L3:25,COLLAR_BN,3,N,3,0,1,0,2,0,2,0,0
LOWER,LOWER:L3:26,COLLAR_BN,3,N,3,0,1,0,4,0,0,0,6
LOWER,LOWER:L3:27,COLLAR_BN,3,N,3,0,1,0,4,0,0,0,6
LOWER,LOWER:L3:28,COLLAR_BN,3,N,3,0,1,0,2,0,0,0,2
LOWER,LOWER:L3:29,COLLAR_BN,3,N,3,0,1,0,2,0,0,0,2
LOWER,LOWER:L3:3,COLLAR_BN,3,N,3,0,1,0,2,0,2,0,6
LOWER,LOWER:L3:4,COLLAR_BN,3,N,3,0,1,0,4,0,0,0,10
LOWER,LOWER:L3:5,COLLAR_BN,3,N,3,0,1,0,4,0,0,0,10
LOWER,LOWER:L3:6,COLLAR_BN,3,N,3,0,1,0,2,0,2,0,6
LOWER,LOWER:L3:7,COLLAR_BN,3,N,3,0,1,0,2,0,2,0,6
LOWER,LOWER:L3:8,COLLAR_BN,3,N,3,0,3,0,2,0,4,0,0
LOWER,LOWER:L3:9,COLLAR_BN,3,N,3,0,3,0,2,0,4,0,0
LOWER,LOWER:L4:0,COLLAR_BN,4,B,3,0,0,0,1,0,4,0,6
LOWER,LOWER:L4:1,COLLAR_BN,4,B,3,0,0,0,0,0,6,0,6
LOWER,LOWER:L4:10,COLLAR_BN,4,B,3,0,1,0,4,0,0,0,8
LOWER,LOWER:L4:11,COLLAR_BN,4,B,3,0,1,0,4,0,0,0,8
LOWER,LOWER:L4:12,COLLAR_BN,4,B,3,0,2,0,0,0,4,0,0
LOWER,LOWER:L4:13,COLLAR_BN,4,B,3,0,0,0,0,0,4,0,0
LOWER,LOWER:L4:14,COLLAR_BN,4,B,3,0,0,0,1,0,4,0,0
LOWER,LOWER:L4:15,COLLAR_BN,4,B,3,0,2,0,0,0,4,0,0
LOWER,LOWER:L4:16,COLLAR_BN,4,B,3,0,0,0,2,0,0,0,4
LOWER,LOWER:L4:17,COLLAR_BN,4,B,3,0,0,0,2,0,2,0,4
LOWER,LOWER:L4:18,COLLAR_BN,4,B,3,0,0,0,1,0,2,0,2
LOWER,LOWER:L4:19,COLLAR_BN,4,B,3,0,0,0,3,0,0,0,6
LOWER,LOWER:L4:2,COLLAR_BN,4,B,3,0,0,0,0,0,2,0,6
LOWER,LOWER:L4:20,COLLAR_BN,4,B,3,0,0,0,2,0,0,0,8
LOWER,LOWER:L4:21,COLLAR_BN,4,B,3,0,0,0,1,0,2,0,4
LOWER,LOWER:L4:3,COLLAR_BN,4,B,3,0,0,0,3,0,2,0,10
LOWER,LOWER:L4:4,COLLAR_BN,4,B,3,0,0,0,2,0,2,0,12
LOWER,LOWER:L4:5,COLLAR_BN,4,B,3,0,0,0,0,0,2,0,6
LOWER,LOWER:L4:6,COLLAR_BN,4,B,3,0,2,0,0,0,4,0,0
LOWER,LOWER:L4:7,COLLAR_BN,4,B,3,0,0,0,3,0,2,0,4
LOWER,LOWER:L4:8,COLLAR_BN,4,B,3,0,0,0,3,0,2,0,4
LOWER,LOWER:L4:9,COLLAR_BN,4,B,3,0,2,0,0,0,4,0,0
LOWER,LOWER:L5:0,COLLAR_BN,5,N,3,0,0,0,1,0,6,0,2
LOWER,LOWER:L5:1,COLLAR_BN,5,N,3,0,0,0,1,0,4,0,6
LOWER,LOWER:L5:10,COLLAR_BN,5,N,3,0,1,0,2,0,0,0,4
LOWER,LOWER:L5:11,COLLAR_BN,5,N,3,0,0,0,0,0,0,0,0
LOWER,LOWER:L5:12,COLLAR_BN,5,N,3,0,0,0,1,0,4,0,0
LOWER,LOWER:L5:13,COLLAR_BN,5,N,3,0,0,0,1,0,2,0,0
LOWER,LOWER:L5:14,COLLAR_BN,5,N,3,0,0,0,1,0,2,0,0
LOWER,LOWER:L5:15,COLLAR_BN,5,N,3,0,0,0,2,0,2,0,4
LOWER,LOWER:L5:16,COLLAR_BN,5,N,3,0,0,0,1,0,2,0,2
LOWER,LOWER:L5:17,COLLAR_BN,5,N,3,0,0,0,1,0,0,0,4
LOWER,LOWER:L5:18,COLLAR_BN,5,N,3,0,0,0,3,0,0,0,8
LOWER,LOWER:L5:19,COLLAR_BN,5,N,3,0,0,0,1,0,2,0,4
LOWER,LOWER:L5:2,COLLAR_BN,5,N,3,0,0,0,1,0,0,0,4
LOWER,LOWER:L5:3,COLLAR_BN,5,N,3,0,0,0,3,0,2,0,8
LOWER,LOWER:L5:4,COLLAR_BN,5,N,3,0,0,0,1,0,2,0,8
LOWER,LOWER:L5:5,COLLAR_BN,5,N,3,0,0,0,0,0,0,0,0
LOWER,LOWER:L5:6,COLLAR_BN,5,N,3,0,0,0,3,0,0,0,4
LOWER,LOWER:L5:7,COLLAR_BN,5,N,3,0,0,0,1,0,2,0,0
LOWER,LOWER:L5:8,COLLAR_BN,5,N,3,0,0,0,1,0,2,0,0
LOWER,LOWER:L5:9,COLLAR_BN,5,N,3,0,1,0,2,0,0,0,4
LOWER,LOWER:L6:0,INNER_BOUNDARY_BN,6,B,2,0,0,0,1,0,4,0,0
LOWER,LOWER:L6:1,INNER_BOUNDARY_BN,6,B,2,0,0,0,1,0,0,0,4
LOWER,LOWER:L6:10,INNER_BOUNDARY_BN,6,B,2,0,0,0,1,0,0,0,4
LOWER,LOWER:L6:11,INNER_BOUNDARY_BN,6,B,2,0,0,0,0,0,0,0,2
LOWER,LOWER:L6:2,INNER_BOUNDARY_BN,6,B,2,0,0,0,1,0,0,0,4
LOWER,LOWER:L6:3,INNER_BOUNDARY_BN,6,B,2,0,0,0,0,0,0,0,0
LOWER,LOWER:L6:4,INNER_BOUNDARY_BN,6,B,2,0,0,0,1,0,2,0,0
LOWER,LOWER:L6:5,INNER_BOUNDARY_BN,6,B,2,0,0,0,0,0,0,0,0
LOWER,LOWER:L6:6,INNER_BOUNDARY_BN,6,B,2,0,0,0,0,0,0,0,0
LOWER,LOWER:L6:7,INNER_BOUNDARY_BN,6,B,2,0,0,0,1,0,2,0,0
LOWER,LOWER:L6:8,INNER_BOUNDARY_BN,6,B,2,0,0,0,1,0,2,0,0
LOWER,LOWER:L6:9,INNER_BOUNDARY_BN,6,B,2,0,0,0,0,0,2,0,0
LOWER,LOWER:P:0,PARENT_TERMINAL,0,B,2,0,1,0,2,0,0,0,0
LOWER,LOWER:P:10,PARENT_TERMINAL,0,B,2,0,1,0,2,0,2,0,0
LOWER,LOWER:P:12,PARENT_TERMINAL,0,B,2,0,1,0,2,0,2,0,0
LOWER,LOWER:P:14,PARENT_TERMINAL,0,B,2,0,1,0,2,0,0,0,4
LOWER,LOWER:P:16,PARENT_TERMINAL,0,B,2,0,1,0,2,0,0,0,4
LOWER,LOWER:P:18,PARENT_TERMINAL,0,B,2,0,1,0,2,0,2,0,0
LOWER,LOWER:P:2,PARENT_TERMINAL,0,B,2,0,1,0,2,0,2,0,0
LOWER,LOWER:P:20,PARENT_TERMINAL,0,B,2,0,1,0,2,0,2,0,0
LOWER,LOWER:P:22,PARENT_TERMINAL,0,B,2,0,1,0,2,0,0,0,0
LOWER,LOWER:P:24,PARENT_TERMINAL,0,B,2,0,1,0,2,0,0,0,0
LOWER,LOWER:P:26,PARENT_TERMINAL,0,B,2,0,1,0,2,0,2,0,0
LOWER,LOWER:P:28,PARENT_TERMINAL,0,B,2,0,1,0,2,0,2,0,0
LOWER,LOWER:P:30,PARENT_TERMINAL,0,B,2,0,1,0,2,0,0,0,2
LOWER,LOWER:P:32,PARENT_TERMINAL,0,B,2,0,1,0,2,0,0,0,2
LOWER,LOWER:P:34,PARENT_TERMINAL,0,B,2,0,1,0,2,0,0,0,0
LOWER,LOWER:P:36,PARENT_TERMINAL,0,B,2,0,1,0,2,0,0,0,0
LOWER,LOWER:P:38,PARENT_TERMINAL,0,B,2,0,1,0,2,0,0,0,2
LOWER,LOWER:P:4,PARENT_TERMINAL,0,B,2,0,1,0,2,0,2,0,0
LOWER,LOWER:P:40,PARENT_TERMINAL,0,B,2,0,1,0,2,0,0,0,2
LOWER,LOWER:P:42,PARENT_TERMINAL,0,B,2,0,1,0,2,0,0,0,0
LOWER,LOWER:P:44,PARENT_TERMINAL,0,B,2,0,1,0,2,0,0,0,0
LOWER,LOWER:P:46,PARENT_TERMINAL,0,B,2,0,1,0,2,0,0,0,0
LOWER,LOWER:P:48,PARENT_TERMINAL,0,B,2,0,1,0,2,0,0,0,0
LOWER,LOWER:P:50,PARENT_TERMINAL,0,B,2,0,1,0,2,0,0,0,0
LOWER,LOWER:P:52,PARENT_TERMINAL,0,B,2,0,1,0,2,0,0,0,0
LOWER,LOWER:P:54,PARENT_TERMINAL,0,B,2,0,1,0,2,0,0,0,2
LOWER,LOWER:P:56,PARENT_TERMINAL,0,B,2,0,1,0,2,0,0,0,2
LOWER,LOWER:P:58,PARENT_TERMINAL,0,B,2,0,1,0,2,0,0,0,0
LOWER,LOWER:P:6,PARENT_TERMINAL,0,B,2,0,1,0,2,0,0,0,2
LOWER,LOWER:P:8,PARENT_TERMINAL,0,B,2,0,1,0,2,0,0,0,2
UPPER,UPPER:L1:0,COLLAR_BN,1,B,3,0,1,0,4,0,0,0,0
UPPER,UPPER:L1:1,COLLAR_BN,1,B,3,0,1,0,4,0,0,0,0
UPPER,UPPER:L1:10,COLLAR_BN,1,B,3,0,1,0,4,0,0,0,4
UPPER,UPPER:L1:11,COLLAR_BN,1,B,3,0,1,0,4,0,0,0,4
UPPER,UPPER:L1:12,COLLAR_BN,1,B,3,0,1,0,4,0,4,0,0
UPPER,UPPER:L1:13,COLLAR_BN,1,B,3,0,1,0,4,0,4,0,0
UPPER,UPPER:L1:14,COLLAR_BN,1,B,3,0,1,0,4,0,0,0,8
UPPER,UPPER:L1:15,COLLAR_BN,1,B,3,0,1,0,4,0,0,0,8
UPPER,UPPER:L1:16,COLLAR_BN,1,B,3,0,1,0,4,0,4,0,0
UPPER,UPPER:L1:17,COLLAR_BN,1,B,3,0,1,0,4,0,4,0,0
UPPER,UPPER:L1:18,COLLAR_BN,1,B,3,0,1,0,4,0,0,0,0
UPPER,UPPER:L1:19,COLLAR_BN,1,B,3,0,1,0,4,0,0,0,0
UPPER,UPPER:L1:2,COLLAR_BN,1,B,3,0,1,0,4,0,0,0,0
UPPER,UPPER:L1:20,COLLAR_BN,1,B,3,0,1,0,4,0,4,0,0
UPPER,UPPER:L1:21,COLLAR_BN,1,B,3,0,1,0,4,0,4,0,0
UPPER,UPPER:L1:22,COLLAR_BN,1,B,3,0,1,0,4,0,0,0,4
UPPER,UPPER:L1:23,COLLAR_BN,1,B,3,0,1,0,4,0,0,0,4
UPPER,UPPER:L1:24,COLLAR_BN,1,B,3,0,1,0,4,0,0,0,0
UPPER,UPPER:L1:25,COLLAR_BN,1,B,3,0,1,0,4,0,0,0,0
UPPER,UPPER:L1:26,COLLAR_BN,1,B,3,0,1,0,4,0,0,0,4
UPPER,UPPER:L1:27,COLLAR_BN,1,B,3,0,1,0,4,0,0,0,4
UPPER,UPPER:L1:28,COLLAR_BN,1,B,3,0,1,0,4,0,0,0,0
UPPER,UPPER:L1:29,COLLAR_BN,1,B,3,0,1,0,4,0,0,0,0
UPPER,UPPER:L1:3,COLLAR_BN,1,B,3,0,1,0,4,0,0,0,0
UPPER,UPPER:L1:4,COLLAR_BN,1,B,3,0,1,0,4,0,0,0,4
UPPER,UPPER:L1:5,COLLAR_BN,1,B,3,0,1,0,4,0,0,0,4
UPPER,UPPER:L1:6,COLLAR_BN,1,B,3,0,1,0,4,0,0,0,0
UPPER,UPPER:L1:7,COLLAR_BN,1,B,3,0,1,0,4,0,0,0,0
UPPER,UPPER:L1:8,COLLAR_BN,1,B,3,0,1,0,4,0,4,0,0
UPPER,UPPER:L1:9,COLLAR_BN,1,B,3,0,1,0,4,0,4,0,0
UPPER,UPPER:L2:0,COLLAR_BN,2,N,3,0,1,0,4,0,2,0,2
UPPER,UPPER:L2:1,COLLAR_BN,2,N,3,0,1,0,4,0,2,0,2
UPPER,UPPER:L2:10,COLLAR_BN,2,N,3,0,1,0,5,0,1,0,4
UPPER,UPPER:L2:11,COLLAR_BN,2,N,3,0,1,0,5,0,1,0,4
UPPER,UPPER:L2:12,COLLAR_BN,2,N,3,0,2,0,4,0,4,0,0
UPPER,UPPER:L2:13,COLLAR_BN,2,N,3,0,2,0,4,0,4,0,0
UPPER,UPPER:L2:14,COLLAR_BN,2,N,3,0,1,0,6,0,0,0,8
UPPER,UPPER:L2:15,COLLAR_BN,2,N,3,0,1,0,6,0,0,0,8
UPPER,UPPER:L2:16,COLLAR_BN,2,N,3,0,2,0,4,0,4,0,0
UPPER,UPPER:L2:17,COLLAR_BN,2,N,3,0,2,0,4,0,4,0,0
UPPER,UPPER:L2:18,COLLAR_BN,2,N,3,0,1,0,4,0,2,0,0
UPPER,UPPER:L2:19,COLLAR_BN,2,N,3,0,1,0,4,0,2,0,0
UPPER,UPPER:L2:2,COLLAR_BN,2,N,3,0,1,0,4,0,1,0,3
UPPER,UPPER:L2:20,COLLAR_BN,2,N,3,0,2,0,4,0,4,0,0
UPPER,UPPER:L2:21,COLLAR_BN,2,N,3,0,2,0,4,0,4,0,0
UPPER,UPPER:L2:22,COLLAR_BN,2,N,3,0,1,0,5,0,0,0,4
UPPER,UPPER:L2:23,COLLAR_BN,2,N,3,0,1,0,5,0,0,0,4
UPPER,UPPER:L2:24,COLLAR_BN,2,N,3,0,1,0,4,0,1,0,0
UPPER,UPPER:L2:25,COLLAR_BN,2,N,3,0,1,0,4,0,1,0,0
UPPER,UPPER:L2:26,COLLAR_BN,2,N,3,0,1,0,5,0,0,0,5
UPPER,UPPER:L2:27,COLLAR_BN,2,N,3,0,1,0,5,0,0,0,5
UPPER,UPPER:L2:28,COLLAR_BN,2,N,3,0,1,0,4,0,0,0,1
UPPER,UPPER:L2:29,COLLAR_BN,2,N,3,0,1,0,4,0,0,0,1
UPPER,UPPER:L2:3,COLLAR_BN,2,N,3,0,1,0,4,0,1,0,3
UPPER,UPPER:L2:4,COLLAR_BN,2,N,3,0,1,0,5,0,0,0,7
UPPER,UPPER:L2:5,COLLAR_BN,2,N,3,0,1,0,5,0,0,0,7
UPPER,UPPER:L2:6,COLLAR_BN,2,N,3,0,1,0,4,0,1,0,3
UPPER,UPPER:L2:7,COLLAR_BN,2,N,3,0,1,0,4,0,1,0,3
UPPER,UPPER:L2:8,COLLAR_BN,2,N,3,0,2,0,4,0,4,0,0
UPPER,UPPER:L2:9,COLLAR_BN,2,N,3,0,2,0,4,0,4,0,0
UPPER,UPPER:L3:0,COLLAR_BN,3,B,3,0,1,0,2,0,4,0,4
UPPER,UPPER:L3:1,COLLAR_BN,3,B,3,0,1,0,2,0,4,0,4
UPPER,UPPER:L3:10,COLLAR_BN,3,B,3,0,1,0,4,0,2,0,4
UPPER,UPPER:L3:11,COLLAR_BN,3,B,3,0,1,0,4,0,2,0,4
UPPER,UPPER:L3:12,COLLAR_BN,3,B,3,0,3,0,2,0,4,0,0
UPPER,UPPER:L3:13,COLLAR_BN,3,B,3,0,3,0,2,0,4,0,0
UPPER,UPPER:L3:14,COLLAR_BN,3,B,3,0,1,0,6,0,0,0,8
UPPER,UPPER:L3:15,COLLAR_BN,3,B,3,0,1,0,6,0,0,0,8
UPPER,UPPER:L3:16,COLLAR_BN,3,B,3,0,3,0,2,0,4,0,0
UPPER,UPPER:L3:17,COLLAR_BN,3,B,3,0,3,0,2,0,4,0,0
UPPER,UPPER:L3:18,COLLAR_BN,3,B,3,0,1,0,2,0,4,0,0
UPPER,UPPER:L3:19,COLLAR_BN,3,B,3,0,1,0,2,0,4,0,0
UPPER,UPPER:L3:2,COLLAR_BN,3,B,3,0,1,0,2,0,2,0,6
UPPER,UPPER:L3:20,COLLAR_BN,3,B,3,0,3,0,2,0,4,0,0
UPPER,UPPER:L3:21,COLLAR_BN,3,B,3,0,3,0,2,0,4,0,0
UPPER,UPPER:L3:22,COLLAR_BN,3,B,3,0,1,0,4,0,0,0,4
UPPER,UPPER:L3:23,COLLAR_BN,3,B,3,0,1,0,4,0,0,0,4
UPPER,UPPER:L3:24,COLLAR_BN,3,B,3,0,1,0,2,0,2,0,0
UPPER,UPPER:L3:25,COLLAR_BN,3,B,3,0,1,0,2,0,2,0,0
UPPER,UPPER:L3:26,COLLAR_BN,3,B,3,0,1,0,4,0,0,0,6
UPPER,UPPER:L3:27,COLLAR_BN,3,B,3,0,1,0,4,0,0,0,6
UPPER,UPPER:L3:28,COLLAR_BN,3,B,3,0,1,0,2,0,0,0,2
UPPER,UPPER:L3:29,COLLAR_BN,3,B,3,0,1,0,2,0,0,0,2
UPPER,UPPER:L3:3,COLLAR_BN,3,B,3,0,1,0,2,0,2,0,6
UPPER,UPPER:L3:4,COLLAR_BN,3,B,3,0,1,0,4,0,0,0,10
UPPER,UPPER:L3:5,COLLAR_BN,3,B,3,0,1,0,4,0,0,0,10
UPPER,UPPER:L3:6,COLLAR_BN,3,B,3,0,1,0,2,0,2,0,6
UPPER,UPPER:L3:7,COLLAR_BN,3,B,3,0,1,0,2,0,2,0,6
UPPER,UPPER:L3:8,COLLAR_BN,3,B,3,0,3,0,2,0,4,0,0
UPPER,UPPER:L3:9,COLLAR_BN,3,B,3,0,3,0,2,0,4,0,0
UPPER,UPPER:L4:0,COLLAR_BN,4,N,3,0,0,0,1,0,4,0,6
UPPER,UPPER:L4:1,COLLAR_BN,4,N,3,0,0,0,0,0,6,0,6
UPPER,UPPER:L4:10,COLLAR_BN,4,N,3,0,1,0,4,0,0,0,8
UPPER,UPPER:L4:11,COLLAR_BN,4,N,3,0,1,0,4,0,0,0,8
UPPER,UPPER:L4:12,COLLAR_BN,4,N,3,0,2,0,0,0,4,0,0
UPPER,UPPER:L4:13,COLLAR_BN,4,N,3,0,0,0,0,0,4,0,0
UPPER,UPPER:L4:14,COLLAR_BN,4,N,3,0,0,0,1,0,4,0,0
UPPER,UPPER:L4:15,COLLAR_BN,4,N,3,0,2,0,0,0,4,0,0
UPPER,UPPER:L4:16,COLLAR_BN,4,N,3,0,0,0,2,0,0,0,4
UPPER,UPPER:L4:17,COLLAR_BN,4,N,3,0,0,0,2,0,2,0,4
UPPER,UPPER:L4:18,COLLAR_BN,4,N,3,0,0,0,1,0,2,0,2
UPPER,UPPER:L4:19,COLLAR_BN,4,N,3,0,0,0,3,0,0,0,6
UPPER,UPPER:L4:2,COLLAR_BN,4,N,3,0,0,0,0,0,2,0,6
UPPER,UPPER:L4:20,COLLAR_BN,4,N,3,0,0,0,2,0,0,0,8
UPPER,UPPER:L4:21,COLLAR_BN,4,N,3,0,0,0,1,0,2,0,4
UPPER,UPPER:L4:3,COLLAR_BN,4,N,3,0,0,0,3,0,2,0,10
UPPER,UPPER:L4:4,COLLAR_BN,4,N,3,0,0,0,2,0,2,0,12
UPPER,UPPER:L4:5,COLLAR_BN,4,N,3,0,0,0,0,0,2,0,6
UPPER,UPPER:L4:6,COLLAR_BN,4,N,3,0,2,0,0,0,4,0,0
UPPER,UPPER:L4:7,COLLAR_BN,4,N,3,0,0,0,3,0,2,0,4
UPPER,UPPER:L4:8,COLLAR_BN,4,N,3,0,0,0,3,0,2,0,4
UPPER,UPPER:L4:9,COLLAR_BN,4,N,3,0,2,0,0,0,4,0,0
UPPER,UPPER:L5:0,COLLAR_BN,5,B,3,0,0,0,1,0,6,0,2
UPPER,UPPER:L5:1,COLLAR_BN,5,B,3,0,0,0,1,0,4,0,6
UPPER,UPPER:L5:10,COLLAR_BN,5,B,3,0,1,0,2,0,0,0,4
UPPER,UPPER:L5:11,COLLAR_BN,5,B,3,0,0,0,0,0,0,0,0
UPPER,UPPER:L5:12,COLLAR_BN,5,B,3,0,0,0,1,0,4,0,0
UPPER,UPPER:L5:13,COLLAR_BN,5,B,3,0,0,0,1,0,2,0,0
UPPER,UPPER:L5:14,COLLAR_BN,5,B,3,0,0,0,1,0,2,0,0
UPPER,UPPER:L5:15,COLLAR_BN,5,B,3,0,0,0,2,0,2,0,4
UPPER,UPPER:L5:16,COLLAR_BN,5,B,3,0,0,0,1,0,2,0,2
UPPER,UPPER:L5:17,COLLAR_BN,5,B,3,0,0,0,1,0,0,0,4
UPPER,UPPER:L5:18,COLLAR_BN,5,B,3,0,0,0,3,0,0,0,8
UPPER,UPPER:L5:19,COLLAR_BN,5,B,3,0,0,0,1,0,2,0,4
UPPER,UPPER:L5:2,COLLAR_BN,5,B,3,0,0,0,1,0,0,0,4
UPPER,UPPER:L5:3,COLLAR_BN,5,B,3,0,0,0,3,0,2,0,8
UPPER,UPPER:L5:4,COLLAR_BN,5,B,3,0,0,0,1,0,2,0,8
UPPER,UPPER:L5:5,COLLAR_BN,5,B,3,0,0,0,0,0,0,0,0
UPPER,UPPER:L5:6,COLLAR_BN,5,B,3,0,0,0,3,0,0,0,4
UPPER,UPPER:L5:7,COLLAR_BN,5,B,3,0,0,0,1,0,2,0,0
UPPER,UPPER:L5:8,COLLAR_BN,5,B,3,0,0,0,1,0,2,0,0
UPPER,UPPER:L5:9,COLLAR_BN,5,B,3,0,1,0,2,0,0,0,4
UPPER,UPPER:L6:0,INNER_BOUNDARY_BN,6,N,2,0,0,0,1,0,4,0,0
UPPER,UPPER:L6:1,INNER_BOUNDARY_BN,6,N,2,0,0,0,1,0,0,0,4
UPPER,UPPER:L6:10,INNER_BOUNDARY_BN,6,N,2,0,0,0,1,0,0,0,4
UPPER,UPPER:L6:11,INNER_BOUNDARY_BN,6,N,2,0,0,0,0,0,0,0,2
UPPER,UPPER:L6:2,INNER_BOUNDARY_BN,6,N,2,0,0,0,1,0,0,0,4
UPPER,UPPER:L6:3,INNER_BOUNDARY_BN,6,N,2,0,0,0,0,0,0,0,0
UPPER,UPPER:L6:4,INNER_BOUNDARY_BN,6,N,2,0,0,0,1,0,2,0,0
UPPER,UPPER:L6:5,INNER_BOUNDARY_BN,6,N,2,0,0,0,0,0,0,0,0
UPPER,UPPER:L6:6,INNER_BOUNDARY_BN,6,N,2,0,0,0,0,0,0,0,0
UPPER,UPPER:L6:7,INNER_BOUNDARY_BN,6,N,2,0,0,0,1,0,2,0,0
UPPER,UPPER:L6:8,INNER_BOUNDARY_BN,6,N,2,0,0,0,1,0,2,0,0
UPPER,UPPER:L6:9,INNER_BOUNDARY_BN,6,N,2,0,0,0,0,0,2,0,0
UPPER,UPPER:P:1621,PARENT_TERMINAL,0,N,2,0,1,0,2,0,2,0,0
UPPER,UPPER:P:1623,PARENT_TERMINAL,0,N,2,0,1,0,2,0,2,0,0
UPPER,UPPER:P:1625,PARENT_TERMINAL,0,N,2,0,1,0,2,0,0,0,2
UPPER,UPPER:P:1627,PARENT_TERMINAL,0,N,2,0,1,0,2,0,0,0,2
UPPER,UPPER:P:1629,PARENT_TERMINAL,0,N,2,0,1,0,2,0,0,0,0
UPPER,UPPER:P:1631,PARENT_TERMINAL,0,N,2,0,1,0,2,0,0,0,0
UPPER,UPPER:P:1633,PARENT_TERMINAL,0,N,2,0,1,0,2,0,0,0,2
UPPER,UPPER:P:1635,PARENT_TERMINAL,0,N,2,0,1,0,2,0,0,0,2
UPPER,UPPER:P:1637,PARENT_TERMINAL,0,N,2,0,1,0,2,0,0,0,0
UPPER,UPPER:P:1639,PARENT_TERMINAL,0,N,2,0,1,0,2,0,0,0,0
UPPER,UPPER:P:1641,PARENT_TERMINAL,0,N,2,0,1,0,2,0,0,0,0
UPPER,UPPER:P:1643,PARENT_TERMINAL,0,N,2,0,1,0,2,0,0,0,0
UPPER,UPPER:P:1645,PARENT_TERMINAL,0,N,2,0,1,0,2,0,0,0,0
UPPER,UPPER:P:1647,PARENT_TERMINAL,0,N,2,0,1,0,2,0,0,0,0
UPPER,UPPER:P:1649,PARENT_TERMINAL,0,N,2,0,1,0,2,0,0,0,2
UPPER,UPPER:P:1651,PARENT_TERMINAL,0,N,2,0,1,0,2,0,0,0,2
UPPER,UPPER:P:1653,PARENT_TERMINAL,0,N,2,0,1,0,2,0,0,0,0
UPPER,UPPER:P:1655,PARENT_TERMINAL,0,N,2,0,1,0,2,0,0,0,0
UPPER,UPPER:P:1657,PARENT_TERMINAL,0,N,2,0,1,0,2,0,2,0,0
UPPER,UPPER:P:1659,PARENT_TERMINAL,0,N,2,0,1,0,2,0,2,0,0
UPPER,UPPER:P:1661,PARENT_TERMINAL,0,N,2,0,1,0,2,0,0,0,2
UPPER,UPPER:P:1663,PARENT_TERMINAL,0,N,2,0,1,0,2,0,0,0,2
UPPER,UPPER:P:1665,PARENT_TERMINAL,0,N,2,0,1,0,2,0,2,0,0
UPPER,UPPER:P:1667,PARENT_TERMINAL,0,N,2,0,1,0,2,0,2,0,0
UPPER,UPPER:P:1669,PARENT_TERMINAL,0,N,2,0,1,0,2,0,0,0,4
UPPER,UPPER:P:1671,PARENT_TERMINAL,0,N,2,0,1,0,2,0,0,0,4
UPPER,UPPER:P:1673,PARENT_TERMINAL,0,N,2,0,1,0,2,0,2,0,0
UPPER,UPPER:P:1675,PARENT_TERMINAL,0,N,2,0,1,0,2,0,2,0,0
UPPER,UPPER:P:1677,PARENT_TERMINAL,0,N,2,0,1,0,2,0,0,0,0
UPPER,UPPER:P:1679,PARENT_TERMINAL,0,N,2,0,1,0,2,0,0,0,0
