angle_term_id,atom_type_1,center_type,atom_type_3,count,minimum_deg,mean_deg,maximum_deg,example_node_1,example_center,example_node_3,coverage_status
ANGLE_0001,B|ALTERNATING_BN_FOUR_ATOM_BRIDGE,N|ALTERNATING_BN_FOUR_ATOM_BRIDGE,B|ALTERNATING_BN_FOUR_ATOM_BRIDGE,30,106.98138966014777,121.38598516067569,133.85044837538314,BR4:LOWER:00:1,BR4:LOWER:00:2,BR4:LOWER:00:3,UNASSESSED
ANGLE_0002,B|ALTERNATING_BN_FOUR_ATOM_BRIDGE,N|ALTERNATING_BN_FOUR_ATOM_BRIDGE,B|ANNULUS_OUTER_BOUNDARY,15,108.04781685333539,119.10303533335926,134.95659007928538,A:LOWER:13:-5,BR4:LOWER:00:4,BR4:LOWER:00:3,UNASSESSED
ANGLE_0003,B|ALTERNATING_BN_FOUR_ATOM_BRIDGE,N|ALTERNATING_BN_FOUR_ATOM_BRIDGE,B|HEXAGONAL_EDGE_COMPLETION_SEED,15,105.93850594233254,120.08511355050959,132.4032729132168,BR4:UPPER:00:2,BR4:UPPER:00:1,S:1710,UNASSESSED
ANGLE_0004,B|ALTERNATING_BN_FOUR_ATOM_BRIDGE,N|ALTERNATING_BN_FOUR_ATOM_BRIDGE,H|BRIDGE_PASSIVANT_H,90,71.05350621749757,118.38818955408259,160.86135273333693,BR4:LOWER:00:1,BR4:LOWER:00:2,H4:LOWER:0055:0,UNASSESSED
ANGLE_0005,B|ALTERNATING_BN_FOUR_ATOM_BRIDGE,N|ANNULUS_OUTER_BOUNDARY,B|ANNULUS_INTERIOR,24,91.63449401137622,124.74080565707682,167.8611550858931,A:UPPER:-13:-1,A:UPPER:-14:-2,BR4:UPPER:07:4,UNASSESSED
ANGLE_0006,B|ALTERNATING_BN_FOUR_ATOM_BRIDGE,N|ANNULUS_OUTER_BOUNDARY,B|ANNULUS_OUTER_BOUNDARY,6,70.93895210895009,73.2859432993978,75.18801818871795,A:UPPER:-13:-5,A:UPPER:-14:-4,BR4:UPPER:06:4,UNASSESSED
ANGLE_0007,B|ALTERNATING_BN_FOUR_ATOM_BRIDGE,N|HEXAGONAL_EDGE_COMPLETION_SEED,B|PARENT_HBN,30,75.00564746894828,107.96345289024572,149.21561929724763,BR4:LOWER:00:1,S:1680,P:46,UNASSESSED
ANGLE_0008,B|ANNULUS_INNER_BOUNDARY,N|ANNULUS_INTERIOR,B|ANNULUS_INNER_BOUNDARY,6,119.99999999999994,120.00000000000013,120.00000000000037,A:LOWER:-2:-4,A:LOWER:-4:-4,A:LOWER:-5:-3,UNASSESSED
ANGLE_0009,B|ANNULUS_INNER_BOUNDARY,N|ANNULUS_INTERIOR,B|ANNULUS_INTERIOR,36,119.99999999999969,119.99999999999997,120.00000000000037,A:LOWER:-2:-4,A:LOWER:-1:-5,A:LOWER:-2:-6,UNASSESSED
ANGLE_0010,B|ANNULUS_INTERIOR,N|ANNULUS_INNER_BOUNDARY,B|ANNULUS_INTERIOR,12,119.99999999999956,119.99999999999996,120.0000000000002,A:LOWER:-8:-2,A:LOWER:-7:-1,A:LOWER:-8:0,UNASSESSED
ANGLE_0011,B|ANNULUS_INTERIOR,N|ANNULUS_INNER_BOUNDARY,H|ANNULUS_INNER_PASSIVANT_H,24,74.77203927741905,86.99402865529142,100.3708323562904,A:LOWER:-8:-2,A:LOWER:-7:-1,H4:LOWER:0012:0,UNASSESSED
ANGLE_0012,B|ANNULUS_INTERIOR,N|ANNULUS_INTERIOR,B|ANNULUS_INTERIOR,138,119.99999999999918,120.0,120.00000000000043,A:LOWER:-11:-1,A:LOWER:-10:-2,A:LOWER:-11:-3,UNASSESSED
ANGLE_0013,B|ANNULUS_INTERIOR,N|ANNULUS_INTERIOR,B|ANNULUS_OUTER_BOUNDARY,48,119.99999999999949,120.00000000000001,120.00000000000037,A:LOWER:-11:-1,A:LOWER:-13:-1,A:LOWER:-14:-2,UNASSESSED
ANGLE_0014,B|ANNULUS_INTERIOR,N|ANNULUS_OUTER_BOUNDARY,B|ANNULUS_INTERIOR,18,119.99999999999969,120.0,120.00000000000043,A:LOWER:-11:-5,A:LOWER:-10:-6,A:LOWER:-8:-6,UNASSESSED
ANGLE_0015,B|ANNULUS_INTERIOR,N|ANNULUS_OUTER_BOUNDARY,B|ANNULUS_OUTER_BOUNDARY,12,119.99999999999962,120.00000000000007,120.00000000000037,A:LOWER:-11:-5,A:LOWER:-13:-5,A:LOWER:-14:-4,UNASSESSED
ANGLE_0016,B|ANNULUS_INTERIOR,N|ANNULUS_OUTER_BOUNDARY,H|ANNULUS_OUTER_PASSIVANT_H,24,70.44320387628836,88.34156067731844,130.81245659276738,A:LOWER:-11:-5,A:LOWER:-10:-6,H4:LOWER:0000:0,UNASSESSED
ANGLE_0017,B|ANNULUS_OUTER_BOUNDARY,N|ALTERNATING_BN_FOUR_ATOM_BRIDGE,H|BRIDGE_PASSIVANT_H,15,71.5240187678153,98.4167692789268,138.77593018917923,A:LOWER:13:-5,BR4:LOWER:00:4,H4:LOWER:0057:0,UNASSESSED
ANGLE_0018,B|ANNULUS_OUTER_BOUNDARY,N|ANNULUS_INTERIOR,B|ANNULUS_OUTER_BOUNDARY,24,119.99999999999937,120.0,120.0000000000004,A:LOWER:-14:-2,A:LOWER:-13:-1,A:LOWER:-14:0,UNASSESSED
ANGLE_0019,B|ANNULUS_OUTER_BOUNDARY,N|ANNULUS_OUTER_BOUNDARY,H|ANNULUS_OUTER_PASSIVANT_H,6,70.44320387628854,92.5259966088996,125.58971899044008,A:LOWER:-14:-4,A:LOWER:-13:-5,H4:LOWER:0002:0,UNASSESSED
ANGLE_0020,B|HEXAGONAL_EDGE_COMPLETION_SEED,N|ALTERNATING_BN_FOUR_ATOM_BRIDGE,H|BRIDGE_PASSIVANT_H,15,74.72724943939103,92.61946461679742,128.3047412160772,H4:UPPER:0114:0,BR4:UPPER:00:1,S:1710,UNASSESSED
ANGLE_0021,B|HEXAGONAL_EDGE_COMPLETION_SEED,N|PARENT_HBN,B|HEXAGONAL_EDGE_COMPLETION_SEED,30,118.27245413039687,118.60206901723504,118.82327927027002,S:1729,P:1621,S:1730,UNASSESSED
ANGLE_0022,B|HEXAGONAL_EDGE_COMPLETION_SEED,N|PARENT_HBN,B|PARENT_HBN,60,119.72498445884732,120.16311997546251,120.44386024006164,P:1620,P:1621,S:1729,UNASSESSED
ANGLE_0023,B|PARENT_HBN,N|HEXAGONAL_EDGE_COMPLETION_SEED,B|PARENT_HBN,30,119.11227951987617,119.67376004907489,120.55003108230589,P:46,S:1680,P:48,UNASSESSED
ANGLE_0024,B|PARENT_HBN,N|HEXAGONAL_EDGE_COMPLETION_SEED,H|SEED_PASSIVANT_H,30,70.026550401034,76.54551746704746,96.00746597227872,H4:LOWER:0174:0,S:1681,P:48,UNASSESSED
ANGLE_0025,B|PARENT_HBN,N|PARENT_HBN,B|PARENT_HBN,2430,119.21410926648942,119.90929366292187,120.39491472623682,P:0,P:1,P:118,UNASSESSED
ANGLE_0026,H|ANNULUS_INNER_PASSIVANT_H,B|ANNULUS_INNER_BOUNDARY,N|ANNULUS_INTERIOR,24,74.77203927741904,86.99402865529146,100.37083235629046,A:LOWER:-1:-5,A:LOWER:-2:-4,H4:LOWER:0006:0,UNASSESSED
ANGLE_0027,H|ANNULUS_OUTER_PASSIVANT_H,B|ANNULUS_OUTER_BOUNDARY,N|ANNULUS_INTERIOR,24,70.24606545786719,83.08488524027972,138.6656264236889,A:UPPER:-11:-5,A:UPPER:-10:-6,H4:UPPER:0027:0,UNASSESSED
ANGLE_0028,H|ANNULUS_OUTER_PASSIVANT_H,B|ANNULUS_OUTER_BOUNDARY,N|ANNULUS_OUTER_BOUNDARY,6,70.24606545786719,88.94817659468606,108.10674531184951,A:UPPER:-14:-4,A:UPPER:-13:-5,H4:UPPER:0029:0,UNASSESSED
ANGLE_0029,H|BRIDGE_PASSIVANT_H,B|ALTERNATING_BN_FOUR_ATOM_BRIDGE,N|ALTERNATING_BN_FOUR_ATOM_BRIDGE,90,79.49989140456293,116.02585256667025,170.2737381017606,BR4:LOWER:00:2,BR4:LOWER:00:1,H4:LOWER:0054:0,UNASSESSED
ANGLE_0030,H|BRIDGE_PASSIVANT_H,B|ALTERNATING_BN_FOUR_ATOM_BRIDGE,N|ANNULUS_OUTER_BOUNDARY,15,70.8784863781992,93.03544530218647,127.2906814725892,A:UPPER:13:5,BR4:UPPER:00:4,H4:UPPER:0117:0,UNASSESSED
ANGLE_0031,H|BRIDGE_PASSIVANT_H,B|ALTERNATING_BN_FOUR_ATOM_BRIDGE,N|HEXAGONAL_EDGE_COMPLETION_SEED,15,72.78334217377918,92.27790861604893,114.95272500486982,H4:LOWER:0054:0,BR4:LOWER:00:1,S:1680,UNASSESSED
ANGLE_0032,H|SEED_PASSIVANT_H,B|HEXAGONAL_EDGE_COMPLETION_SEED,N|PARENT_HBN,30,70.4042587970917,77.64707299175522,95.05822175196678,H4:UPPER:0189:0,S:1711,P:1643,UNASSESSED
ANGLE_0033,N|ALTERNATING_BN_FOUR_ATOM_BRIDGE,B|ALTERNATING_BN_FOUR_ATOM_BRIDGE,N|ALTERNATING_BN_FOUR_ATOM_BRIDGE,30,106.9813896601473,122.57219183563114,134.52108473012146,BR4:LOWER:00:2,BR4:LOWER:00:3,BR4:LOWER:00:4,UNASSESSED
ANGLE_0034,N|ALTERNATING_BN_FOUR_ATOM_BRIDGE,B|ALTERNATING_BN_FOUR_ATOM_BRIDGE,N|ANNULUS_OUTER_BOUNDARY,15,106.36572278254623,115.14653778494932,128.6617454673819,A:UPPER:13:5,BR4:UPPER:00:4,BR4:UPPER:00:3,UNASSESSED
ANGLE_0035,N|ALTERNATING_BN_FOUR_ATOM_BRIDGE,B|ALTERNATING_BN_FOUR_ATOM_BRIDGE,N|HEXAGONAL_EDGE_COMPLETION_SEED,15,105.93850594233268,122.15078492352852,129.9753808748061,BR4:LOWER:00:2,BR4:LOWER:00:1,S:1680,UNASSESSED
ANGLE_0036,N|ALTERNATING_BN_FOUR_ATOM_BRIDGE,B|ANNULUS_OUTER_BOUNDARY,N|ANNULUS_INTERIOR,24,97.3735691412698,123.18569911874663,168.1814725624514,A:LOWER:-13:-1,A:LOWER:-14:-2,BR4:LOWER:06:4,UNASSESSED
ANGLE_0037,N|ALTERNATING_BN_FOUR_ATOM_BRIDGE,B|ANNULUS_OUTER_BOUNDARY,N|ANNULUS_OUTER_BOUNDARY,6,70.89983978777892,73.21147301941377,76.98382374270636,A:LOWER:-13:-5,A:LOWER:-14:-4,BR4:LOWER:05:4,UNASSESSED
ANGLE_0038,N|ALTERNATING_BN_FOUR_ATOM_BRIDGE,B|HEXAGONAL_EDGE_COMPLETION_SEED,N|PARENT_HBN,30,74.8433398478849,108.97265733292622,144.08927875113707,BR4:UPPER:00:1,S:1710,P:1641,UNASSESSED
ANGLE_0039,N|ANNULUS_INNER_BOUNDARY,B|ANNULUS_INTERIOR,N|ANNULUS_INNER_BOUNDARY,6,119.99999999999956,119.99999999999993,120.00000000000011,A:LOWER:-7:-1,A:LOWER:-8:0,A:LOWER:-7:1,UNASSESSED
ANGLE_0040,N|ANNULUS_INNER_BOUNDARY,B|ANNULUS_INTERIOR,N|ANNULUS_INTERIOR,36,119.99999999999963,120.00000000000003,120.00000000000037,A:LOWER:-10:-2,A:LOWER:-8:-2,A:LOWER:-7:-1,UNASSESSED
ANGLE_0041,N|ANNULUS_INTERIOR,B|ANNULUS_INNER_BOUNDARY,N|ANNULUS_INTERIOR,12,119.99999999999984,120.00000000000007,120.00000000000037,A:LOWER:-1:-5,A:LOWER:-2:-4,A:LOWER:-4:-4,UNASSESSED
ANGLE_0042,N|ANNULUS_INTERIOR,B|ANNULUS_INTERIOR,N|ANNULUS_INTERIOR,138,119.99999999999918,120.0,120.0000000000006,A:LOWER:-10:-2,A:LOWER:-11:-1,A:LOWER:-10:0,UNASSESSED
ANGLE_0043,N|ANNULUS_INTERIOR,B|ANNULUS_INTERIOR,N|ANNULUS_OUTER_BOUNDARY,48,119.99999999999918,120.0,120.00000000000055,A:LOWER:-10:-4,A:LOWER:-11:-5,A:LOWER:-10:-6,UNASSESSED
ANGLE_0044,N|ANNULUS_INTERIOR,B|ANNULUS_OUTER_BOUNDARY,N|ANNULUS_INTERIOR,18,119.99999999999963,120.00000000000003,120.00000000000037,A:LOWER:-13:-1,A:LOWER:-14:-2,A:LOWER:-13:-3,UNASSESSED
ANGLE_0045,N|ANNULUS_INTERIOR,B|ANNULUS_OUTER_BOUNDARY,N|ANNULUS_OUTER_BOUNDARY,12,119.99999999999962,119.99999999999993,120.00000000000063,A:LOWER:-13:-3,A:LOWER:-14:-4,A:LOWER:-13:-5,UNASSESSED
ANGLE_0046,N|ANNULUS_OUTER_BOUNDARY,B|ANNULUS_INTERIOR,N|ANNULUS_OUTER_BOUNDARY,24,119.99999999999962,120.00000000000004,120.0000000000006,A:LOWER:-10:-6,A:LOWER:-11:-5,A:LOWER:-13:-5,UNASSESSED
ANGLE_0047,N|HEXAGONAL_EDGE_COMPLETION_SEED,B|PARENT_HBN,N|HEXAGONAL_EDGE_COMPLETION_SEED,30,118.2724541303968,118.60206901723494,118.82327927026965,S:1686,P:0,S:1687,UNASSESSED
ANGLE_0048,N|HEXAGONAL_EDGE_COMPLETION_SEED,B|PARENT_HBN,N|PARENT_HBN,60,119.72498445884702,120.16311997546258,120.44386024006194,P:1,P:0,S:1686,UNASSESSED
ANGLE_0049,N|PARENT_HBN,B|HEXAGONAL_EDGE_COMPLETION_SEED,N|PARENT_HBN,30,119.11227951987678,119.67376004907501,120.55003108230531,P:1641,S:1710,P:1643,UNASSESSED
ANGLE_0050,N|PARENT_HBN,B|PARENT_HBN,N|PARENT_HBN,2430,119.21410926648942,119.90929366292187,120.39491472623682,P:101,P:100,P:41,UNASSESSED
